StartDate,EndDate,Status,IPAddress,Progress,Duration_in_seconds,Finished,RecordedDate,ResponseId,LocationLatitude,LocationLongitude,DistributionChannel,UserLanguage,idc,drawnQn,drawnQl,queryString,flips,nMasks,dMask,dComplex_Qn,dComplex_Ql,dComplex_Where,focus,bslnA1,bslnA2,bslnA3,bslnB,cntrQ,dComplex_focus,info_focus_dComplex_dMask,info_dComplex_dMask,prolificId,trustB,t,answerA1,diffA1,log_diffA1,answerA2,diffA2,log_diffA2,answerA3,diffA3,log_diffA3,answerB,correctB,trustA1,trustA2,trustA3,uniqueCntrQuestion
"15/11/2021 03:19","15/11/2021 04:00","IP Address","68.48.149.184","100","2471","True","15/11/2021 04:00","R_pgYt2Q9MKcDDhRv","43.01010132","-85.75930023","anonymous","EN",63,"engine temperature","gps on","wiper on gte 1","h1v1",9,"hard","E","E","M","WHAT_Qn",15.84,15.52,20.05,1,19,"E","WHAT_Qn_E_H","E_H","5c86c0b48963590017515341","2","202.411","70",-54.16,5.76248170331897,"68",-52.480000000000004,5.717128026199244,"15",5.050000000000001,2.371558862611963,"Disagree",0,"1","1","2",0
"15/11/2021 03:19","15/11/2021 04:00","IP Address","68.48.149.184","100","2471","True","15/11/2021 04:00","R_pgYt2Q9MKcDDhRv","43.01010132","-85.75930023","anonymous","EN",61,"electricity consumption","gps on","wiper on gte 1","h1v1",6,"medium","M","E","M","WHAT_Ql",9.86,54.18,17.5,-1,40,"E","WHAT_Ql_E_M","E_M","5c86c0b48963590017515341","0","171.263","47",-37.14,5.2197493545467255,"55",-0.8200000000000003,-0.08161376555365162,"27",-9.5,3.2667865406949015,"Neither agree nor disagree",0,"1","1","1",1
"15/11/2021 03:19","15/11/2021 04:00","IP Address","68.48.149.184","100","2471","True","15/11/2021 04:00","R_pgYt2Q9MKcDDhRv","43.01010132","-85.75930023","anonymous","EN",41,"engine temperature","radio on","wiper on gte 1","h1v1",6,"medium","H","E","M","WHAT_Ql",1.15,3.7,23.84,1,43,"E","WHAT_Ql_E_M","E_M","5c86c0b48963590017515341","1","212.85","73",-71.85,6.169423978676072,"73",-69.3,6.117383366931484,"17",6.84,2.800123352826528,"Disagree",0,"1","1","1",2
"15/11/2021 03:19","15/11/2021 04:00","IP Address","68.48.149.184","100","2471","True","15/11/2021 04:00","R_pgYt2Q9MKcDDhRv","43.01010132","-85.75930023","anonymous","EN",64,"engine temperature","gps on","wiper on gte 1","h1v1",3,"easy","E","E","H","WHAT_Ql",5.69,18.69,43.69,1,29,"E","WHAT_Ql_E_E","E_E","5c86c0b48963590017515341","3","291.346","4",1.6900000000000004,0.8599695482210263,"17",1.6900000000000013,0.859969548221027,"34",9.689999999999998,3.294988267691446,"Agree",1,"3","2","2",3
"15/11/2021 03:19","15/11/2021 04:00","IP Address","68.48.149.184","100","2471","True","15/11/2021 04:00","R_pgYt2Q9MKcDDhRv","43.01010132","-85.75930023","anonymous","EN",72,"fuel consumption","gps on","wiper on gte 1","h1v1",3,"easy","E","M","H","WHAT_Qn",84.11,77.48,28.42,1,5,"E","WHAT_Qn_E_E","E_E","5c86c0b48963590017515341","3","129.579","4",80.11,6.326159799292583,"21",56.480000000000004,5.822857588873969,"37",-8.579999999999998,3.1218442978763763,"Disagree",0,"2","1","1",4
"15/11/2021 03:19","15/11/2021 04:00","IP Address","68.48.149.184","100","2471","True","15/11/2021 04:00","R_pgYt2Q9MKcDDhRv","43.01010132","-85.75930023","anonymous","EN",34,"suspension force","gps on","wiper on gte 1","h1v1",9,"hard","E","H","H","WHAT_Qn",28.69,27.34,28.48,1,26,"E","WHAT_Qn_E_H","E_H","5c86c0b48963590017515341","2","279.554","34",-5.309999999999999,2.442280035252584,"87",-59.66,5.9017116538898815,"35",-6.52,2.7322691995014496,"Disagree",0,"3","2","3",5
"15/11/2021 03:19","15/11/2021 04:00","IP Address","68.48.149.184","100","2471","True","15/11/2021 04:00","R_pgYt2Q9MKcDDhRv","43.01010132","-85.75930023","anonymous","EN",69,"engine temperature","radio on","wiper on gte 1","h1v1",3,"easy","M","E","E","WHAT_Ql",13.16,15.02,41.56,-1,30,"E","WHAT_Ql_E_E","E_E","5c86c0b48963590017515341","1","133.499","40",-26.84,4.753016128735835,"30",-14.98,3.916954278953216,"35",6.560000000000002,2.7409275603186285,"Neither agree nor disagree",0,"1","0","1",6
"15/11/2021 03:19","15/11/2021 04:00","IP Address","68.48.149.184","100","2471","True","15/11/2021 04:00","R_pgYt2Q9MKcDDhRv","43.01010132","-85.75930023","anonymous","EN",29,"engine temperature","radio on","wiper on gte 1","h1v1",3,"easy","E","H","E","WHAT_Qn",32.22,34.69,37.7,1,6,"E","WHAT_Qn_E_E","E_E","5c86c0b48963590017515341","2","163.182","10",22.22,4.481880139620285,"25",9.689999999999998,3.294988267691446,"20",17.700000000000003,4.155830171556526,"Neither agree nor disagree",0,"2","0","1",7
"15/11/2021 03:19","15/11/2021 04:00","IP Address","68.48.149.184","100","2471","True","15/11/2021 04:00","R_pgYt2Q9MKcDDhRv","43.01010132","-85.75930023","anonymous","EN",1,"electricity consumption","gps on","wiper on gte 1","h1v1",6,"medium","E","E","E","WHAT_Ql",23.83,78.73,29.2,-1,45,"E","WHAT_Ql_E_M","E_M","5c86c0b48963590017515341","1","349.966","25",-1.1700000000000017,0.3729520979118311,"20",58.730000000000004,5.87909307886454,"30",-0.8000000000000007,-0.11247472925841145,"Neither agree nor disagree",0,"1","1","2",8
"15/11/2021 04:19","15/11/2021 04:35","IP Address","31.51.140.227","100","946","True","15/11/2021 04:35","R_2zdMWAKrP7ECpUn","51.61149597","-0.249603271","anonymous","EN",63,"engine temperature","gps on","wiper on gte 1","h1v1",6,"medium","E","E","M","WHAT_Qn",14.99,15.52,37.12,1,10,"E","WHAT_Qn_E_M","E_M","5e64bee9765e8a23c773b7da","2","49.418","50",-35.01,5.134836993449116,"50",-34.480000000000004,5.112908599629415,"21",16.119999999999997,4.021923838554758,"Disagree",0,"2","2","2",9
"15/11/2021 04:19","15/11/2021 04:35","IP Address","31.51.140.227","100","946","True","15/11/2021 04:35","R_2zdMWAKrP7ECpUn","51.61149597","-0.249603271","anonymous","EN",32,"suspension force","radio on","wiper on gte 1","h1v1",9,"hard","E","M","M","WHAT_Qn",43.17,34.69,25.22,-1,22,"E","WHAT_Qn_E_H","E_H","5e64bee9765e8a23c773b7da","1","55.067","35",8.170000000000002,3.052241981181139,"53",-18.310000000000002,4.2043755113190935,"30",-4.780000000000001,2.2942531364445142,"Neither agree nor disagree",0,"0","1","1",10
"15/11/2021 04:19","15/11/2021 04:35","IP Address","31.51.140.227","100","946","True","15/11/2021 04:35","R_2zdMWAKrP7ECpUn","51.61149597","-0.249603271","anonymous","EN",41,"engine temperature","radio on","wiper on gte 1","h1v1",3,"easy","H","E","M","WHAT_Ql",1.15,3.7,56.48,1,34,"E","WHAT_Ql_E_E","E_E","5e64bee9765e8a23c773b7da","2","56.287","62",-60.85,5.930145947908821,"86",-82.3,6.365010076783025,"18",38.48,5.270715807874262,"Disagree",0,"1","1","2",11
"15/11/2021 04:19","15/11/2021 04:35","IP Address","31.51.140.227","100","946","True","15/11/2021 04:35","R_2zdMWAKrP7ECpUn","51.61149597","-0.249603271","anonymous","EN",64,"engine temperature","gps on","wiper on gte 1","h1v1",3,"easy","E","E","H","WHAT_Qn",27.17,24.93,30.9,1,2,"E","WHAT_Qn_E_E","E_E","5e64bee9765e8a23c773b7da","2","54.8","69",-41.83,5.390770849422623,"24",0.9299999999999997,0.07724299893246005,"41",-10.100000000000001,3.3540289380543866,"Neither agree nor disagree",0,"1","1","2",12
"15/11/2021 04:19","15/11/2021 04:35","IP Address","31.51.140.227","100","946","True","15/11/2021 04:35","R_2zdMWAKrP7ECpUn","51.61149597","-0.249603271","anonymous","EN",38,"electricity consumption","wiper on","gps on gte 1","h1v1",3,"easy","M","E","H","WHAT_Ql",3.7,15.47,52.42,1,32,"E","WHAT_Ql_E_E","E_E","5e64bee9765e8a23c773b7da","1","197.707","77",-73.3,6.198199455437488,"71",-55.53,5.798439398827793,"17",35.42,5.151574729766406,"Agree",1,"1","1","1",13
"15/11/2021 04:19","15/11/2021 04:35","IP Address","31.51.140.227","100","946","True","15/11/2021 04:35","R_2zdMWAKrP7ECpUn","51.61149597","-0.249603271","anonymous","EN",34,"suspension force","gps on","wiper on gte 1","h1v1",6,"medium","E","H","H","WHAT_Qn",28.04,27.34,10.83,1,17,"E","WHAT_Qn_E_M","E_M","5e64bee9765e8a23c773b7da","2","128.455","40",-11.96,3.595145567990858,"81",-53.66,5.749131973190411,"30",-19.17,4.27015513876653,"Disagree",0,"3","3","3",14
"15/11/2021 04:19","15/11/2021 04:35","IP Address","31.51.140.227","100","946","True","15/11/2021 04:35","R_2zdMWAKrP7ECpUn","51.61149597","-0.249603271","anonymous","EN",68,"fuel consumption","gps on","wiper on gte 1","h1v1",9,"hard","E","M","E","WHAT_Qn",43.21,43.35,24.42,-1,21,"E","WHAT_Qn_E_H","E_H","5e64bee9765e8a23c773b7da","3","50.149","13",30.21,4.922911406258192,"8",35.35,5.148730779173189,"14",10.420000000000002,3.398487190018967,"Agree",0,"1","1","2",15
"15/11/2021 04:19","15/11/2021 04:35","IP Address","31.51.140.227","100","946","True","15/11/2021 04:35","R_2zdMWAKrP7ECpUn","51.61149597","-0.249603271","anonymous","EN",29,"engine temperature","radio on","wiper on gte 1","h1v1",5,"medium","E","H","E","WHAT_Qn",34.1,34.69,47.59,1,15,"E","WHAT_Qn_E_M","E_M","5e64bee9765e8a23c773b7da","1","58.856","6",28.1,4.8189016758856384,"11",23.689999999999998,4.573798643589297,"40",7.590000000000003,2.9476661567960107,"Neither agree nor disagree",0,"1","1","1",16
"15/11/2021 04:19","15/11/2021 04:35","IP Address","31.51.140.227","100","946","True","15/11/2021 04:35","R_2zdMWAKrP7ECpUn","51.61149597","-0.249603271","anonymous","EN",1,"electricity consumption","gps on","wiper on gte 1","h1v1",3,"easy","E","E","E","WHAT_Ql",12.85,78.73,34.11,-1,36,"E","WHAT_Ql_E_E","E_E","5e64bee9765e8a23c773b7da","1","52.487","10",2.8499999999999996,1.572889668420581,"10",68.73,6.105489516325161,"34",0.10999999999999943,-2.0892673380970908,"Agree",0,"1","1","1",17
"15/11/2021 04:18","15/11/2021 04:40","IP Address","86.4.224.122","100","1320","True","15/11/2021 04:40","R_3D6zIPM3ZLUl4wa","54.96629333","-1.609298706","anonymous","EN",63,"engine temperature","gps on","wiper on gte 1","h1v1",3,"easy","E","E","M","WHAT_Qn",19.71,15.52,16.76,-1,1,"E","WHAT_Qn_E_E","E_E","60ae419bf2ddcd95e75f1898","3","117.79","58",-38.29,5.2635978485439,"45",-29.48,4.887768948647899,"33",-16.24,4.032541697270038,"Neither agree nor disagree",0,"3","1","3",18
"15/11/2021 04:18","15/11/2021 04:40","IP Address","86.4.224.122","100","1320","True","15/11/2021 04:40","R_3D6zIPM3ZLUl4wa","54.96629333","-1.609298706","anonymous","EN",61,"electricity consumption","gps on","wiper on gte 1","h1v1",3,"easy","M","E","M","WHAT_Ql",15.45,54.18,21.41,1,31,"E","WHAT_Ql_E_E","E_E","60ae419bf2ddcd95e75f1898","3","112.176","50",-34.55,5.11582397743624,"37",17.18,4.113117036390723,"23",-1.5899999999999999,0.7782085763980875,"Agree",1,"3","2","3",19
"15/11/2021 04:18","15/11/2021 04:40","IP Address","86.4.224.122","100","1320","True","15/11/2021 04:40","R_3D6zIPM3ZLUl4wa","54.96629333","-1.609298706","anonymous","EN",54,"suspension force","radio on","wiper on gte 1","h1v1",3,"easy","E","H","M","WHAT_Qn",59.27,56.13,52.75,-1,7,"E","WHAT_Qn_E_E","E_E","60ae419bf2ddcd95e75f1898","2","55.548","37",22.270000000000003,4.485104761080973,"44",12.130000000000003,3.6152985790921153,"10",42.75,5.422064766172812,"Disagree",1,"2","1","3",20
"15/11/2021 04:18","15/11/2021 04:40","IP Address","86.4.224.122","100","1320","True","15/11/2021 04:40","R_3D6zIPM3ZLUl4wa","54.96629333","-1.609298706","anonymous","EN",64,"engine temperature","gps on","wiper on gte 1","h1v1",5,"medium","E","E","H","WHAT_Ql",0,18.69,11.78,1,38,"E","WHAT_Ql_E_M","E_M","60ae419bf2ddcd95e75f1898","4","106.924","5",-5,2.357552004618084,"34",-15.309999999999999,3.9481335778404,"22",-10.22,3.3708617400852847,"Agree",1,"4","4","2",21
"15/11/2021 04:18","15/11/2021 04:40","IP Address","86.4.224.122","100","1320","True","15/11/2021 04:40","R_3D6zIPM3ZLUl4wa","54.96629333","-1.609298706","anonymous","EN",38,"electricity consumption","wiper on","gps on gte 1","h1v1",6,"medium","M","E","H","WHAT_Ql",4.47,15.47,28,-1,41,"E","WHAT_Ql_E_M","E_M","60ae419bf2ddcd95e75f1898","4","164.342","34",-29.53,4.890203466675639,"85",-69.53,6.122155011479837,"33",-5,2.357552004618084,"Agree",0,"3","4","2",22
"15/11/2021 04:18","15/11/2021 04:40","IP Address","86.4.224.122","100","1320","True","15/11/2021 04:40","R_3D6zIPM3ZLUl4wa","54.96629333","-1.609298706","anonymous","EN",34,"suspension force","gps on","wiper on gte 1","h1v1",3,"easy","E","H","H","WHAT_Qn",18.77,27.34,20.12,1,8,"E","WHAT_Qn_E_E","E_E","60ae419bf2ddcd95e75f1898","3","99.927","15",3.7699999999999996,1.9616233282869444,"55",-27.66,4.796234335175764,"9",11.120000000000001,3.4912117560030924,"Neither agree nor disagree",0,"2","4","1",23
"15/11/2021 04:18","15/11/2021 04:40","IP Address","86.4.224.122","100","1320","True","15/11/2021 04:40","R_3D6zIPM3ZLUl4wa","54.96629333","-1.609298706","anonymous","EN",69,"engine temperature","radio on","wiper on gte 1","h1v1",6,"medium","M","E","E","WHAT_Ql",2.46,15.02,20.78,1,39,"E","WHAT_Ql_E_M","E_M","60ae419bf2ddcd95e75f1898","0","88.207","10",-7.54,2.938285791884053,"60",-44.980000000000004,5.495215463520434,"12",8.780000000000001,3.154615611326894,"Neither agree nor disagree",0,"2","2","0",24
"15/11/2021 04:18","15/11/2021 04:40","IP Address","86.4.224.122","100","1320","True","15/11/2021 04:40","R_3D6zIPM3ZLUl4wa","54.96629333","-1.609298706","anonymous","EN",4,"suspension force","gps on","wiper on gte 1","h1v1",3,"easy","H","E","E","WHAT_Ql",0,33.52,19.21,1,33,"E","WHAT_Ql_E_E","E_E","60ae419bf2ddcd95e75f1898","2","52.834","7",-7,2.8328900141647417,"36",-2.479999999999997,1.3812833725037819,"11",8.21,3.0591821992116923,"Disagree",0,"0","3","0",25
"15/11/2021 04:18","15/11/2021 04:40","IP Address","86.4.224.122","100","1320","True","15/11/2021 04:40","R_3D6zIPM3ZLUl4wa","54.96629333","-1.609298706","anonymous","EN",1,"electricity consumption","gps on","wiper on gte 1","h1v1",9,"hard","E","E","E","WHAT_Qn",48.96,42.6,34.84,-1,27,"E","WHAT_Qn_E_H","E_H","60ae419bf2ddcd95e75f1898","1","54.723","16",32.96,5.048105374442063,"34",8.600000000000001,3.1251551313222903,"24",10.840000000000003,3.454833906898869,"Agree",0,"1","0","2",26
"15/11/2021 04:31","15/11/2021 04:49","IP Address","81.109.109.110","100","1063","True","15/11/2021 04:49","R_PCiqOW03OuhyR1v","54.53959656","-5.975006104","anonymous","EN",63,"engine temperature","gps on","wiper on gte 1","h1v1",6,"medium","E","E","M","WHAT_Ql",14.89,84.16,14.89,1,37,"E","WHAT_Ql_E_M","E_M","5feaf2720b1a4463f881fc15","3","51.6","36",-21.11,4.408372203572677,"34",50.16,5.65205620360686,"48",-33.11,5.054631448782967,"Neither agree nor disagree",0,"3","3","3",27
"15/11/2021 04:31","15/11/2021 04:49","IP Address","81.109.109.110","100","1063","True","15/11/2021 04:49","R_PCiqOW03OuhyR1v","54.53959656","-5.975006104","anonymous","EN",32,"suspension force","radio on","wiper on gte 1","h1v1",3,"easy","E","M","M","WHAT_Qn",38.98,34.69,15.13,-1,4,"E","WHAT_Qn_E_E","E_E","5feaf2720b1a4463f881fc15","3","134.946","82",-43.02,5.431121472526426,"64",-29.310000000000002,4.879460722538024,"6",9.13,3.2102329900958493,"Disagree",1,"3","3","3",28
"15/11/2021 04:31","15/11/2021 04:49","IP Address","81.109.109.110","100","1063","True","15/11/2021 04:49","R_PCiqOW03OuhyR1v","54.53959656","-5.975006104","anonymous","EN",54,"suspension force","radio on","wiper on gte 1","h1v1",6,"medium","E","H","M","WHAT_Qn",60.36,56.13,23.62,1,16,"E","WHAT_Qn_E_M","E_M","5feaf2720b1a4463f881fc15","2","118.382","55",5.359999999999999,2.455491620628468,"60",-3.8699999999999974,1.9981955031532512,"25",-1.379999999999999,0.5897634869849764,"Disagree",0,"3","2","2",29
"15/11/2021 04:31","15/11/2021 04:49","IP Address","81.109.109.110","100","1063","True","15/11/2021 04:49","R_PCiqOW03OuhyR1v","54.53959656","-5.975006104","anonymous","EN",64,"engine temperature","gps on","wiper on gte 1","h1v1",6,"medium","E","E","H","WHAT_Qn",25.9,24.93,41.69,-1,11,"E","WHAT_Qn_E_M","E_M","5feaf2720b1a4463f881fc15","4","73.152","26",-0.10000000000000142,-2.1520030934450407,"77",-52.07,5.705839705883682,"26",15.689999999999998,3.9832216507426685,"Disagree",1,"4","4","4",30
"15/11/2021 04:31","15/11/2021 04:49","IP Address","81.109.109.110","100","1063","True","15/11/2021 04:49","R_PCiqOW03OuhyR1v","54.53959656","-5.975006104","anonymous","EN",72,"fuel consumption","gps on","wiper on gte 1","h1v1",6,"medium","E","M","H","WHAT_Qn",80.48,77.48,24.47,-1,14,"E","WHAT_Qn_E_M","E_M","5feaf2720b1a4463f881fc15","4","48.587","5",75.48,6.2404097425172305,"16",61.480000000000004,5.944975542925487,"17",7.469999999999999,2.9250499647273585,"Agree",0,"4","4","4",31
"15/11/2021 04:31","15/11/2021 04:49","IP Address","81.109.109.110","100","1063","True","15/11/2021 04:49","R_PCiqOW03OuhyR1v","54.53959656","-5.975006104","anonymous","EN",6,"suspension force","gps on","wiper on gte 1","h1v1",5,"medium","H","E","H","WHAT_Ql",23.98,51.6,32.97,1,44,"E","WHAT_Ql_E_M","E_M","5feaf2720b1a4463f881fc15","5","108.735","8",15.98,4.00943675560809,"23",28.6,4.844234987758751,"33",-0.030000000000001137,-2.689659879387839,"Disagree",0,"3","3","3",32
"15/11/2021 04:31","15/11/2021 04:49","IP Address","81.109.109.110","100","1063","True","15/11/2021 04:49","R_PCiqOW03OuhyR1v","54.53959656","-5.975006104","anonymous","EN",68,"fuel consumption","gps on","wiper on gte 1","h1v1",3,"easy","E","M","E","WHAT_Qn",42.89,43.35,46.53,1,3,"E","WHAT_Qn_E_E","E_E","5feaf2720b1a4463f881fc15","3","41.065","8",34.89,5.129901182365074,"40",3.3500000000000014,1.7970129778361457,"16",30.53,4.938050499534043,"Neither agree nor disagree",0,"3","3","3",33
"15/11/2021 04:31","15/11/2021 04:49","IP Address","81.109.109.110","100","1063","True","15/11/2021 04:49","R_PCiqOW03OuhyR1v","54.53959656","-5.975006104","anonymous","EN",29,"engine temperature","radio on","wiper on gte 1","h1v1",9,"hard","E","H","E","WHAT_Qn",32.38,34.69,24.06,-1,24,"E","WHAT_Qn_E_H","E_H","5feaf2720b1a4463f881fc15","3","63.532","17",15.380000000000003,3.9546616208378977,"45",-10.310000000000002,3.3833586953851107,"19",5.059999999999999,2.3743439890385005,"Agree",0,"3","3","3",34
"15/11/2021 04:31","15/11/2021 04:49","IP Address","81.109.109.110","100","1063","True","15/11/2021 04:49","R_PCiqOW03OuhyR1v","54.53959656","-5.975006104","anonymous","EN",1,"electricity consumption","gps on","wiper on gte 1","h1v1",6,"medium","E","E","E","WHAT_Qn",35.07,42.6,25.15,1,18,"E","WHAT_Qn_E_M","E_M","5feaf2720b1a4463f881fc15","2","88.085","10",25.07,4.655065551195028,"40",2.6000000000000014,1.4462562298895647,"19",6.149999999999999,2.6496154590634093,"Neither agree nor disagree",0,"4","3","3",35
"15/11/2021 04:37","15/11/2021 04:55","IP Address","86.40.64.126","100","1124","True","15/11/2021 04:55","R_3elRaDvilQnNJtU","53.3381958","-6.259094238","anonymous","EN",63,"engine temperature","gps on","wiper on gte 1","h1v1",3,"easy","E","E","M","WHAT_Ql",37.11,84.16,37.11,1,28,"E","WHAT_Ql_E_E","E_E","60e7566a73b40e5048595605","3","95.425","50",-12.89,3.7021034066293876,"60",24.159999999999997,4.601993581248998,"26",11.11,3.4899282194051824,"Agree",1,"3","3","4",36
"15/11/2021 04:37","15/11/2021 04:55","IP Address","86.40.64.126","100","1124","True","15/11/2021 04:55","R_3elRaDvilQnNJtU","53.3381958","-6.259094238","anonymous","EN",32,"suspension force","radio on","wiper on gte 1","h1v1",6,"medium","E","M","M","WHAT_Qn",37.51,34.69,36.49,1,13,"E","WHAT_Qn_E_M","E_M","60e7566a73b40e5048595605","3","70.128","50",-12.490000000000002,3.657068301201576,"75",-40.31,5.337532706342482,"11",25.490000000000002,4.678916986679839,"Disagree",0,"3","4","3",37
"15/11/2021 04:37","15/11/2021 04:55","IP Address","86.40.64.126","100","1124","True","15/11/2021 04:55","R_3elRaDvilQnNJtU","53.3381958","-6.259094238","anonymous","EN",54,"suspension force","radio on","wiper on gte 1","h1v1",9,"hard","E","H","M","WHAT_Qn",59.54,56.13,22.97,1,25,"E","WHAT_Qn_E_H","E_H","60e7566a73b40e5048595605","3","202.96","51",8.54,3.115199749385445,"65",-8.869999999999997,3.169123281476757,"60",-37.03,5.215484464192794,"Agree",1,"3","3","3",38
"15/11/2021 04:37","15/11/2021 04:55","IP Address","86.40.64.126","100","1124","True","15/11/2021 04:55","R_3elRaDvilQnNJtU","53.3381958","-6.259094238","anonymous","EN",64,"engine temperature","gps on","wiper on gte 1","h1v1",9,"hard","E","E","H","WHAT_Qn",26.92,24.93,16.61,-1,20,"E","WHAT_Qn_E_H","E_H","60e7566a73b40e5048595605","3","77.688","63",-36.08,5.178117045706399,"65",-40.07,5.328944145449754,"64",-47.39,5.570311124318805,"Neither agree nor disagree",0,"3","3","3",39
"15/11/2021 04:37","15/11/2021 04:55","IP Address","86.40.64.126","100","1124","True","15/11/2021 04:55","R_3elRaDvilQnNJtU","53.3381958","-6.259094238","anonymous","EN",72,"fuel consumption","gps on","wiper on gte 1","h1v1",9,"hard","E","M","H","WHAT_Qn",73.06,77.48,27.36,1,23,"E","WHAT_Qn_E_H","E_H","60e7566a73b40e5048595605","3","62.987","51",22.060000000000002,4.4715126480455,"70",7.480000000000004,2.9269482479497726,"50",-22.64,4.5087455542444745,"Disagree",0,"3","3","3",40
"15/11/2021 04:37","15/11/2021 04:55","IP Address","86.40.64.126","100","1124","True","15/11/2021 04:55","R_3elRaDvilQnNJtU","53.3381958","-6.259094238","anonymous","EN",6,"suspension force","gps on","wiper on gte 1","h1v1",3,"easy","H","E","H","WHAT_Ql",12.84,51.6,22.26,-1,35,"E","WHAT_Ql_E_E","E_E","60e7566a73b40e5048595605","4","75.722","23",-10.16,3.3624698887502094,"23",28.6,4.844234987758751,"25",-2.7399999999999984,1.5185351389821793,"Agree",0,"3","3","3",41
"15/11/2021 04:37","15/11/2021 04:55","IP Address","86.40.64.126","100","1124","True","15/11/2021 04:55","R_3elRaDvilQnNJtU","53.3381958","-6.259094238","anonymous","EN",68,"fuel consumption","gps on","wiper on gte 1","h1v1",6,"medium","E","M","E","WHAT_Qn",46.22,43.35,37.62,1,12,"E","WHAT_Qn_E_M","E_M","60e7566a73b40e5048595605","3","50.527","10",36.22,5.1836850003977775,"10",33.35,5.0650121504369485,"15",22.619999999999997,4.50747752951693,"Neither agree nor disagree",0,"3","1","3",42
"15/11/2021 04:37","15/11/2021 04:55","IP Address","86.40.64.126","100","1124","True","15/11/2021 04:55","R_3elRaDvilQnNJtU","53.3381958","-6.259094238","anonymous","EN",4,"suspension force","gps on","wiper on gte 1","h1v1",6,"medium","H","E","E","WHAT_Ql",9.8,33.52,14.9,-1,42,"E","WHAT_Ql_E_M","E_M","60e7566a73b40e5048595605","3","53.221","13",-3.1999999999999993,1.733354340613827,"32",1.5200000000000031,0.7180875839605195,"33",-18.1,4.187846909439575,"Neither agree nor disagree",0,"3","3","3",43
"15/11/2021 04:37","15/11/2021 04:55","IP Address","86.40.64.126","100","1124","True","15/11/2021 04:55","R_3elRaDvilQnNJtU","53.3381958","-6.259094238","anonymous","EN",1,"electricity consumption","gps on","wiper on gte 1","h1v1",3,"easy","E","E","E","WHAT_Qn",32.5,42.6,24.24,1,9,"E","WHAT_Qn_E_E","E_E","60e7566a73b40e5048595605","3","112.746","55",-22.5,4.499845887083206,"50",-7.399999999999999,2.9116915818723395,"7",17.24,4.118110505607367,"Neither agree nor disagree",0,"3","3","4",44
"15/11/2021 04:38","15/11/2021 05:10","IP Address","197.90.171.56","100","1905","True","15/11/2021 05:10","R_z1qjtxG78u44aid","-26.38110352","27.83760071","anonymous","EN",63,"engine temperature","gps on","wiper on gte 1","h1v1",6,"medium","E","E","M","WHAT_Qn",14.99,15.52,37.12,1,10,"E","WHAT_Qn_E_M","E_M","6091239986d0f3ee42bb4342","5","96.354","33",-18.009999999999998,4.180704840195554,"51",-35.480000000000004,5.154007947559024,"34",3.1199999999999974,1.6982184782244127,"Neither agree nor disagree",0,"5","4","3",45
"15/11/2021 04:38","15/11/2021 05:10","IP Address","197.90.171.56","100","1905","True","15/11/2021 05:10","R_z1qjtxG78u44aid","-26.38110352","27.83760071","anonymous","EN",32,"suspension force","radio on","wiper on gte 1","h1v1",9,"hard","E","M","M","WHAT_Qn",43.17,34.69,25.22,-1,22,"E","WHAT_Qn_E_H","E_H","6091239986d0f3ee42bb4342","3","112.629","40",3.1700000000000017,1.7202784652333278,"35",-0.3100000000000023,-1.2009126939259889,"30",-4.780000000000001,2.2942531364445142,"Disagree",1,"4","3","4",46
"15/11/2021 04:38","15/11/2021 05:10","IP Address","197.90.171.56","100","1905","True","15/11/2021 05:10","R_z1qjtxG78u44aid","-26.38110352","27.83760071","anonymous","EN",54,"suspension force","radio on","wiper on gte 1","h1v1",6,"medium","E","H","M","WHAT_Qn",60.36,56.13,23.62,1,16,"E","WHAT_Qn_E_M","E_M","6091239986d0f3ee42bb4342","4","117.155","11",49.36,5.628919373511362,"25",31.130000000000003,4.966015097404102,"18",5.620000000000001,2.5223068928713888,"Agree",1,"3","4","3",47
"15/11/2021 04:38","15/11/2021 05:10","IP Address","197.90.171.56","100","1905","True","15/11/2021 05:10","R_z1qjtxG78u44aid","-26.38110352","27.83760071","anonymous","EN",64,"engine temperature","gps on","wiper on gte 1","h1v1",3,"easy","E","E","H","WHAT_Qn",27.17,24.93,30.9,1,2,"E","WHAT_Qn_E_E","E_E","6091239986d0f3ee42bb4342","5","118.885","31",-3.8299999999999983,1.9836776946980665,"24",0.9299999999999997,0.07724299893246005,"31",-0.10000000000000142,-2.1520030934450407,"Agree",1,"2","3","4",48
"15/11/2021 04:38","15/11/2021 05:10","IP Address","197.90.171.56","100","1905","True","15/11/2021 05:10","R_z1qjtxG78u44aid","-26.38110352","27.83760071","anonymous","EN",72,"fuel consumption","gps on","wiper on gte 1","h1v1",6,"medium","E","M","H","WHAT_Qn",80.48,77.48,24.47,-1,14,"E","WHAT_Qn_E_M","E_M","6091239986d0f3ee42bb4342","3","92.989","29",51.480000000000004,5.68943894979436,"27",50.480000000000004,5.6612080315624995,"27",-2.530000000000001,1.4087118610294296,"Neither agree nor disagree",0,"5","4","3",49
"15/11/2021 04:38","15/11/2021 05:10","IP Address","197.90.171.56","100","1905","True","15/11/2021 05:10","R_z1qjtxG78u44aid","-26.38110352","27.83760071","anonymous","EN",6,"suspension force","gps on","wiper on gte 1","h1v1",3,"easy","H","E","H","WHAT_Ql",12.84,51.6,22.26,-1,35,"E","WHAT_Ql_E_E","E_E","6091239986d0f3ee42bb4342","4","105.726","30",-17.16,4.111448698487674,"16",35.6,5.1588621062084545,"17",5.260000000000002,2.4289463447694835,"Agree",0,"4","4","4",50
"15/11/2021 04:38","15/11/2021 05:10","IP Address","197.90.171.56","100","1905","True","15/11/2021 05:10","R_z1qjtxG78u44aid","-26.38110352","27.83760071","anonymous","EN",68,"fuel consumption","gps on","wiper on gte 1","h1v1",3,"easy","E","M","E","WHAT_Qn",42.89,43.35,46.53,1,3,"E","WHAT_Qn_E_E","E_E","6091239986d0f3ee42bb4342","3","128.637","14",28.89,4.85872702377863,"8",35.35,5.148730779173189,"40",6.530000000000001,2.734438666137167,"Neither agree nor disagree",0,"3","5","3",51
"15/11/2021 04:38","15/11/2021 05:10","IP Address","197.90.171.56","100","1905","True","15/11/2021 05:10","R_z1qjtxG78u44aid","-26.38110352","27.83760071","anonymous","EN",29,"engine temperature","radio on","wiper on gte 1","h1v1",3,"easy","E","H","E","WHAT_Qn",32.22,34.69,37.7,1,6,"E","WHAT_Qn_E_E","E_E","6091239986d0f3ee42bb4342","4","75.025","11",21.22,4.415826257472914,"8",26.689999999999998,4.744968348248875,"7",30.700000000000003,4.946028989515477,"Disagree",0,"4","3","4",52
"15/11/2021 04:38","15/11/2021 05:10","IP Address","197.90.171.56","100","1905","True","15/11/2021 05:10","R_z1qjtxG78u44aid","-26.38110352","27.83760071","anonymous","EN",1,"electricity consumption","gps on","wiper on gte 1","h1v1",9,"hard","E","E","E","WHAT_Qn",48.96,42.6,34.84,-1,27,"E","WHAT_Qn_E_H","E_H","6091239986d0f3ee42bb4342","3","93.932","8",40.96,5.36053986165181,"8",34.6,5.11790278909403,"38",-3.1599999999999966,1.7158933705476034,"Agree",0,"3","4","3",53
"15/11/2021 04:50","15/11/2021 05:11","IP Address","197.228.220.128","100","1279","True","15/11/2021 05:11","R_3Ibfdqw0O0UZoE7","-26.38110352","27.83760071","anonymous","EN",63,"engine temperature","gps on","wiper on gte 1","h1v1",6,"medium","E","E","M","WHAT_Ql",14.89,84.16,14.89,1,37,"E","WHAT_Ql_E_M","E_M","60c1ba7f781d5b45dbf720d4","4","135.482","36",-21.11,4.408372203572677,"48",36.16,5.181301364926356,"25",-10.11,3.355439197248686,"Disagree",0,"3","3","4",54
"15/11/2021 04:50","15/11/2021 05:11","IP Address","197.228.220.128","100","1279","True","15/11/2021 05:11","R_3Ibfdqw0O0UZoE7","-26.38110352","27.83760071","anonymous","EN",61,"electricity consumption","gps on","wiper on gte 1","h1v1",3,"easy","M","E","M","WHAT_Ql",15.45,54.18,21.41,1,31,"E","WHAT_Ql_E_E","E_E","60c1ba7f781d5b45dbf720d4","2","64.28","40",-24.55,4.624978179569036,"38",16.18,4.02724253597374,"26",-4.59,2.237257770900372,"Disagree",0,"3","3","4",55
"15/11/2021 04:50","15/11/2021 05:11","IP Address","197.228.220.128","100","1279","True","15/11/2021 05:11","R_3Ibfdqw0O0UZoE7","-26.38110352","27.83760071","anonymous","EN",54,"suspension force","radio on","wiper on gte 1","h1v1",9,"hard","E","H","M","WHAT_Qn",59.54,56.13,22.97,1,25,"E","WHAT_Qn_E_H","E_H","60c1ba7f781d5b45dbf720d4","2","110.654","65",-5.460000000000001,2.48155728070859,"54",2.1300000000000026,1.1731274334806578,"47",-24.03,4.594249947657352,"Agree",1,"4","3","4",56
"15/11/2021 04:50","15/11/2021 05:11","IP Address","197.228.220.128","100","1279","True","15/11/2021 05:11","R_3Ibfdqw0O0UZoE7","-26.38110352","27.83760071","anonymous","EN",64,"engine temperature","gps on","wiper on gte 1","h1v1",9,"hard","E","E","H","WHAT_Qn",26.92,24.93,16.61,-1,20,"E","WHAT_Qn_E_H","E_H","60c1ba7f781d5b45dbf720d4","2","113.376","7",19.92,4.325170512376046,"9",15.93,4.004950759951045,"46",-29.39,4.883376436672842,"Agree",0,"4","4","4",57
"15/11/2021 04:50","15/11/2021 05:11","IP Address","197.228.220.128","100","1279","True","15/11/2021 05:11","R_3Ibfdqw0O0UZoE7","-26.38110352","27.83760071","anonymous","EN",72,"fuel consumption","gps on","wiper on gte 1","h1v1",9,"hard","E","M","H","WHAT_Qn",73.06,77.48,27.36,1,23,"E","WHAT_Qn_E_H","E_H","60c1ba7f781d5b45dbf720d4","2","169.081","26",47.06,5.560256398013272,"75",2.480000000000004,1.3812833725037856,"31",-3.6400000000000006,1.9126498648972037,"Agree",1,"4","4","4",58
"15/11/2021 04:50","15/11/2021 05:11","IP Address","197.228.220.128","100","1279","True","15/11/2021 05:11","R_3Ibfdqw0O0UZoE7","-26.38110352","27.83760071","anonymous","EN",6,"suspension force","gps on","wiper on gte 1","h1v1",5,"medium","H","E","H","WHAT_Ql",23.98,51.6,32.97,1,44,"E","WHAT_Ql_E_M","E_M","60c1ba7f781d5b45dbf720d4","3","154.584","5",18.98,4.255878352582786,"21",30.6,4.941341105485299,"33",-0.030000000000001137,-2.689659879387839,"Disagree",0,"4","4","3",59
"15/11/2021 04:50","15/11/2021 05:11","IP Address","197.228.220.128","100","1279","True","15/11/2021 05:11","R_3Ibfdqw0O0UZoE7","-26.38110352","27.83760071","anonymous","EN",69,"engine temperature","radio on","wiper on gte 1","h1v1",3,"easy","M","E","E","WHAT_Ql",13.16,15.02,41.56,-1,30,"E","WHAT_Ql_E_E","E_E","60c1ba7f781d5b45dbf720d4","2","46.234","25",-11.84,3.5807484917637744,"49",-33.980000000000004,5.091911357491912,"26",15.560000000000002,3.9713136240688782,"Agree",0,"1","1","2",60
"15/11/2021 04:50","15/11/2021 05:11","IP Address","197.228.220.128","100","1279","True","15/11/2021 05:11","R_3Ibfdqw0O0UZoE7","-26.38110352","27.83760071","anonymous","EN",29,"engine temperature","radio on","wiper on gte 1","h1v1",9,"hard","E","H","E","WHAT_Qn",32.38,34.69,24.06,-1,24,"E","WHAT_Qn_E_H","E_H","60c1ba7f781d5b45dbf720d4","2","79.727","46",-13.619999999999997,3.7808350017382284,"79",-44.31,5.4736245830582595,"33",-8.940000000000001,3.1803070199694337,"Disagree",1,"2","1","3",61
"15/11/2021 04:50","15/11/2021 05:11","IP Address","197.228.220.128","100","1279","True","15/11/2021 05:11","R_3Ibfdqw0O0UZoE7","-26.38110352","27.83760071","anonymous","EN",1,"electricity consumption","gps on","wiper on gte 1","h1v1",3,"easy","E","E","E","WHAT_Ql",12.85,78.73,34.11,-1,36,"E","WHAT_Ql_E_E","E_E","60c1ba7f781d5b45dbf720d4","2","54.293","29",-16.15,4.024585638278273,"42",36.730000000000004,5.203788453308596,"25",9.11,3.2071119612077132,"Neither agree nor disagree",0,"2","1","3",62
"15/11/2021 05:09","15/11/2021 05:40","IP Address","81.178.156.178","100","1886","True","15/11/2021 05:40","R_3jZEffad1Ie287Y","53.43460083","-2.908905029","anonymous","EN",63,"engine temperature","gps on","wiper on gte 1","h1v1",3,"easy","E","E","M","WHAT_Qn",19.71,15.52,16.76,-1,1,"E","WHAT_Qn_E_E","E_E","59d32249f7b7a000011982bc","5","144.26","50",-30.29,4.92671109909728,"50",-34.480000000000004,5.112908599629415,"30",-13.239999999999998,3.7403879324683533,"Disagree",1,"3","3","4",63
"15/11/2021 05:09","15/11/2021 05:40","IP Address","81.178.156.178","100","1886","True","15/11/2021 05:40","R_3jZEffad1Ie287Y","53.43460083","-2.908905029","anonymous","EN",61,"electricity consumption","gps on","wiper on gte 1","h1v1",6,"medium","M","E","M","WHAT_Ql",9.86,54.18,17.5,-1,40,"E","WHAT_Ql_E_M","E_M","59d32249f7b7a000011982bc","5","100.855","50",-40.14,5.331454428282007,"55",-0.8200000000000003,-0.08161376555365162,"20",-2.5,1.3923174227787602,"Disagree",1,"3","3","4",64
"15/11/2021 05:09","15/11/2021 05:40","IP Address","81.178.156.178","100","1886","True","15/11/2021 05:40","R_3jZEffad1Ie287Y","53.43460083","-2.908905029","anonymous","EN",54,"suspension force","radio on","wiper on gte 1","h1v1",3,"easy","E","H","M","WHAT_Qn",59.27,56.13,52.75,-1,7,"E","WHAT_Qn_E_E","E_E","59d32249f7b7a000011982bc","4","94.303","30",29.270000000000003,4.8774988727835344,"37",19.130000000000003,4.267161218022261,"10",42.75,5.422064766172812,"Disagree",1,"3","3","4",65
"15/11/2021 05:09","15/11/2021 05:40","IP Address","81.178.156.178","100","1886","True","15/11/2021 05:40","R_3jZEffad1Ie287Y","53.43460083","-2.908905029","anonymous","EN",64,"engine temperature","gps on","wiper on gte 1","h1v1",5,"medium","E","E","H","WHAT_Ql",0,18.69,11.78,1,38,"E","WHAT_Ql_E_M","E_M","59d32249f7b7a000011982bc","5","119.426","1",-1,0.16992500144231237,"16",2.6900000000000013,1.4931349223055055,"34",-22.22,4.481880139620285,"Disagree",0,"4","4","4",66
"15/11/2021 05:09","15/11/2021 05:40","IP Address","81.178.156.178","100","1886","True","15/11/2021 05:40","R_3jZEffad1Ie287Y","53.43460083","-2.908905029","anonymous","EN",38,"electricity consumption","wiper on","gps on gte 1","h1v1",3,"easy","M","E","H","WHAT_Ql",3.7,15.47,52.42,1,32,"E","WHAT_Ql_E_E","E_E","59d32249f7b7a000011982bc","5","128.785","20",-16.3,4.037821465434967,"66",-50.53,5.6626327749539085,"21",31.42,4.979339445678211,"Agree",1,"4","4","4",67
"15/11/2021 05:09","15/11/2021 05:40","IP Address","81.178.156.178","100","1886","True","15/11/2021 05:40","R_3jZEffad1Ie287Y","53.43460083","-2.908905029","anonymous","EN",34,"suspension force","gps on","wiper on gte 1","h1v1",6,"medium","E","H","H","WHAT_Qn",28.04,27.34,10.83,1,17,"E","WHAT_Qn_E_M","E_M","59d32249f7b7a000011982bc","5","125.679","33",-4.960000000000001,2.3462477740827756,"71",-43.66,5.452364806448699,"37",-26.17,4.7167165917059695,"Disagree",0,"4","4","4",68
"15/11/2021 05:09","15/11/2021 05:40","IP Address","81.178.156.178","100","1886","True","15/11/2021 05:40","R_3jZEffad1Ie287Y","53.43460083","-2.908905029","anonymous","EN",69,"engine temperature","radio on","wiper on gte 1","h1v1",6,"medium","M","E","E","WHAT_Ql",2.46,15.02,20.78,1,39,"E","WHAT_Ql_E_M","E_M","59d32249f7b7a000011982bc","5","143.949","35",-32.54,5.02967373462642,"51",-35.980000000000004,5.174126737420928,"16",4.780000000000001,2.2942531364445142,"Disagree",0,"3","3","3",69
"15/11/2021 05:09","15/11/2021 05:40","IP Address","81.178.156.178","100","1886","True","15/11/2021 05:40","R_3jZEffad1Ie287Y","53.43460083","-2.908905029","anonymous","EN",4,"suspension force","gps on","wiper on gte 1","h1v1",3,"easy","H","E","E","WHAT_Ql",0,33.52,19.21,1,33,"E","WHAT_Ql_E_E","E_E","59d32249f7b7a000011982bc","5","110.001","21",-21,4.400879436282184,"30",3.520000000000003,1.8659188145522136,"10",9.21,3.2226500224514774,"Disagree",0,"3","3","2",70
"15/11/2021 05:09","15/11/2021 05:40","IP Address","81.178.156.178","100","1886","True","15/11/2021 05:40","R_3jZEffad1Ie287Y","53.43460083","-2.908905029","anonymous","EN",1,"electricity consumption","gps on","wiper on gte 1","h1v1",3,"easy","E","E","E","WHAT_Qn",32.5,42.6,24.24,1,9,"E","WHAT_Qn_E_E","E_E","59d32249f7b7a000011982bc","5","169.977","69",-36.5,5.1947568544222475,"25",17.6,4.147713722352154,"5",19.24,4.275379596253622,"Disagree",0,"4","3","4",71
"15/11/2021 05:23","15/11/2021 05:44","IP Address","41.71.84.225","100","1288","True","15/11/2021 05:44","R_6y6oqenE14XplTz","-34.04859924","18.48109436","anonymous","EN",63,"engine temperature","gps on","wiper on gte 1","h1v1",3,"easy","E","E","M","WHAT_Ql",37.11,84.16,37.11,1,28,"E","WHAT_Ql_E_E","E_E","603ddae8a0efddcdc8780603","4","83.955","80",-42.89,5.426767932655541,"85",-0.8400000000000034,-0.05139915250663918,"22",15.11,3.929317594911761,"Disagree",0,"4","4","3",72
"15/11/2021 05:23","15/11/2021 05:44","IP Address","41.71.84.225","100","1288","True","15/11/2021 05:44","R_6y6oqenE14XplTz","-34.04859924","18.48109436","anonymous","EN",32,"suspension force","radio on","wiper on gte 1","h1v1",6,"medium","E","M","M","WHAT_Qn",37.51,34.69,36.49,1,13,"E","WHAT_Qn_E_M","E_M","603ddae8a0efddcdc8780603","3","124.772","74",-36.49,5.194362890727586,"78",-43.31,5.440786132413236,"20",16.490000000000002,4.054414387917307,"Neither agree nor disagree",0,"4","4","5",73
"15/11/2021 05:23","15/11/2021 05:44","IP Address","41.71.84.225","100","1288","True","15/11/2021 05:44","R_6y6oqenE14XplTz","-34.04859924","18.48109436","anonymous","EN",54,"suspension force","radio on","wiper on gte 1","h1v1",9,"hard","E","H","M","WHAT_Qn",59.54,56.13,22.97,1,25,"E","WHAT_Qn_E_H","E_H","603ddae8a0efddcdc8780603","5","77.022","70",-10.46,3.4039493642328646,"63",-6.869999999999997,2.8063240573900283,"45",-22.03,4.469560421711221,"Disagree",0,"3","4","4",74
"15/11/2021 05:23","15/11/2021 05:44","IP Address","41.71.84.225","100","1288","True","15/11/2021 05:44","R_6y6oqenE14XplTz","-34.04859924","18.48109436","anonymous","EN",64,"engine temperature","gps on","wiper on gte 1","h1v1",6,"medium","E","E","H","WHAT_Qn",25.9,24.93,41.69,-1,11,"E","WHAT_Qn_E_M","E_M","603ddae8a0efddcdc8780603","5","101.554","30",-4.100000000000001,2.0789513413948226,"78",-53.07,5.7332187426024595,"30",11.689999999999998,3.562547724199122,"Disagree",1,"3","5","4",75
"15/11/2021 05:23","15/11/2021 05:44","IP Address","41.71.84.225","100","1288","True","15/11/2021 05:44","R_6y6oqenE14XplTz","-34.04859924","18.48109436","anonymous","EN",72,"fuel consumption","gps on","wiper on gte 1","h1v1",3,"easy","E","M","H","WHAT_Qn",84.11,77.48,28.42,1,5,"E","WHAT_Qn_E_E","E_E","603ddae8a0efddcdc8780603","3","128.94","5",79.11,6.308065938986579,"31",46.480000000000004,5.542412837068272,"46",-17.58,4.146084938616191,"Disagree",0,"2","4","4",76
"15/11/2021 05:23","15/11/2021 05:44","IP Address","41.71.84.225","100","1288","True","15/11/2021 05:44","R_6y6oqenE14XplTz","-34.04859924","18.48109436","anonymous","EN",34,"suspension force","gps on","wiper on gte 1","h1v1",9,"hard","E","H","H","WHAT_Qn",28.69,27.34,28.48,1,26,"E","WHAT_Qn_E_H","E_H","603ddae8a0efddcdc8780603","5","117.112","40",-11.309999999999999,3.5153844606369478,"45",-17.66,4.152589069287125,"30",-1.5199999999999996,0.7180875839605164,"Agree",1,"4","5","3",77
"15/11/2021 05:23","15/11/2021 05:44","IP Address","41.71.84.225","100","1288","True","15/11/2021 05:44","R_6y6oqenE14XplTz","-34.04859924","18.48109436","anonymous","EN",68,"fuel consumption","gps on","wiper on gte 1","h1v1",9,"hard","E","M","E","WHAT_Qn",43.21,43.35,24.42,-1,21,"E","WHAT_Qn_E_H","E_H","603ddae8a0efddcdc8780603","0","88.829","15",28.21,4.824513297334801,"25",18.35,4.207502459258789,"10",14.420000000000002,3.862451391325582,"Neither agree nor disagree",0,"3","4","3",78
"15/11/2021 05:23","15/11/2021 05:44","IP Address","41.71.84.225","100","1288","True","15/11/2021 05:44","R_6y6oqenE14XplTz","-34.04859924","18.48109436","anonymous","EN",4,"suspension force","gps on","wiper on gte 1","h1v1",6,"medium","H","E","E","WHAT_Ql",9.8,33.52,14.9,-1,42,"E","WHAT_Ql_E_M","E_M","603ddae8a0efddcdc8780603","0","76.774","21",-11.2,3.5014391451588724,"25",8.520000000000003,3.1118659638675576,"29",-14.1,3.8303567474192195,"Neither agree nor disagree",0,"3","3","4",79
"15/11/2021 05:23","15/11/2021 05:44","IP Address","41.71.84.225","100","1288","True","15/11/2021 05:44","R_6y6oqenE14XplTz","-34.04859924","18.48109436","anonymous","EN",1,"electricity consumption","gps on","wiper on gte 1","h1v1",6,"medium","E","E","E","WHAT_Ql",23.83,78.73,29.2,-1,45,"E","WHAT_Ql_E_M","E_M","603ddae8a0efddcdc8780603","0","109.156","13",10.829999999999998,3.4535175792154975,"50",28.730000000000004,4.850749425896496,"31",-1.8000000000000007,0.9448584458075395,"Neither agree nor disagree",0,"1","4","3",80
"15/11/2021 05:27","15/11/2021 05:45","IP Address","86.8.47.167","100","1058","True","15/11/2021 05:45","R_2R51HDZIWKm4MFS","51.24000549","-0.097305298","anonymous","EN",63,"engine temperature","gps on","wiper on gte 1","h1v1",3,"easy","E","E","M","WHAT_Ql",37.11,84.16,37.11,1,28,"E","WHAT_Ql_E_E","E_E","59f7a04c05d1d60001f14597","0","41.437","65",-27.89,4.808127587455465,"82",2.1599999999999966,1.1921941652833428,"16",21.11,4.408372203572677,"Agree",1,"0","5","5",81
"15/11/2021 05:27","15/11/2021 05:45","IP Address","86.8.47.167","100","1058","True","15/11/2021 05:45","R_2R51HDZIWKm4MFS","51.24000549","-0.097305298","anonymous","EN",32,"suspension force","radio on","wiper on gte 1","h1v1",3,"easy","E","M","M","WHAT_Qn",38.98,34.69,15.13,-1,4,"E","WHAT_Qn_E_E","E_E","59f7a04c05d1d60001f14597","0","80.217","71",-32.02,5.006522445622979,"73",-38.31,5.264348763351166,"12",3.130000000000001,1.7026575433909112,"Neither agree nor disagree",0,"4","4","5",82
"15/11/2021 05:27","15/11/2021 05:45","IP Address","86.8.47.167","100","1058","True","15/11/2021 05:45","R_2R51HDZIWKm4MFS","51.24000549","-0.097305298","anonymous","EN",41,"engine temperature","radio on","wiper on gte 1","h1v1",3,"easy","H","E","M","WHAT_Ql",1.15,3.7,56.48,1,34,"E","WHAT_Ql_E_E","E_E","59f7a04c05d1d60001f14597","0","56.684","41",-39.85,5.32102612859297,"70",-66.3,6.053654417603144,"20",36.48,5.193968819421969,"Neither agree nor disagree",0,"0","5","5",83
"15/11/2021 05:27","15/11/2021 05:45","IP Address","86.8.47.167","100","1058","True","15/11/2021 05:45","R_2R51HDZIWKm4MFS","51.24000549","-0.097305298","anonymous","EN",64,"engine temperature","gps on","wiper on gte 1","h1v1",9,"hard","E","E","H","WHAT_Qn",26.92,24.93,16.61,-1,20,"E","WHAT_Qn_E_H","E_H","59f7a04c05d1d60001f14597","1","63.508","6",20.92,4.395405604566331,"7",17.93,4.174326515173915,"46",-29.39,4.883376436672842,"Disagree",1,"5","5","4",84
"15/11/2021 05:27","15/11/2021 05:45","IP Address","86.8.47.167","100","1058","True","15/11/2021 05:45","R_2R51HDZIWKm4MFS","51.24000549","-0.097305298","anonymous","EN",72,"fuel consumption","gps on","wiper on gte 1","h1v1",6,"medium","E","M","H","WHAT_Qn",80.48,77.48,24.47,-1,14,"E","WHAT_Qn_E_M","E_M","59f7a04c05d1d60001f14597","5","75.32","3",77.48,6.278077701459837,"15",62.480000000000004,5.968205978676913,"16",8.469999999999999,3.103497639703336,"Neither agree nor disagree",0,"5","5","5",85
"15/11/2021 05:27","15/11/2021 05:45","IP Address","86.8.47.167","100","1058","True","15/11/2021 05:45","R_2R51HDZIWKm4MFS","51.24000549","-0.097305298","anonymous","EN",6,"suspension force","gps on","wiper on gte 1","h1v1",5,"medium","H","E","H","WHAT_Ql",23.98,51.6,32.97,1,44,"E","WHAT_Ql_E_M","E_M","59f7a04c05d1d60001f14597","5","101.092","45",-21.02,4.402244655254077,"13",38.6,5.275193333902206,"27",5.969999999999999,2.607626220845487,"Disagree",0,"5","5","5",86
"15/11/2021 05:27","15/11/2021 05:45","IP Address","86.8.47.167","100","1058","True","15/11/2021 05:45","R_2R51HDZIWKm4MFS","51.24000549","-0.097305298","anonymous","EN",68,"fuel consumption","gps on","wiper on gte 1","h1v1",9,"hard","E","M","E","WHAT_Qn",43.21,43.35,24.42,-1,21,"E","WHAT_Qn_E_H","E_H","59f7a04c05d1d60001f14597","1","43.566","17",26.21,4.718909554379232,"35",8.350000000000001,3.0832133682489817,"27",-2.5799999999999983,1.4356285940520896,"Neither agree nor disagree",0,"1","0","5",87
"15/11/2021 05:27","15/11/2021 05:45","IP Address","86.8.47.167","100","1058","True","15/11/2021 05:45","R_2R51HDZIWKm4MFS","51.24000549","-0.097305298","anonymous","EN",29,"engine temperature","radio on","wiper on gte 1","h1v1",5,"medium","E","H","E","WHAT_Qn",34.1,34.69,47.59,1,15,"E","WHAT_Qn_E_M","E_M","59f7a04c05d1d60001f14597","0","62.374","22",12.100000000000001,3.6117625600648715,"21",13.689999999999998,3.788163657037767,"54",-6.409999999999997,2.7081872360207075,"Neither agree nor disagree",0,"0","0","5",88
"15/11/2021 05:27","15/11/2021 05:45","IP Address","86.8.47.167","100","1058","True","15/11/2021 05:45","R_2R51HDZIWKm4MFS","51.24000549","-0.097305298","anonymous","EN",1,"electricity consumption","gps on","wiper on gte 1","h1v1",3,"easy","E","E","E","WHAT_Qn",32.5,42.6,24.24,1,9,"E","WHAT_Qn_E_E","E_E","59f7a04c05d1d60001f14597","5","38.49","13",19.5,4.294620748891627,"72",-29.4,4.883865154509794,"3",21.24,4.417177411906387,"Disagree",0,"0","1","5",89
"15/11/2021 05:34","15/11/2021 05:55","IP Address","197.185.116.212","100","1232","True","15/11/2021 05:55","R_8IJ9Up1mRKYewh3","-33.91400146","18.41290283","anonymous","EN",63,"engine temperature","gps on","wiper on gte 1","h1v1",3,"easy","E","E","M","WHAT_Qn",19.71,15.52,16.76,-1,1,"E","WHAT_Qn_E_E","E_E","60a4127d4c901e993eb8360d","5","67.422","46",-26.29,4.72328550477764,"53",-37.480000000000004,5.232852591780371,"31",-14.239999999999998,3.844486087757799,"Agree",0,"1","3","4",90
"15/11/2021 05:34","15/11/2021 05:55","IP Address","197.185.116.212","100","1232","True","15/11/2021 05:55","R_8IJ9Up1mRKYewh3","-33.91400146","18.41290283","anonymous","EN",32,"suspension force","radio on","wiper on gte 1","h1v1",9,"hard","E","M","M","WHAT_Qn",43.17,34.69,25.22,-1,22,"E","WHAT_Qn_E_H","E_H","60a4127d4c901e993eb8360d","4","101.305","36",7.170000000000002,2.8669079781431663,"40",-5.310000000000002,2.442280035252585,"100",-74.78,6.226990118437143,"Agree",0,"3","2","2",91
"15/11/2021 05:34","15/11/2021 05:55","IP Address","197.185.116.212","100","1232","True","15/11/2021 05:55","R_8IJ9Up1mRKYewh3","-33.91400146","18.41290283","anonymous","EN",54,"suspension force","radio on","wiper on gte 1","h1v1",3,"easy","E","H","M","WHAT_Qn",59.27,56.13,52.75,-1,7,"E","WHAT_Qn_E_E","E_E","60a4127d4c901e993eb8360d","5","60.562","40",19.270000000000003,4.277612870756686,"42",14.130000000000003,3.833396134163228,"17",35.75,5.1649069266756875,"Disagree",1,"4","2","5",92
"15/11/2021 05:34","15/11/2021 05:55","IP Address","197.185.116.212","100","1232","True","15/11/2021 05:55","R_8IJ9Up1mRKYewh3","-33.91400146","18.41290283","anonymous","EN",64,"engine temperature","gps on","wiper on gte 1","h1v1",3,"easy","E","E","H","WHAT_Qn",27.17,24.93,30.9,1,2,"E","WHAT_Qn_E_E","E_E","60a4127d4c901e993eb8360d","5","44.686","0",27.17,4.770564791971693,"45",-20.07,4.335926240928362,"30",0.8999999999999986,0.03562390973071935,"Disagree",0,"5","5","4",93
"15/11/2021 05:34","15/11/2021 05:55","IP Address","197.185.116.212","100","1232","True","15/11/2021 05:55","R_8IJ9Up1mRKYewh3","-33.91400146","18.41290283","anonymous","EN",72,"fuel consumption","gps on","wiper on gte 1","h1v1",3,"easy","E","M","H","WHAT_Qn",84.11,77.48,28.42,1,5,"E","WHAT_Qn_E_E","E_E","60a4127d4c901e993eb8360d","4","79.438","4",80.11,6.326159799292583,"26",51.480000000000004,5.68943894979436,"49",-20.58,4.371907297595153,"Disagree",0,"5","5","5",94
"15/11/2021 05:34","15/11/2021 05:55","IP Address","197.185.116.212","100","1232","True","15/11/2021 05:55","R_8IJ9Up1mRKYewh3","-33.91400146","18.41290283","anonymous","EN",34,"suspension force","gps on","wiper on gte 1","h1v1",6,"medium","E","H","H","WHAT_Qn",28.04,27.34,10.83,1,17,"E","WHAT_Qn_E_M","E_M","60a4127d4c901e993eb8360d","3","90.607","27",1.0399999999999991,0.22032995487955448,"80",-52.66,5.722056109696096,"66",-55.17,5.789077126860354,"Disagree",0,"4","5","3",95
"15/11/2021 05:34","15/11/2021 05:55","IP Address","197.185.116.212","100","1232","True","15/11/2021 05:55","R_8IJ9Up1mRKYewh3","-33.91400146","18.41290283","anonymous","EN",69,"engine temperature","radio on","wiper on gte 1","h1v1",3,"easy","M","E","E","WHAT_Ql",13.16,15.02,41.56,-1,30,"E","WHAT_Ql_E_E","E_E","60a4127d4c901e993eb8360d","3","119.408","11",2.16,1.192194165283345,"41",-25.98,4.706254253573203,"43",-1.4399999999999977,0.6461626571578916,"Neither agree nor disagree",0,"3","4","1",96
"15/11/2021 05:34","15/11/2021 05:55","IP Address","197.185.116.212","100","1232","True","15/11/2021 05:55","R_8IJ9Up1mRKYewh3","-33.91400146","18.41290283","anonymous","EN",29,"engine temperature","radio on","wiper on gte 1","h1v1",3,"easy","E","H","E","WHAT_Qn",32.22,34.69,37.7,1,6,"E","WHAT_Qn_E_E","E_E","60a4127d4c901e993eb8360d","4","115.547","0",32.22,5.015470807639381,"42",-7.310000000000002,2.8943327422776943,"10",27.700000000000003,4.798309782454597,"Neither agree nor disagree",0,"5","5","2",97
"15/11/2021 05:34","15/11/2021 05:55","IP Address","197.185.116.212","100","1232","True","15/11/2021 05:55","R_8IJ9Up1mRKYewh3","-33.91400146","18.41290283","anonymous","EN",1,"electricity consumption","gps on","wiper on gte 1","h1v1",6,"medium","E","E","E","WHAT_Ql",23.83,78.73,29.2,-1,45,"E","WHAT_Ql_E_M","E_M","60a4127d4c901e993eb8360d","5","87.63","20",3.8299999999999983,1.9836776946980665,"41",37.730000000000004,5.2424119630982355,"25",4.199999999999999,2.112700132749362,"Disagree",1,"4","4","3",98
"15/11/2021 05:36","15/11/2021 06:03","IP Address","86.26.246.20","100","1598","True","15/11/2021 06:03","R_3fUHy05ggMpcBwe","53.39329529","-2.133605957","anonymous","EN",63,"engine temperature","gps on","wiper on gte 1","h1v1",6,"medium","E","E","M","WHAT_Ql",14.89,84.16,14.89,1,37,"E","WHAT_Ql_E_M","E_M","5e8cab68c8e665057a49ef87","3","155.1","20",-5.109999999999999,2.3881895371560837,"31",53.16,5.735657558992399,"25",-10.11,3.355439197248686,"Disagree",0,"4","4","4",99
"15/11/2021 05:36","15/11/2021 06:03","IP Address","86.26.246.20","100","1598","True","15/11/2021 06:03","R_3fUHy05ggMpcBwe","53.39329529","-2.133605957","anonymous","EN",32,"suspension force","radio on","wiper on gte 1","h1v1",3,"easy","E","M","M","WHAT_Qn",38.98,34.69,15.13,-1,4,"E","WHAT_Qn_E_E","E_E","5e8cab68c8e665057a49ef87","4","119.684","65",-26.020000000000003,4.708463165072117,"62",-27.310000000000002,4.777945670695148,"10",5.130000000000001,2.393690764187454,"Disagree",1,"3","3","4",100
"15/11/2021 05:36","15/11/2021 06:03","IP Address","86.26.246.20","100","1598","True","15/11/2021 06:03","R_3fUHy05ggMpcBwe","53.39329529","-2.133605957","anonymous","EN",54,"suspension force","radio on","wiper on gte 1","h1v1",6,"medium","E","H","M","WHAT_Qn",60.36,56.13,23.62,1,16,"E","WHAT_Qn_E_M","E_M","5e8cab68c8e665057a49ef87","3","121.519","48",12.36,3.6421239161534875,"40",16.130000000000003,4.0228116509156315,"14",9.620000000000001,3.2846621854831652,"Agree",1,"4","4","5",101
"15/11/2021 05:36","15/11/2021 06:03","IP Address","86.26.246.20","100","1598","True","15/11/2021 06:03","R_3fUHy05ggMpcBwe","53.39329529","-2.133605957","anonymous","EN",64,"engine temperature","gps on","wiper on gte 1","h1v1",5,"medium","E","E","H","WHAT_Ql",0,18.69,11.78,1,38,"E","WHAT_Ql_E_M","E_M","5e8cab68c8e665057a49ef87","4","180.662","4",-4,2.0443941193584534,"33",-14.309999999999999,3.851499202461257,"25",-13.22,3.7382274003672418,"Agree",1,"3","4","4",102
"15/11/2021 05:36","15/11/2021 06:03","IP Address","86.26.246.20","100","1598","True","15/11/2021 06:03","R_3fUHy05ggMpcBwe","53.39329529","-2.133605957","anonymous","EN",72,"fuel consumption","gps on","wiper on gte 1","h1v1",9,"hard","E","M","H","WHAT_Qn",73.06,77.48,27.36,1,23,"E","WHAT_Qn_E_H","E_H","5e8cab68c8e665057a49ef87","4","174.005","28",45.06,5.49777201759007,"72",5.480000000000004,2.486714373030703,"35",-7.640000000000001,2.9569859246125767,"Disagree",0,"5","4","4",103
"15/11/2021 05:36","15/11/2021 06:03","IP Address","86.26.246.20","100","1598","True","15/11/2021 06:03","R_3fUHy05ggMpcBwe","53.39329529","-2.133605957","anonymous","EN",6,"suspension force","gps on","wiper on gte 1","h1v1",3,"easy","H","E","H","WHAT_Ql",12.84,51.6,22.26,-1,35,"E","WHAT_Ql_E_E","E_E","5e8cab68c8e665057a49ef87","4","120.329","3",9.84,3.3168698050643335,"30",21.6,4.441284271927038,"24",-1.7399999999999984,0.8991756304805119,"Agree",0,"3","4","4",104
"15/11/2021 05:36","15/11/2021 06:03","IP Address","86.26.246.20","100","1598","True","15/11/2021 06:03","R_3fUHy05ggMpcBwe","53.39329529","-2.133605957","anonymous","EN",68,"fuel consumption","gps on","wiper on gte 1","h1v1",6,"medium","E","M","E","WHAT_Qn",46.22,43.35,37.62,1,12,"E","WHAT_Qn_E_M","E_M","5e8cab68c8e665057a49ef87","3","119.157","15",31.22,4.9701634246609965,"28",15.350000000000001,3.9518675043269025,"14",23.619999999999997,4.569551851083612,"Disagree",0,"4","2","2",105
"15/11/2021 05:36","15/11/2021 06:03","IP Address","86.26.246.20","100","1598","True","15/11/2021 06:03","R_3fUHy05ggMpcBwe","53.39329529","-2.133605957","anonymous","EN",29,"engine temperature","radio on","wiper on gte 1","h1v1",5,"medium","E","H","E","WHAT_Qn",34.1,34.69,47.59,1,15,"E","WHAT_Qn_E_M","E_M","5e8cab68c8e665057a49ef87","2","72.399","22",12.100000000000001,3.6117625600648715,"37",-2.3100000000000023,1.2839217723076188,"40",7.590000000000003,2.9476661567960107,"Agree",1,"2","2","2",106
"15/11/2021 05:36","15/11/2021 06:03","IP Address","86.26.246.20","100","1598","True","15/11/2021 06:03","R_3fUHy05ggMpcBwe","53.39329529","-2.133605957","anonymous","EN",1,"electricity consumption","gps on","wiper on gte 1","h1v1",3,"easy","E","E","E","WHAT_Ql",12.85,78.73,34.11,-1,36,"E","WHAT_Ql_E_E","E_E","5e8cab68c8e665057a49ef87","4","58.241","8",4.85,2.3146965256562866,"20",58.730000000000004,5.87909307886454,"23",11.11,3.4899282194051824,"Agree",0,"3","3","3",107
"15/11/2021 05:40","15/11/2021 06:22","IP Address","84.28.246.56","100","2513","True","15/11/2021 06:22","R_2vYx4wd2dAU46mT","52.61869812","4.616394043","anonymous","EN",63,"engine temperature","gps on","wiper on gte 1","h1v1",9,"hard","E","E","M","WHAT_Qn",15.84,15.52,20.05,1,19,"E","WHAT_Qn_E_H","E_H","5fc15f929b92050b1a0cc42c","4","189.425","50",-34.16,5.09950561709114,"10",5.52,2.496973580998276,"10",10.05,3.346956889378885,"Disagree",0,"4","5","5",108
"15/11/2021 05:40","15/11/2021 06:22","IP Address","84.28.246.56","100","2513","True","15/11/2021 06:22","R_2vYx4wd2dAU46mT","52.61869812","4.616394043","anonymous","EN",61,"electricity consumption","gps on","wiper on gte 1","h1v1",6,"medium","M","E","M","WHAT_Ql",9.86,54.18,17.5,-1,40,"E","WHAT_Ql_E_M","E_M","5fc15f929b92050b1a0cc42c","2","104.601","47",-37.14,5.2197493545467255,"63",-8.82,3.1610814822771838,"24",-6.5,2.727920454563199,"Neither agree nor disagree",0,"3","4","4",109
"15/11/2021 05:40","15/11/2021 06:22","IP Address","84.28.246.56","100","2513","True","15/11/2021 06:22","R_2vYx4wd2dAU46mT","52.61869812","4.616394043","anonymous","EN",41,"engine temperature","radio on","wiper on gte 1","h1v1",6,"medium","H","E","M","WHAT_Ql",1.15,3.7,23.84,1,43,"E","WHAT_Ql_E_M","E_M","5fc15f929b92050b1a0cc42c","3","314.55","75",-73.85,6.208965886306559,"82",-78.3,6.29324171895624,"14",9.84,3.3168698050643335,"Disagree",0,"4","4","4",110
"15/11/2021 05:40","15/11/2021 06:22","IP Address","84.28.246.56","100","2513","True","15/11/2021 06:22","R_2vYx4wd2dAU46mT","52.61869812","4.616394043","anonymous","EN",64,"engine temperature","gps on","wiper on gte 1","h1v1",3,"easy","E","E","H","WHAT_Ql",5.69,18.69,43.69,1,29,"E","WHAT_Ql_E_E","E_E","5fc15f929b92050b1a0cc42c","4","180.536","3",2.6900000000000004,1.493134922305505,"11",7.690000000000001,2.96624587322494,"40",3.6899999999999977,1.931683057059805,"Agree",1,"5","5","3",111
"15/11/2021 05:40","15/11/2021 06:22","IP Address","84.28.246.56","100","2513","True","15/11/2021 06:22","R_2vYx4wd2dAU46mT","52.61869812","4.616394043","anonymous","EN",38,"electricity consumption","wiper on","gps on gte 1","h1v1",6,"medium","M","E","H","WHAT_Ql",4.47,15.47,28,-1,41,"E","WHAT_Ql_E_M","E_M","5fc15f929b92050b1a0cc42c","4","108.085","40",-35.53,5.156032498888866,"80",-64.53,6.014690037951128,"36",-8,3.0223678130284544,"Agree",0,"5","5","5",112
"15/11/2021 05:40","15/11/2021 06:22","IP Address","84.28.246.56","100","2513","True","15/11/2021 06:22","R_2vYx4wd2dAU46mT","52.61869812","4.616394043","anonymous","EN",34,"suspension force","gps on","wiper on gte 1","h1v1",9,"hard","E","H","H","WHAT_Qn",28.69,27.34,28.48,1,26,"E","WHAT_Qn_E_H","E_H","5fc15f929b92050b1a0cc42c","4","95.492","30",-1.3099999999999987,0.5210507369009618,"90",-62.66,5.972348020079572,"31",-2.5199999999999996,1.4032677223393009,"Disagree",0,"4","5","4",113
"15/11/2021 05:40","15/11/2021 06:22","IP Address","84.28.246.56","100","2513","True","15/11/2021 06:22","R_2vYx4wd2dAU46mT","52.61869812","4.616394043","anonymous","EN",68,"fuel consumption","gps on","wiper on gte 1","h1v1",3,"easy","E","M","E","WHAT_Qn",42.89,43.35,46.53,1,3,"E","WHAT_Qn_E_E","E_E","5fc15f929b92050b1a0cc42c","3","100.845","3",39.89,5.322469004113554,"24",19.35,4.283551423174307,"31",15.530000000000001,3.968551603363945,"Disagree",0,"4","2","4",114
"15/11/2021 05:40","15/11/2021 06:22","IP Address","84.28.246.56","100","2513","True","15/11/2021 06:22","R_2vYx4wd2dAU46mT","52.61869812","4.616394043","anonymous","EN",4,"suspension force","gps on","wiper on gte 1","h1v1",3,"easy","H","E","E","WHAT_Ql",0,33.52,19.21,1,33,"E","WHAT_Ql_E_E","E_E","5fc15f929b92050b1a0cc42c","4","70.536","12",-12,3.599912842187128,"41",-7.479999999999997,2.9269482479497713,"19",0.21000000000000085,-1.5777669993169485,"Disagree",0,"3","4","4",115
"15/11/2021 05:40","15/11/2021 06:22","IP Address","84.28.246.56","100","2513","True","15/11/2021 06:22","R_2vYx4wd2dAU46mT","52.61869812","4.616394043","anonymous","EN",1,"electricity consumption","gps on","wiper on gte 1","h1v1",6,"medium","E","E","E","WHAT_Qn",35.07,42.6,25.15,1,18,"E","WHAT_Qn_E_M","E_M","5fc15f929b92050b1a0cc42c","5","212.8","35",0.07000000000000028,-2.3584539709124743,"40",2.6000000000000014,1.4462562298895647,"30",-4.850000000000001,2.314696525656287,"Disagree",0,"3","4","3",116
"15/11/2021 06:10","15/11/2021 06:39","IP Address","105.1.154.206","100","1732","True","15/11/2021 06:39","R_cG6qcLafSvhCkSd","-29.90559387","30.94050598","anonymous","EN",63,"engine temperature","gps on","wiper on gte 1","h1v1",6,"medium","E","E","M","WHAT_Qn",14.99,15.52,37.12,1,10,"E","WHAT_Qn_E_M","E_M","601997714cfca90e99caac7c","0","110.415","56",-41.01,5.362294538395585,"57",-41.480000000000004,5.378685013680101,"53",-15.880000000000003,4.000450771770857,"Agree",1,"1","0","3",117
"15/11/2021 06:10","15/11/2021 06:39","IP Address","105.1.154.206","100","1732","True","15/11/2021 06:39","R_cG6qcLafSvhCkSd","-29.90559387","30.94050598","anonymous","EN",32,"suspension force","radio on","wiper on gte 1","h1v1",6,"medium","E","M","M","WHAT_Qn",37.51,34.69,36.49,1,13,"E","WHAT_Qn_E_M","E_M","601997714cfca90e99caac7c","0","91.082","92",-54.49,5.7712253363909465,"25",9.689999999999998,3.294988267691446,"22",14.490000000000002,3.8693779240313284,"Disagree",0,"3","3","4",118
"15/11/2021 06:10","15/11/2021 06:39","IP Address","105.1.154.206","100","1732","True","15/11/2021 06:39","R_cG6qcLafSvhCkSd","-29.90559387","30.94050598","anonymous","EN",41,"engine temperature","radio on","wiper on gte 1","h1v1",3,"easy","H","E","M","WHAT_Ql",1.15,3.7,56.48,1,34,"E","WHAT_Ql_E_E","E_E","601997714cfca90e99caac7c","0","135.659","100",-98.85,6.628992257142734,"72",-68.3,6.096451624477594,"92",-35.52,5.15562781584529,"Neither agree nor disagree",0,"3","2","5",119
"15/11/2021 06:10","15/11/2021 06:39","IP Address","105.1.154.206","100","1732","True","15/11/2021 06:39","R_cG6qcLafSvhCkSd","-29.90559387","30.94050598","anonymous","EN",64,"engine temperature","gps on","wiper on gte 1","h1v1",6,"medium","E","E","H","WHAT_Qn",25.9,24.93,41.69,-1,11,"E","WHAT_Qn_E_M","E_M","601997714cfca90e99caac7c","4","119.691","47",-21.1,4.407692648665677,"78",-53.07,5.7332187426024595,"47",-5.310000000000002,2.442280035252585,"Disagree",1,"4","4","2",120
"15/11/2021 06:10","15/11/2021 06:39","IP Address","105.1.154.206","100","1732","True","15/11/2021 06:39","R_cG6qcLafSvhCkSd","-29.90559387","30.94050598","anonymous","EN",38,"electricity consumption","wiper on","gps on gte 1","h1v1",3,"easy","M","E","H","WHAT_Ql",3.7,15.47,52.42,1,32,"E","WHAT_Ql_E_E","E_E","601997714cfca90e99caac7c","0","88.04","94",-90.3,6.498649787768412,"82",-66.53,6.058641195327567,"41",11.420000000000002,3.529196267999391,"Agree",1,"3","3","2",121
"15/11/2021 06:10","15/11/2021 06:39","IP Address","105.1.154.206","100","1732","True","15/11/2021 06:39","R_cG6qcLafSvhCkSd","-29.90559387","30.94050598","anonymous","EN",34,"suspension force","gps on","wiper on gte 1","h1v1",3,"easy","E","H","H","WHAT_Qn",18.77,27.34,20.12,1,8,"E","WHAT_Qn_E_E","E_E","601997714cfca90e99caac7c","2","104.714","95",-76.23,6.254650727862562,"98",-70.66,6.145371767083274,"92",-71.88,6.1700251851193695,"Agree",1,"5","5","5",122
"15/11/2021 06:10","15/11/2021 06:39","IP Address","105.1.154.206","100","1732","True","15/11/2021 06:39","R_cG6qcLafSvhCkSd","-29.90559387","30.94050598","anonymous","EN",68,"fuel consumption","gps on","wiper on gte 1","h1v1",3,"easy","E","M","E","WHAT_Qn",42.89,43.35,46.53,1,3,"E","WHAT_Qn_E_E","E_E","601997714cfca90e99caac7c","0","59.014","39",3.8900000000000006,2.00539998774259,"33",10.350000000000001,3.3888783388119896,"17",29.53,4.890203466675639,"Neither agree nor disagree",0,"1","0","1",123
"15/11/2021 06:10","15/11/2021 06:39","IP Address","105.1.154.206","100","1732","True","15/11/2021 06:39","R_cG6qcLafSvhCkSd","-29.90559387","30.94050598","anonymous","EN",4,"suspension force","gps on","wiper on gte 1","h1v1",6,"medium","H","E","E","WHAT_Ql",9.8,33.52,14.9,-1,42,"E","WHAT_Ql_E_M","E_M","601997714cfca90e99caac7c","1","68.393","62",-52.2,5.709428501368347,"29",4.520000000000003,2.2156785966079293,"38",-23.1,4.537606691495291,"Neither agree nor disagree",0,"1","0","2",124
"15/11/2021 06:10","15/11/2021 06:39","IP Address","105.1.154.206","100","1732","True","15/11/2021 06:39","R_cG6qcLafSvhCkSd","-29.90559387","30.94050598","anonymous","EN",1,"electricity consumption","gps on","wiper on gte 1","h1v1",9,"hard","E","E","E","WHAT_Qn",48.96,42.6,34.84,-1,27,"E","WHAT_Qn_E_H","E_H","601997714cfca90e99caac7c","1","52.749","39",9.96,3.334139178838237,"57",-14.399999999999999,3.8604662585171665,"67",-32.16,5.012792121972625,"Disagree",1,"2","1","2",125
"15/11/2021 07:21","15/11/2021 07:55","IP Address","90.254.231.243","100","2062","True","15/11/2021 07:55","R_3m1VxmJa5zuyNno","51.92649841","-0.099594116","anonymous","EN",63,"engine temperature","gps on","wiper on gte 1","h1v1",6,"medium","E","E","M","WHAT_Qn",14.99,15.52,37.12,1,10,"E","WHAT_Qn_E_M","E_M","5880eca663c3fc000175dcd5","1","169.081","52",-37.01,5.214707673197644,"60",-44.480000000000004,5.479133533079846,"13",24.119999999999997,4.599615348621605,"Disagree",0,"2","2","2",126
"15/11/2021 07:21","15/11/2021 07:55","IP Address","90.254.231.243","100","2062","True","15/11/2021 07:55","R_3m1VxmJa5zuyNno","51.92649841","-0.099594116","anonymous","EN",32,"suspension force","radio on","wiper on gte 1","h1v1",6,"medium","E","M","M","WHAT_Qn",37.51,34.69,36.49,1,13,"E","WHAT_Qn_E_M","E_M","5880eca663c3fc000175dcd5","1","99.756","68",-30.490000000000002,4.9361667779791505,"76",-41.31,5.372778017062038,"7",29.490000000000002,4.888256181020274,"Disagree",0,"1","2","2",127
"15/11/2021 07:21","15/11/2021 07:55","IP Address","90.254.231.243","100","2062","True","15/11/2021 07:55","R_3m1VxmJa5zuyNno","51.92649841","-0.099594116","anonymous","EN",41,"engine temperature","radio on","wiper on gte 1","h1v1",6,"medium","H","E","M","WHAT_Ql",1.15,3.7,23.84,1,43,"E","WHAT_Ql_E_M","E_M","5880eca663c3fc000175dcd5","1","284.177","80",-78.85,6.30332412685951,"86",-82.3,6.365010076783025,"13",10.84,3.4548339068988687,"Disagree",0,"2","0","1",128
"15/11/2021 07:21","15/11/2021 07:55","IP Address","90.254.231.243","100","2062","True","15/11/2021 07:55","R_3m1VxmJa5zuyNno","51.92649841","-0.099594116","anonymous","EN",64,"engine temperature","gps on","wiper on gte 1","h1v1",5,"medium","E","E","H","WHAT_Ql",0,18.69,11.78,1,38,"E","WHAT_Ql_E_M","E_M","5880eca663c3fc000175dcd5","1","72.525","3",-3,1.6438561897747248,"31",-12.309999999999999,3.6363346024421817,"12",-0.22000000000000064,-1.535331732996553,"Disagree",0,"2","2","2",129
"15/11/2021 07:21","15/11/2021 07:55","IP Address","90.254.231.243","100","2062","True","15/11/2021 07:55","R_3m1VxmJa5zuyNno","51.92649841","-0.099594116","anonymous","EN",38,"electricity consumption","wiper on","gps on gte 1","h1v1",6,"medium","M","E","H","WHAT_Ql",4.47,15.47,28,-1,41,"E","WHAT_Ql_E_M","E_M","5880eca663c3fc000175dcd5","1","145.145","29",-24.53,4.623808347726395,"83",-67.53,6.080124654494115,"30",-2,1.0874628412503393,"Disagree",1,"1","1","1",130
"15/11/2021 07:21","15/11/2021 07:55","IP Address","90.254.231.243","100","2062","True","15/11/2021 07:55","R_3m1VxmJa5zuyNno","51.92649841","-0.099594116","anonymous","EN",34,"suspension force","gps on","wiper on gte 1","h1v1",6,"medium","E","H","H","WHAT_Qn",28.04,27.34,10.83,1,17,"E","WHAT_Qn_E_M","E_M","5880eca663c3fc000175dcd5","1","244.114","24",4.039999999999999,2.0583164955908226,"66",-38.66,5.277426896532659,"36",-25.17,4.660780334032546,"Agree",1,"2","1","1",131
"15/11/2021 07:21","15/11/2021 07:55","IP Address","90.254.231.243","100","2062","True","15/11/2021 07:55","R_3m1VxmJa5zuyNno","51.92649841","-0.099594116","anonymous","EN",69,"engine temperature","radio on","wiper on gte 1","h1v1",6,"medium","M","E","E","WHAT_Ql",2.46,15.02,20.78,1,39,"E","WHAT_Ql_E_M","E_M","5880eca663c3fc000175dcd5","0","125.698","10",-7.54,2.938285791884053,"8",7.02,2.8369340113210915,"15",5.780000000000001,2.5619370596224327,"Neither agree nor disagree",0,"0","0","1",132
"15/11/2021 07:21","15/11/2021 07:55","IP Address","90.254.231.243","100","2062","True","15/11/2021 07:55","R_3m1VxmJa5zuyNno","51.92649841","-0.099594116","anonymous","EN",29,"engine temperature","radio on","wiper on gte 1","h1v1",9,"hard","E","H","E","WHAT_Qn",32.38,34.69,24.06,-1,24,"E","WHAT_Qn_E_H","E_H","5880eca663c3fc000175dcd5","1","195.471","42",-9.619999999999997,3.284662185483165,"35",-0.3100000000000023,-1.2009126939259889,"10",14.059999999999999,3.8262942454996343,"Disagree",1,"0","0","0",133
"15/11/2021 07:21","15/11/2021 07:55","IP Address","90.254.231.243","100","2062","True","15/11/2021 07:55","R_3m1VxmJa5zuyNno","51.92649841","-0.099594116","anonymous","EN",1,"electricity consumption","gps on","wiper on gte 1","h1v1",3,"easy","E","E","E","WHAT_Ql",12.85,78.73,34.11,-1,36,"E","WHAT_Ql_E_E","E_E","5880eca663c3fc000175dcd5","1","131.217","12",0.8499999999999996,-0.036525876025114534,"32",46.730000000000004,5.550131104144458,"18",16.11,4.021035479511363,"Agree",0,"2","1","1",134
"15/11/2021 04:56","15/11/2021 05:06","IP Address","2.216.180.101","77","598","False","22/11/2021 05:06","R_2Vqk60uj4hlNFGu",,,"anonymous","EN",63,"engine temperature","gps on","wiper on gte 1","h1v1",9,"hard","E","E","M","WHAT_Qn",15.84,15.52,20.05,1,19,"E","WHAT_Qn_E_H","E_H","5d5133513e142a001c0cd860","0","21.08","38",-22.16,4.47800105583793,"21",-5.48,2.486714373030702,"13",7.050000000000001,2.8429788317883258,"Disagree",0,"0","0","0",135
"15/11/2021 04:56","15/11/2021 05:06","IP Address","2.216.180.101","77","598","False","22/11/2021 05:06","R_2Vqk60uj4hlNFGu",,,"anonymous","EN",41,"engine temperature","radio on","wiper on gte 1","h1v1",6,"medium","H","E","M","WHAT_Ql",1.15,3.7,23.84,1,43,"E","WHAT_Ql_E_M","E_M","5d5133513e142a001c0cd860","0","37.443","19",-17.85,4.167919865551935,"38",-34.3,5.105384749247602,"19",4.84,2.311793717753649,"Disagree",0,"0","0","0",136
"15/11/2021 04:56","15/11/2021 05:06","IP Address","2.216.180.101","77","598","False","22/11/2021 05:06","R_2Vqk60uj4hlNFGu",,,"anonymous","EN",64,"engine temperature","gps on","wiper on gte 1","h1v1",3,"easy","E","E","H","WHAT_Ql",5.69,18.69,43.69,1,29,"E","WHAT_Ql_E_E","E_E","5d5133513e142a001c0cd860","0","80.585","44",-38.31,5.264348763351166,"6",12.690000000000001,3.6797615735168527,"10",33.69,5.079591448648193,"Neither agree nor disagree",0,"0","0","0",137
"15/11/2021 04:56","15/11/2021 05:06","IP Address","2.216.180.101","77","598","False","22/11/2021 05:06","R_2Vqk60uj4hlNFGu",,,"anonymous","EN",38,"electricity consumption","wiper on","gps on gte 1","h1v1",6,"medium","M","E","H","WHAT_Ql",4.47,15.47,28,-1,41,"E","WHAT_Ql_E_M","E_M","5d5133513e142a001c0cd860","0","48.881","31",-26.53,4.73633427697511,"87",-71.53,6.162995472417697,"28",0,-3,"Neither agree nor disagree",0,"0","0","0",138
"15/11/2021 04:56","15/11/2021 05:06","IP Address","2.216.180.101","77","598","False","22/11/2021 05:06","R_2Vqk60uj4hlNFGu",,,"anonymous","EN",34,"suspension force","gps on","wiper on gte 1","h1v1",3,"easy","E","H","H","WHAT_Qn",18.77,27.34,20.12,1,8,"E","WHAT_Qn_E_E","E_E","5d5133513e142a001c0cd860","1","62.329","18",0.7699999999999996,-0.16004041251046897,"17",10.34,3.3875004064809846,"36",-15.879999999999999,4.000450771770856,"Neither agree nor disagree",0,"1","1","1",139
"15/11/2021 04:56","15/11/2021 05:06","IP Address","2.216.180.101","77","598","False","22/11/2021 05:06","R_2Vqk60uj4hlNFGu",,,"anonymous","EN",68,"fuel consumption","gps on","wiper on gte 1","h1v1",6,"medium","E","M","E","WHAT_Qn",46.22,43.35,37.62,1,12,"E","WHAT_Qn_E_M","E_M","5d5133513e142a001c0cd860","0","23.742","15",31.22,4.9701634246609965,"12",31.35,4.976134472831654,"5",32.62,5.0332027259372225,"Neither agree nor disagree",0,"0","0","0",140
"10/12/2021 05:30","10/12/2021 05:52","IP Address","86.170.38.203","100","1272","True","10/12/2021 05:52","R_2b3kAHLPZbUDxu1","52.68629456","-1.067199707","anonymous","EN",63,"engine temperature","gps on","wiper on gte 1","h1v1",3,"easy","E","E","M","WHAT_Qn",19.71,15.52,16.76,-1,1,"E","WHAT_Qn_E_E","E_E","jsndyks","1","138.127","49",-29.29,4.878480131138581,"49",-33.480000000000004,5.070603998681302,"27",-10.239999999999998,3.37364821133469,"Agree",0,"3","3","4",141
"10/12/2021 05:30","10/12/2021 05:52","IP Address","86.170.38.203","100","1272","True","10/12/2021 05:52","R_2b3kAHLPZbUDxu1","52.68629456","-1.067199707","anonymous","EN",32,"suspension force","radio on","wiper on gte 1","h1v1",3,"easy","E","M","M","WHAT_Qn",38.98,34.69,15.13,-1,4,"E","WHAT_Qn_E_E","E_E","jsndyks","2","96.178","64",-25.020000000000003,4.65219964830406,"62",-27.310000000000002,4.777945670695148,"9",6.130000000000001,2.6450098843910954,"Agree",0,"3","2","4",142
"10/12/2021 05:30","10/12/2021 05:52","IP Address","86.170.38.203","100","1272","True","10/12/2021 05:52","R_2b3kAHLPZbUDxu1","52.68629456","-1.067199707","anonymous","EN",54,"suspension force","radio on","wiper on gte 1","h1v1",3,"easy","E","H","M","WHAT_Qn",59.27,56.13,52.75,-1,7,"E","WHAT_Qn_E_E","E_E","jsndyks","1","82.668","38",21.270000000000003,4.419201773848765,"36",20.130000000000003,4.340206179911712,"9",43.75,5.455327220304561,"Neither agree nor disagree",0,"1","2","3",143
"10/12/2021 05:30","10/12/2021 05:52","IP Address","86.170.38.203","100","1272","True","10/12/2021 05:52","R_2b3kAHLPZbUDxu1","52.68629456","-1.067199707","anonymous","EN",64,"engine temperature","gps on","wiper on gte 1","h1v1",6,"medium","E","E","H","WHAT_Qn",25.9,24.93,41.69,-1,11,"E","WHAT_Qn_E_M","E_M","jsndyks","5","45.033","25",0.8999999999999986,0.03562390973071935,"78",-53.07,5.7332187426024595,"25",16.689999999999998,4.071676873751858,"Agree",0,"4","5","4",144
"10/12/2021 05:30","10/12/2021 05:52","IP Address","86.170.38.203","100","1272","True","10/12/2021 05:52","R_2b3kAHLPZbUDxu1","52.68629456","-1.067199707","anonymous","EN",38,"electricity consumption","wiper on","gps on gte 1","h1v1",3,"easy","M","E","H","WHAT_Ql",3.7,15.47,52.42,1,32,"E","WHAT_Ql_E_E","E_E","jsndyks","2","110.762","15",-11.3,3.5141222601707076,"81",-65.53,6.036832979585479,"18",34.42,5.110405006739277,"Neither agree nor disagree",0,"3","3","3",145
"10/12/2021 05:30","10/12/2021 05:52","IP Address","86.170.38.203","100","1272","True","10/12/2021 05:52","R_2b3kAHLPZbUDxu1","52.68629456","-1.067199707","anonymous","EN",34,"suspension force","gps on","wiper on gte 1","h1v1",9,"hard","E","H","H","WHAT_Qn",28.69,27.34,28.48,1,26,"E","WHAT_Qn_E_H","E_H","jsndyks","4","104.827","29",-0.3099999999999987,-1.2009126939260006,"89",-61.66,5.949184721814688,"31",-2.5199999999999996,1.4032677223393009,"Agree",1,"3","3","3",146
"10/12/2021 05:30","10/12/2021 05:52","IP Address","86.170.38.203","100","1272","True","10/12/2021 05:52","R_2b3kAHLPZbUDxu1","52.68629456","-1.067199707","anonymous","EN",68,"fuel consumption","gps on","wiper on gte 1","h1v1",9,"hard","E","M","E","WHAT_Qn",43.21,43.35,24.42,-1,21,"E","WHAT_Qn_E_H","E_H","jsndyks","1","189.728","17",26.21,4.718909554379232,"21",22.35,4.490249210627085,"9",15.420000000000002,3.9583787115663394,"Neither agree nor disagree",0,"2","1","0",147
"10/12/2021 05:30","10/12/2021 05:52","IP Address","86.170.38.203","100","1272","True","10/12/2021 05:52","R_2b3kAHLPZbUDxu1","52.68629456","-1.067199707","anonymous","EN",29,"engine temperature","radio on","wiper on gte 1","h1v1",9,"hard","E","H","E","WHAT_Qn",32.38,34.69,24.06,-1,24,"E","WHAT_Qn_E_H","E_H","jsndyks","2","114.254","26",6.380000000000003,2.701549056943071,"30",4.689999999999998,2.267535798068734,"35",-10.940000000000001,3.467931546026287,"Neither agree nor disagree",0,"3","2","1",148
"10/12/2021 05:30","10/12/2021 05:52","IP Address","86.170.38.203","100","1272","True","10/12/2021 05:52","R_2b3kAHLPZbUDxu1","52.68629456","-1.067199707","anonymous","EN",1,"electricity consumption","gps on","wiper on gte 1","h1v1",6,"medium","E","E","E","WHAT_Ql",23.83,78.73,29.2,-1,45,"E","WHAT_Ql_E_M","E_M","jsndyks","2","149.347","21",2.8299999999999983,1.5631581304028068,"30",48.730000000000004,5.610434315342335,"25",4.199999999999999,2.112700132749362,"Disagree",1,"2","2","2",149