StartDate,EndDate,Status,IPAddress,Progress,Duration_in_seconds,Finished,RecordedDate,ResponseId,LocationLatitude,LocationLongitude,DistributionChannel,UserLanguage,idc,drawnQn,drawnQl,queryString,flips,nMasks,dMask,dComplex_Qn,dComplex_Ql,dComplex_Where,focus,bslnA1,bslnA2,bslnA3,bslnB,cntrQ,dComplex_focus,info_focus_dComplex_dMask,info_dComplex_dMask,trustB,t,answerA1,diffA1,answerA2,diffA2,answerA3,diffA3,answerB,correctB,trustA1,trustA2,trustA3,uniqueCntrQuestion
"18/09/2021 10:35","18/09/2021 10:59","IP Address","187.154.255.254","100","1426","True","18/09/2021 10:59","R_tPyTVHSF1gEZbAR","19.55020142","-99.01360321","anonymous","EN",29,"engine temperature","radio on","wiper on gte 1","h0v0",4,"easy","E","H","E","WHAT_Qn",31.48,34.69,64.97,1,246,"E","WHAT_Qn_E_E","E_E","3","136.861","29",2.4800000000000004,"47",-12.310000000000002,"56",8.969999999999999,"Disagree",0,"3","3","4",0
"18/09/2021 10:35","18/09/2021 10:59","IP Address","187.154.255.254","100","1426","True","18/09/2021 10:59","R_tPyTVHSF1gEZbAR","19.55020142","-99.01360321","anonymous","EN",4,"suspension force","gps on","radio on gte 1","h0v0",6,"medium","H","E","E","WHAT_Qn",75.75,76.69,37.6,-1,331,"H","WHAT_Qn_H_M","H_M","4","101.4","79",-3.25,"85",-8.310000000000002,"37",0.6000000000000014,"Disagree",1,"3","4","3",1
"18/09/2021 10:35","18/09/2021 10:59","IP Address","187.154.255.254","100","1426","True","18/09/2021 10:59","R_tPyTVHSF1gEZbAR","19.55020142","-99.01360321","anonymous","EN",29,"engine temperature","radio on","wiper on gte 1","h0v0",13,"hard","E","H","E","WHAT_Qn",51.5,34.69,17.37,1,408,"E","WHAT_Qn_E_H","E_H","3","106.491","60",-8.5,"55",-20.310000000000002,"30",-12.629999999999999,"Agree",1,"4","3","4",2
"18/09/2021 10:35","18/09/2021 10:59","IP Address","187.154.255.254","100","1426","True","18/09/2021 10:59","R_tPyTVHSF1gEZbAR","19.55020142","-99.01360321","anonymous","EN",59,"electricity consumption","radio on","engine temperature gte 18.23","h0v0",4,"easy","M","M","M","WHAT_Ql",5.12,15.58,27.02,-1,8297,"M","WHAT_Ql_M_E","M_E","2","159.514","32",-26.88,"56",-40.42,"38",-10.98,"Neither agree nor disagree",0,"4","4","4",3
"18/09/2021 10:35","18/09/2021 10:59","IP Address","187.154.255.254","100","1426","True","18/09/2021 10:59","R_tPyTVHSF1gEZbAR","19.55020142","-99.01360321","anonymous","EN",67,"electricity consumption","wiper on","heating on gte 1","h0v0",3,"medium","H","H","H","WHAT_Ql",7.08,20.17,26.18,1,378,"H","WHAT_Ql_H_M","H_M","2","98.111","8",-0.9199999999999999,"17",3.1700000000000017,"26",0.17999999999999972,"Neither agree nor disagree",0,"4","4","4",4
"18/09/2021 10:35","18/09/2021 10:59","IP Address","187.154.255.254","100","1426","True","18/09/2021 10:59","R_tPyTVHSF1gEZbAR","19.55020142","-99.01360321","anonymous","EN",67,"electricity consumption","wiper on","heating on gte 1","h0v0",12,"hard","H","H","H","WHAT_Ql",10.72,20.17,59.87,1,459,"H","WHAT_Ql_H_H","H_H","4","172.472","13",-2.2799999999999994,"25",-4.829999999999998,"61",-1.1300000000000026,"Neither agree nor disagree",0,"2","1","3",5
"18/09/2021 10:35","18/09/2021 10:59","IP Address","187.154.255.254","100","1426","True","18/09/2021 10:59","R_tPyTVHSF1gEZbAR","19.55020142","-99.01360321","anonymous","EN",1,"electricity consumption","gps on","radio on gte 1","h0v0",4,"easy","E","E","E","WHERE",28.7,24.67,14.28,-1,298,"E","WHERE_E_E","E_E","0","49.7","30",-1.3000000000000007,"46",-21.33,"11",3.2799999999999994,"Neither agree nor disagree",0,"0","0","4",6
"18/09/2021 10:35","18/09/2021 10:59","IP Address","187.154.255.254","100","1426","True","18/09/2021 10:59","R_tPyTVHSF1gEZbAR","19.55020142","-99.01360321","anonymous","EN",59,"electricity consumption","radio on","wiper on gte 1","h0v0",8,"hard","M","M","M","WHAT_Qn",69.23,64.01,27.9,-1,8412,"M","WHAT_Qn_M_H","M_H","0","48.758","65",4.230000000000004,"34",30.010000000000005,"53",-25.1,"Neither agree nor disagree",0,"0","0","3",7
"18/09/2021 10:36","18/09/2021 11:08","IP Address","177.247.117.254","100","1940","True","18/09/2021 11:08","R_5p4FtLnxfnkF24p","19.26930237","-99.67179871","anonymous","EN",4,"suspension force","gps on","heating on gte 1","h0v0",3,"easy","H","E","E","WHAT_Qn",79.15,76.69,75.2,1,250,"H","WHAT_Qn_H_E","H_E","5","171.549","71",8.150000000000006,"82",-5.310000000000002,"70",5.200000000000003,"Disagree",0,"4","3","4",8
"18/09/2021 10:36","18/09/2021 11:08","IP Address","177.247.117.254","100","1940","True","18/09/2021 11:08","R_5p4FtLnxfnkF24p","19.26930237","-99.67179871","anonymous","EN",1,"electricity consumption","gps on","wiper on gte 1","h0v0",14,"hard","E","E","E","WHAT_Qn",44.46,42.6,53.03,-1,406,"E","WHAT_Qn_E_H","E_H","5","159.382","71",-26.54,"88",-45.4,"50",3.030000000000001,"Disagree",1,"4","3","3",9
"18/09/2021 10:36","18/09/2021 11:08","IP Address","177.247.117.254","100","1940","True","18/09/2021 11:08","R_5p4FtLnxfnkF24p","19.26930237","-99.67179871","anonymous","EN",29,"engine temperature","radio on","wiper on gte 1","h0v0",4,"easy","E","H","E","WHAT_Ql",49.99,71.6,65.02,1,273,"H","WHAT_Ql_H_E","H_E","3","109.35","50",-0.00999999999999801,"75",-3.4000000000000057,"55",10.019999999999996,"Neither agree nor disagree",0,"2","4","3",10
"18/09/2021 10:36","18/09/2021 11:08","IP Address","177.247.117.254","100","1940","True","18/09/2021 11:08","R_5p4FtLnxfnkF24p","19.26930237","-99.67179871","anonymous","EN",29,"engine temperature","radio on","heating on gte 1","h0v0",8,"medium","E","H","E","WHAT_Ql",21.19,71.6,26.13,1,354,"H","WHAT_Ql_H_M","H_M","5","148.194","30",-8.809999999999999,"76",-4.400000000000006,"20",6.129999999999999,"Disagree",0,"4","4","2",11
"18/09/2021 10:36","18/09/2021 11:08","IP Address","177.247.117.254","100","1940","True","18/09/2021 11:08","R_5p4FtLnxfnkF24p","19.26930237","-99.67179871","anonymous","EN",29,"engine temperature","radio on","wiper on gte 1","h0v0",13,"hard","E","H","E","WHAT_Ql",49.38,71.6,62.13,-1,435,"H","WHAT_Ql_H_H","H_H","5","65.828","60",-10.619999999999997,"70",1.5999999999999943,"65",-2.8699999999999974,"Disagree",1,"3","2","3",12
"18/09/2021 10:36","18/09/2021 11:08","IP Address","177.247.117.254","100","1940","True","18/09/2021 11:08","R_5p4FtLnxfnkF24p","19.26930237","-99.67179871","anonymous","EN",67,"electricity consumption","wiper on","radio on gte 1","h0v0",2,"easy","H","H","H","WHERE",36.44,32.54,75.85,-1,324,"H","WHERE_H_E","H_E","4","304.175","75",-38.56,"85",-52.46,"75",0.8499999999999943,"Agree",0,"3","4","4",13
"18/09/2021 10:36","18/09/2021 11:08","IP Address","177.247.117.254","100","1940","True","18/09/2021 11:08","R_5p4FtLnxfnkF24p","19.26930237","-99.67179871","anonymous","EN",29,"engine temperature","radio on","heating on gte 1","h0v0",4,"medium","E","H","E","WHERE",11.97,14.99,28.95,1,381,"E","WHERE_E_M","E_M","2","103.692","31",-19.03,"20",-5.01,"25",3.9499999999999993,"Disagree",0,"2","1","3",14
"18/09/2021 10:36","18/09/2021 11:08","IP Address","177.247.117.254","100","1940","True","18/09/2021 11:08","R_5p4FtLnxfnkF24p","19.26930237","-99.67179871","anonymous","EN",59,"electricity consumption","radio on","wiper on gte 1","h0v0",8,"hard","M","M","M","WHERE",41.43,36.12,35.27,1,8472,"M","WHERE_M_H","M_H","16.778",,,,,,,,,,,,,
"18/09/2021 10:20","18/09/2021 11:22","IP Address","201.97.166.181","100","3755","True","18/09/2021 11:22","R_2VKOR3LAMAt5sMg","20.94410706","-97.38860321","anonymous","EN",1,"electricity consumption","gps on","radio on gte 1","h0v0",4,"easy","E","E","E","WHAT_Qn",47.05,42.6,14.24,1,244,"E","WHAT_Qn_E_E","E_E","3","519.862","45",2.049999999999997,"50",-7.399999999999999,"20",-5.76,"Agree",1,"3","1","3",15
"18/09/2021 10:20","18/09/2021 11:22","IP Address","201.97.166.181","100","3755","True","18/09/2021 11:22","R_2VKOR3LAMAt5sMg","20.94410706","-97.38860321","anonymous","EN",1,"electricity consumption","gps on","wiper on gte 1","h0v0",7,"medium","E","E","E","WHAT_Qn",37.74,42.6,33.93,1,325,"E","WHAT_Qn_E_M","E_M","2","194.378","40",-2.259999999999998,"45",-2.3999999999999986,"50",-16.07,"Agree",1,"2","2","5",16
"18/09/2021 10:20","18/09/2021 11:22","IP Address","201.97.166.181","100","3755","True","18/09/2021 11:22","R_2VKOR3LAMAt5sMg","20.94410706","-97.38860321","anonymous","EN",1,"electricity consumption","gps on","radio on gte 1","h0v0",4,"easy","E","E","E","WHAT_Ql",5.84,78.73,12.38,1,271,"E","WHAT_Ql_E_E","E_E","5","393.087","90",-84.16,"78",0.730000000000004,"12",0.3800000000000008,"Disagree",0,"5","5","5",17
"18/09/2021 10:20","18/09/2021 11:22","IP Address","201.97.166.181","100","3755","True","18/09/2021 11:22","R_2VKOR3LAMAt5sMg","20.94410706","-97.38860321","anonymous","EN",4,"suspension force","gps on","wiper on gte 1","h0v0",5,"medium","H","E","E","WHAT_Ql",6.27,33.52,46.86,-1,358,"E","WHAT_Ql_E_M","E_M","3","113.765","10",-3.7300000000000004,"40",-6.479999999999997,"50",-3.1400000000000006,"Disagree",1,"3","5","5",18
"18/09/2021 10:20","18/09/2021 11:22","IP Address","201.97.166.181","100","3755","True","18/09/2021 11:22","R_2VKOR3LAMAt5sMg","20.94410706","-97.38860321","anonymous","EN",4,"suspension force","gps on","wiper on gte 1","h0v0",5,"hard","H","E","E","WHAT_Ql",14.31,33.52,50.39,1,439,"E","WHAT_Ql_E_H","E_H","3","122.599","100",-85.69,"40",-6.479999999999997,"60",-9.61,"Disagree",0,"5","5","5",19
"18/09/2021 10:20","18/09/2021 11:22","IP Address","201.97.166.181","100","3755","True","18/09/2021 11:22","R_2VKOR3LAMAt5sMg","20.94410706","-97.38860321","anonymous","EN",4,"suspension force","gps on","heating on gte 1","h0v0",3,"easy","H","E","E","WHERE",31.89,29.51,75.13,1,304,"E","WHERE_E_E","E_E","3","189.129","50",-18.11,"50",-20.49,"70",5.1299999999999955,"Disagree",0,"1","1","4",20
"18/09/2021 10:20","18/09/2021 11:22","IP Address","201.97.166.181","100","3755","True","18/09/2021 11:22","R_2VKOR3LAMAt5sMg","20.94410706","-97.38860321","anonymous","EN",67,"electricity consumption","wiper on","heating on gte 1","h0v0",6,"medium","H","H","H","WHERE",28.94,32.47,31.49,-1,405,"H","WHERE_H_M","H_M","4","95.044","30",-1.0599999999999987,"45",-12.530000000000001,"40",-8.510000000000002,"Agree",0,"1","1","3",21
"18/09/2021 10:20","18/09/2021 11:22","IP Address","201.97.166.181","100","3755","True","18/09/2021 11:22","R_2VKOR3LAMAt5sMg","20.94410706","-97.38860321","anonymous","EN",4,"suspension force","gps on","wiper on gte 1","h0v0",12,"hard","H","E","E","WHERE",22.71,27.53,28.14,1,466,"E","WHERE_E_H","E_H","2","182.681","35",-12.29,"50",-22.47,"40",-11.86,"Neither agree nor disagree",0,"2","2","4",22
"18/09/2021 10:29","18/09/2021 11:26","IP Address","189.237.159.14","100","3375","True","18/09/2021 11:26","R_12x06UKMRKJZlj2","28.71369934","-106.2089996","anonymous","EN",67,"electricity consumption","wiper on","radio on gte 1","h0v0",2,"easy","H","H","H","WHAT_Qn",54.44,56.78,75.65,1,270,"H","WHAT_Qn_H_E","H_E","2","174.8","52",2.4399999999999977,"57",-0.21999999999999886,"80",-4.349999999999994,"Disagree",0,"4","4","4",23
"18/09/2021 10:29","18/09/2021 11:26","IP Address","189.237.159.14","100","3375","True","18/09/2021 11:26","R_12x06UKMRKJZlj2","28.71369934","-106.2089996","anonymous","EN",59,"electricity consumption","radio on","wiper on gte 1","h0v0",6,"hard","M","M","M","WHAT_Qn",61.2,64.01,38.66,1,8432,"M","WHAT_Qn_M_H","M_H","4","200.397","24",37.2,"43",21.010000000000005,"7",31.659999999999997,"Disagree",0,"5","4","5",24
"18/09/2021 10:29","18/09/2021 11:26","IP Address","189.237.159.14","100","3375","True","18/09/2021 11:26","R_12x06UKMRKJZlj2","28.71369934","-106.2089996","anonymous","EN",59,"electricity consumption","radio on","wiper on gte 1","h0v0",11,"medium","M","M","M","WHAT_Ql",6.31,15.58,65.68,-1,8352,"M","WHAT_Ql_M_M","M_M","4","183.636","29",-22.69,"51",-35.42,"35",30.680000000000007,"Disagree",1,"4","4","3",25
"18/09/2021 10:29","18/09/2021 11:26","IP Address","189.237.159.14","100","3375","True","18/09/2021 11:26","R_12x06UKMRKJZlj2","28.71369934","-106.2089996","anonymous","EN",1,"electricity consumption","gps on","wiper on gte 1","h0v0",13,"hard","E","E","E","WHAT_Ql",46.96,78.73,61.44,-1,433,"E","WHAT_Ql_E_H","E_H","4","190.448","42",4.960000000000001,"78",0.730000000000004,"65",-3.5600000000000023,"Disagree",1,"4","5","5",26
"18/09/2021 10:29","18/09/2021 11:26","IP Address","189.237.159.14","100","3375","True","18/09/2021 11:26","R_12x06UKMRKJZlj2","28.71369934","-106.2089996","anonymous","EN",59,"electricity consumption","radio on","wiper on gte 1","h0v0",11,"medium","M","M","M","WHAT_Qn",67.97,64.01,55.52,1,8327,"M","WHAT_Qn_M_M","M_M","3","825.707","70",-2.030000000000001,"43",21.010000000000005,"33",22.520000000000003,"Neither agree nor disagree",0,"4","4","5",27
"18/09/2021 10:29","18/09/2021 11:26","IP Address","189.237.159.14","100","3375","True","18/09/2021 11:26","R_12x06UKMRKJZlj2","28.71369934","-106.2089996","anonymous","EN",4,"suspension force","gps on","wiper on gte 1","h0v0",4,"medium","H","E","E","WHERE",33.29,27.53,39.34,-1,385,"E","WHERE_E_M","E_M","5","255.653","41",-7.710000000000001,"35",-7.469999999999999,"38",1.3400000000000034,"Disagree",1,"3","3","4",28
"18/09/2021 10:29","18/09/2021 11:26","IP Address","189.237.159.14","100","3375","True","18/09/2021 11:26","R_12x06UKMRKJZlj2","28.71369934","-106.2089996","anonymous","EN",67,"electricity consumption","wiper on","heating on gte 1","h0v0",13,"hard","H","H","H","WHERE",29.46,32.47,61.94,1,486,"H","WHERE_H_H","H_H","2","199.882","31",-1.5399999999999991,"42",-9.530000000000001,"63",-1.0600000000000023,"Disagree",0,"3","3","3",29
"20/09/2021 01:42","20/09/2021 02:12","IP Address","147.161.163.8","100","1809","True","20/09/2021 02:12","R_2Uaae3O4yz1Rciv","-34.04859924","18.48109436","anonymous","EN",67,"electricity consumption","wiper on","radio on gte 1","h0v0",2,"easy","H","H","H","WHAT_Qn",54.44,56.78,75.65,1,270,"H","WHAT_Qn_H_E","H_E","4","76.687","65",-10.560000000000002,"64",-7.219999999999999,"90",-14.349999999999994,"Disagree",0,"4","3","4",30
"20/09/2021 01:42","20/09/2021 02:12","IP Address","147.161.163.8","100","1809","True","20/09/2021 02:12","R_2Uaae3O4yz1Rciv","-34.04859924","18.48109436","anonymous","EN",29,"engine temperature","radio on","wiper on gte 1","h0v0",13,"hard","E","H","E","WHAT_Qn",51.5,34.69,17.37,1,408,"E","WHAT_Qn_E_H","E_H","4","129.158","65",-13.5,"65",-30.310000000000002,"45",-27.63,"Agree",1,"4","4","3",31
"20/09/2021 01:42","20/09/2021 02:12","IP Address","147.161.163.8","100","1809","True","20/09/2021 02:12","R_2Uaae3O4yz1Rciv","-34.04859924","18.48109436","anonymous","EN",29,"engine temperature","radio on","wiper on gte 1","h0v0",4,"easy","E","H","E","WHAT_Ql",49.99,71.6,65.02,1,273,"H","WHAT_Ql_H_E","H_E","3","170.631","46",3.990000000000002,"83",-11.400000000000006,"51",14.019999999999996,"Disagree",0,"4","3","4",32
"20/09/2021 01:42","20/09/2021 02:12","IP Address","147.161.163.8","100","1809","True","20/09/2021 02:12","R_2Uaae3O4yz1Rciv","-34.04859924","18.48109436","anonymous","EN",59,"electricity consumption","radio on","wiper on gte 1","h0v0",11,"medium","M","M","M","WHAT_Ql",6.31,15.58,65.68,-1,8352,"M","WHAT_Ql_M_M","M_M","3","62.434","40",-33.69,"50",-34.42,"46",19.680000000000007,"Agree",0,"3","3","3",33
"20/09/2021 01:42","20/09/2021 02:12","IP Address","147.161.163.8","100","1809","True","20/09/2021 02:12","R_2Uaae3O4yz1Rciv","-34.04859924","18.48109436","anonymous","EN",4,"suspension force","gps on","wiper on gte 1","h0v0",5,"hard","H","E","E","WHAT_Ql",14.31,33.52,50.39,1,439,"E","WHAT_Ql_E_H","E_H","3","93.699","23",-8.69,"44",-10.479999999999997,"60",-9.61,"Disagree",0,"3","4","4",34
"20/09/2021 01:42","20/09/2021 02:12","IP Address","147.161.163.8","100","1809","True","20/09/2021 02:12","R_2Uaae3O4yz1Rciv","-34.04859924","18.48109436","anonymous","EN",67,"electricity consumption","wiper on","radio on gte 1","h0v0",2,"easy","H","H","H","WHERE",36.44,32.54,75.85,-1,324,"H","WHERE_H_E","H_E","2","113.289","15",21.439999999999998,"14",18.54,"81",-5.150000000000006,"Neither agree nor disagree",0,"3","2","4",35
"20/09/2021 01:42","20/09/2021 02:12","IP Address","147.161.163.8","100","1809","True","20/09/2021 02:12","R_2Uaae3O4yz1Rciv","-34.04859924","18.48109436","anonymous","EN",29,"engine temperature","radio on","heating on gte 1","h0v0",4,"medium","E","H","E","WHERE",11.97,14.99,28.95,1,381,"E","WHERE_E_M","E_M","4","169.077","7",4.970000000000001,"14",0.9900000000000002,"35",-6.050000000000001,"Disagree",0,"2","2","3",36
"20/09/2021 01:42","20/09/2021 02:12","IP Address","147.161.163.8","100","1809","True","20/09/2021 02:12","R_2Uaae3O4yz1Rciv","-34.04859924","18.48109436","anonymous","EN",59,"electricity consumption","radio on","wiper on gte 1","h0v0",8,"hard","M","M","M","WHERE",41.43,36.12,35.27,1,8472,"M","WHERE_M_H","M_H","32.15",,,,,,,,,,,,,
"20/09/2021 01:42","20/09/2021 02:17","IP Address","187.138.55.158","100","2080","True","20/09/2021 02:17","R_10vbFrajdLUXn9g","25.69200134","-100.2152023","anonymous","EN",1,"electricity consumption","gps on","radio on gte 1","h0v0",4,"easy","E","E","E","WHAT_Qn",47.05,42.6,14.24,1,244,"E","WHAT_Qn_E_E","E_E","3","177.67","45",2.049999999999997,"45",-2.3999999999999986,"13",1.2400000000000002,"Disagree",0,"4","4","4",37
"20/09/2021 01:42","20/09/2021 02:17","IP Address","187.138.55.158","100","2080","True","20/09/2021 02:17","R_10vbFrajdLUXn9g","25.69200134","-100.2152023","anonymous","EN",1,"electricity consumption","gps on","wiper on gte 1","h0v0",7,"medium","E","E","E","WHAT_Qn",37.74,42.6,33.93,1,325,"E","WHAT_Qn_E_M","E_M","3","97.239","38",-0.259999999999998,"45",-2.3999999999999986,"35",-1.0700000000000003,"Agree",1,"3","3","4",38
"20/09/2021 01:42","20/09/2021 02:17","IP Address","187.138.55.158","100","2080","True","20/09/2021 02:17","R_10vbFrajdLUXn9g","25.69200134","-100.2152023","anonymous","EN",4,"suspension force","gps on","wiper on gte 1","h0v0",5,"medium","H","E","E","WHAT_Ql",6.27,33.52,46.86,-1,358,"E","WHAT_Ql_E_M","E_M","3","111.134","9",-2.7300000000000004,"36",-2.479999999999997,"55",-8.14,"Agree",0,"4","4","4",39
"20/09/2021 01:42","20/09/2021 02:17","IP Address","187.138.55.158","100","2080","True","20/09/2021 02:17","R_10vbFrajdLUXn9g","25.69200134","-100.2152023","anonymous","EN",59,"electricity consumption","radio on","wiper on gte 1","h0v0",8,"hard","M","M","M","WHERE",40.95,36.12,40.81,1,8462,"M","WHERE_M_H","M_H","3","123.71","25",15.950000000000003,"55",-18.880000000000003,"33",7.810000000000002,"Agree",1,"4","4","3",40
"20/09/2021 01:42","20/09/2021 02:17","IP Address","187.138.55.158","100","2080","True","20/09/2021 02:17","R_10vbFrajdLUXn9g","25.69200134","-100.2152023","anonymous","EN",59,"electricity consumption","radio on","wiper on gte 1","h0v0",11,"medium","M","M","M","WHAT_Qn",67.97,64.01,55.52,1,8327,"M","WHAT_Qn_M_M","M_M","2","168.348","70",-2.030000000000001,"80",-15.989999999999995,"40",15.520000000000003,"Neither agree nor disagree",0,"2","2","4",41
"20/09/2021 01:42","20/09/2021 02:17","IP Address","187.138.55.158","100","2080","True","20/09/2021 02:17","R_10vbFrajdLUXn9g","25.69200134","-100.2152023","anonymous","EN",59,"electricity consumption","radio on","wiper on gte 1","h0v0",8,"hard","M","M","M","WHAT_Qn",69.23,64.01,27.9,-1,8412,"M","WHAT_Qn_M_H","M_H","3","64.545","30",39.230000000000004,"75",-10.989999999999995,"40",-12.100000000000001,"Disagree",1,"1","2","3",42
"20/09/2021 01:42","20/09/2021 02:17","IP Address","187.138.55.158","100","2080","True","20/09/2021 02:17","R_10vbFrajdLUXn9g","25.69200134","-100.2152023","anonymous","EN",1,"electricity consumption","gps on","wiper on gte 1","h0v0",13,"hard","E","E","E","WHERE",21.27,22.56,62.31,1,460,"E","WHERE_E_H","E_H","4","119.294","30",-8.73,"60",-37.44,"55",7.310000000000002,"Neither agree nor disagree",0,"1","1","3",43
"20/09/2021 07:27","20/09/2021 07:52","IP Address","83.24.119.111","100","1495","True","20/09/2021 07:52","R_3FPQZf73HbCRjLT","52.16949463","20.80760193","anonymous","EN",67,"electricity consumption","wiper on","radio on gte 1","h0v0",2,"easy","H","H","H","WHAT_Qn",54.44,56.78,75.65,1,270,"H","WHAT_Qn_H_E","H_E","5","137.306","36",18.439999999999998,"36",20.78,"76",-0.3499999999999943,"Disagree",0,"4","4","5",44
"20/09/2021 07:27","20/09/2021 07:52","IP Address","83.24.119.111","100","1495","True","20/09/2021 07:52","R_3FPQZf73HbCRjLT","52.16949463","20.80760193","anonymous","EN",67,"electricity consumption","wiper on","heating on gte 1","h0v0",3,"medium","H","H","H","WHAT_Qn",53.66,56.78,68.84,1,351,"H","WHAT_Qn_H_M","H_M","5","116.244","49",4.659999999999997,"66",-9.219999999999999,"43",25.840000000000003,"Disagree",0,"3","2","5",45
"20/09/2021 07:27","20/09/2021 07:52","IP Address","83.24.119.111","100","1495","True","20/09/2021 07:52","R_3FPQZf73HbCRjLT","52.16949463","20.80760193","anonymous","EN",29,"engine temperature","radio on","wiper on gte 1","h0v0",13,"hard","E","H","E","WHAT_Qn",51.5,34.69,17.37,1,408,"E","WHAT_Qn_E_H","E_H","4","97.154","52",-0.5,"40",-5.310000000000002,"20",-2.629999999999999,"Agree",1,"4","4","4",46
"20/09/2021 07:27","20/09/2021 07:52","IP Address","83.24.119.111","100","1495","True","20/09/2021 07:52","R_3FPQZf73HbCRjLT","52.16949463","20.80760193","anonymous","EN",59,"electricity consumption","radio on","wiper on gte 1","h0v0",11,"medium","M","M","M","WHAT_Ql",6.31,15.58,65.68,-1,8352,"M","WHAT_Ql_M_M","M_M","5","135.156","63",-56.69,"55",-39.42,"38",27.680000000000007,"Neither agree nor disagree",0,"4","4","4",47
"20/09/2021 07:27","20/09/2021 07:52","IP Address","83.24.119.111","100","1495","True","20/09/2021 07:52","R_3FPQZf73HbCRjLT","52.16949463","20.80760193","anonymous","EN",67,"electricity consumption","wiper on","heating on gte 1","h0v0",12,"hard","H","H","H","WHAT_Ql",10.72,20.17,59.87,1,459,"H","WHAT_Ql_H_H","H_H","3","161.885","68",-57.28,"23",-2.8299999999999983,"61",-1.1300000000000026,"Neither agree nor disagree",0,"4","5","4",48
"20/09/2021 07:27","20/09/2021 07:52","IP Address","83.24.119.111","100","1495","True","20/09/2021 07:52","R_3FPQZf73HbCRjLT","52.16949463","20.80760193","anonymous","EN",1,"electricity consumption","gps on","radio on gte 1","h0v0",4,"easy","E","E","E","WHERE",28.7,24.67,14.28,-1,298,"E","WHERE_E_E","E_E","4","104.277","45",-16.3,"72",-47.33,"15",-0.7200000000000006,"Neither agree nor disagree",0,"2","5","5",49
"20/09/2021 07:27","20/09/2021 07:52","IP Address","83.24.119.111","100","1495","True","20/09/2021 07:52","R_3FPQZf73HbCRjLT","52.16949463","20.80760193","anonymous","EN",67,"electricity consumption","wiper on","heating on gte 1","h0v0",6,"medium","H","H","H","WHERE",28.94,32.47,31.49,-1,405,"H","WHERE_H_M","H_M","5","98.621","48",-19.06,"57",-24.53,"38",-6.510000000000002,"Neither agree nor disagree",0,"5","4","5",50
"20/09/2021 07:27","20/09/2021 07:52","IP Address","83.24.119.111","100","1495","True","20/09/2021 07:52","R_3FPQZf73HbCRjLT","52.16949463","20.80760193","anonymous","EN",4,"suspension force","gps on","wiper on gte 1","h0v0",12,"hard","H","E","E","WHERE",22.71,27.53,28.14,1,466,"E","WHERE_E_H","E_H","5","148.521","60",-37.29,"70",-42.47,"28",0.14000000000000057,"Disagree",0,"4","5","4",51
"20/09/2021 07:27","20/09/2021 07:59","IP Address","189.216.50.231","100","1912","True","20/09/2021 07:59","R_1DBVh950v5ifjx8","19.36279297","-99.20749664","anonymous","EN",4,"suspension force","gps on","heating on gte 1","h0v0",3,"easy","H","E","E","WHAT_Qn",79.15,76.69,75.2,1,250,"H","WHAT_Qn_H_E","H_E","5","87.015","83",-3.8499999999999943,"70",6.689999999999998,"78",-2.799999999999997,"Neither agree nor disagree",0,"5","5","5",52
"20/09/2021 07:27","20/09/2021 07:59","IP Address","189.216.50.231","100","1912","True","20/09/2021 07:59","R_1DBVh950v5ifjx8","19.36279297","-99.20749664","anonymous","EN",1,"electricity consumption","gps on","wiper on gte 1","h0v0",14,"hard","E","E","E","WHAT_Qn",44.46,42.6,53.03,-1,406,"E","WHAT_Qn_E_H","E_H","5","121.758","50",-5.539999999999999,"45",-2.3999999999999986,"60",-6.969999999999999,"Agree",0,"4","4","5",53
"20/09/2021 07:27","20/09/2021 07:59","IP Address","189.216.50.231","100","1912","True","20/09/2021 07:59","R_1DBVh950v5ifjx8","19.36279297","-99.20749664","anonymous","EN",4,"suspension force","gps on","wiper on gte 1","h0v0",5,"medium","H","E","E","WHAT_Ql",6.27,33.52,46.86,-1,358,"E","WHAT_Ql_E_M","E_M","5","94.552","10",-3.7300000000000004,"32",1.5200000000000031,"48",-1.1400000000000006,"Agree",0,"5","5","5",54
"20/09/2021 07:27","20/09/2021 07:59","IP Address","189.216.50.231","100","1912","True","20/09/2021 07:59","R_1DBVh950v5ifjx8","19.36279297","-99.20749664","anonymous","EN",4,"suspension force","gps on","wiper on gte 1","h0v0",5,"hard","H","E","E","WHAT_Ql",14.31,33.52,50.39,1,439,"E","WHAT_Ql_E_H","E_H","4","138.073","17",-2.6899999999999995,"33",0.5200000000000031,"50",0.39000000000000057,"Disagree",0,"5","5","4",55
"20/09/2021 07:27","20/09/2021 07:59","IP Address","189.216.50.231","100","1912","True","20/09/2021 07:59","R_1DBVh950v5ifjx8","19.36279297","-99.20749664","anonymous","EN",67,"electricity consumption","wiper on","radio on gte 1","h0v0",2,"easy","H","H","H","WHERE",36.44,32.54,75.85,-1,324,"H","WHERE_H_E","H_E","5","98.999","45",-8.560000000000002,"30",2.539999999999999,"78",-2.1500000000000057,"Agree",0,"4","3","5",56
"20/09/2021 07:27","20/09/2021 07:59","IP Address","189.216.50.231","100","1912","True","20/09/2021 07:59","R_1DBVh950v5ifjx8","19.36279297","-99.20749664","anonymous","EN",4,"suspension force","gps on","wiper on gte 1","h0v0",4,"medium","H","E","E","WHERE",33.29,27.53,39.34,-1,385,"E","WHERE_E_M","E_M","4","256.069","30",3.289999999999999,"40",-12.469999999999999,"42",-2.6599999999999966,"Agree",0,"3","3","5",57
"20/09/2021 07:27","20/09/2021 07:59","IP Address","189.216.50.231","100","1912","True","20/09/2021 07:59","R_1DBVh950v5ifjx8","19.36279297","-99.20749664","anonymous","EN",1,"electricity consumption","gps on","wiper on gte 1","h0v0",13,"hard","E","E","E","WHERE",21.27,22.56,62.31,1,460,"E","WHERE_E_H","E_H","4","96.613","48",-26.73,"55",-32.44,"65",-2.6899999999999977,"Neither agree nor disagree",0,"3","3","5",58
"20/09/2021 07:38","20/09/2021 08:06","IP Address","188.127.131.53","100","1695","True","20/09/2021 08:06","R_2ea803h2L9L2evi","47.77229309","19.12550354","anonymous","EN",29,"engine temperature","radio on","wiper on gte 1","h0v0",4,"easy","E","H","E","WHAT_Qn",31.48,34.69,64.97,1,246,"E","WHAT_Qn_E_E","E_E","4","144.071","30",1.4800000000000004,"35",-0.3100000000000023,"60",4.969999999999999,"Disagree",0,"4","4","5",59
"20/09/2021 07:38","20/09/2021 08:06","IP Address","188.127.131.53","100","1695","True","20/09/2021 08:06","R_2ea803h2L9L2evi","47.77229309","19.12550354","anonymous","EN",29,"engine temperature","radio on","wiper on gte 1","h0v0",4,"easy","E","H","E","WHAT_Ql",49.99,71.6,65.02,1,273,"H","WHAT_Ql_H_E","H_E","5","244.348","53",-3.009999999999998,"65",6.599999999999994,"60",5.019999999999996,"Disagree",0,"3","4","3",60
"20/09/2021 07:38","20/09/2021 08:06","IP Address","188.127.131.53","100","1695","True","20/09/2021 08:06","R_2ea803h2L9L2evi","47.77229309","19.12550354","anonymous","EN",29,"engine temperature","radio on","heating on gte 1","h0v0",8,"medium","E","H","E","WHAT_Ql",21.19,71.6,26.13,1,354,"H","WHAT_Ql_H_M","H_M","5","114.033","17",4.190000000000001,"66",5.599999999999994,"22",4.129999999999999,"Agree",1,"4","4","3",61
"20/09/2021 07:38","20/09/2021 08:06","IP Address","188.127.131.53","100","1695","True","20/09/2021 08:06","R_2ea803h2L9L2evi","47.77229309","19.12550354","anonymous","EN",1,"electricity consumption","gps on","wiper on gte 1","h0v0",13,"hard","E","E","E","WHAT_Ql",46.96,78.73,61.44,-1,433,"E","WHAT_Ql_E_H","E_H","5","153.636","46",0.9600000000000009,"78",0.730000000000004,"60",1.4399999999999977,"Disagree",1,"4","5","4",62
"20/09/2021 07:38","20/09/2021 08:06","IP Address","188.127.131.53","100","1695","True","20/09/2021 08:06","R_2ea803h2L9L2evi","47.77229309","19.12550354","anonymous","EN",4,"suspension force","gps on","heating on gte 1","h0v0",3,"easy","H","E","E","WHERE",31.89,29.51,75.13,1,304,"E","WHERE_E_E","E_E","2","114.728","46",-14.11,"35",-5.489999999999998,"70",5.1299999999999955,"Agree",1,"3","4","4",63
"20/09/2021 07:38","20/09/2021 08:06","IP Address","188.127.131.53","100","1695","True","20/09/2021 08:06","R_2ea803h2L9L2evi","47.77229309","19.12550354","anonymous","EN",29,"engine temperature","radio on","heating on gte 1","h0v0",4,"medium","E","H","E","WHERE",11.97,14.99,28.95,1,381,"E","WHERE_E_M","E_M","3","134.425","8",3.9700000000000006,"20",-5.01,"29",-0.05000000000000071,"Disagree",0,"4","4","5",64
"20/09/2021 07:38","20/09/2021 08:06","IP Address","188.127.131.53","100","1695","True","20/09/2021 08:06","R_2ea803h2L9L2evi","47.77229309","19.12550354","anonymous","EN",59,"electricity consumption","radio on","wiper on gte 1","h0v0",8,"hard","M","M","M","WHERE",41.43,36.12,35.27,1,8472,"M","WHERE_M_H","M_H","4.393",,,,,,,,,,,,,
"20/09/2021 07:36","20/09/2021 08:11","IP Address","85.242.177.247","100","2092","True","20/09/2021 08:11","R_1obETrCFmHxnj5Z","38.77850342","-9.10710144","anonymous","EN",1,"electricity consumption","gps on","radio on gte 1","h0v0",4,"easy","E","E","E","WHAT_Qn",47.05,42.6,14.24,1,244,"E","WHAT_Qn_E_E","E_E","5","134.8","45",2.049999999999997,"45",-2.3999999999999986,"5",9.24,"Disagree",0,"4","4","5",65
"20/09/2021 07:36","20/09/2021 08:11","IP Address","85.242.177.247","100","2092","True","20/09/2021 08:11","R_1obETrCFmHxnj5Z","38.77850342","-9.10710144","anonymous","EN",4,"suspension force","gps on","radio on gte 1","h0v0",6,"medium","H","E","E","WHAT_Qn",75.75,76.69,37.6,-1,331,"H","WHAT_Qn_H_M","H_M","5","109.994","80",-4.25,"80",-3.3100000000000023,"35",2.6000000000000014,"Disagree",1,"4","4","5",66
"20/09/2021 07:36","20/09/2021 08:11","IP Address","85.242.177.247","100","2092","True","20/09/2021 08:11","R_1obETrCFmHxnj5Z","38.77850342","-9.10710144","anonymous","EN",59,"electricity consumption","radio on","engine temperature gte 18.23","h0v0",4,"easy","M","M","M","WHAT_Ql",5.12,15.58,27.02,-1,8297,"M","WHAT_Ql_M_E","M_E","3","244.962","30",-24.88,"58",-42.42,"30",-2.9800000000000004,"Neither agree nor disagree",0,"5","5","5",67
"20/09/2021 07:36","20/09/2021 08:11","IP Address","85.242.177.247","100","2092","True","20/09/2021 08:11","R_1obETrCFmHxnj5Z","38.77850342","-9.10710144","anonymous","EN",67,"electricity consumption","wiper on","heating on gte 1","h0v0",3,"medium","H","H","H","WHAT_Ql",7.08,20.17,26.18,1,378,"H","WHAT_Ql_H_M","H_M","4","146.721","8",-0.9199999999999999,"12",8.170000000000002,"20",6.18,"Neither agree nor disagree",0,"5","5","5",68
"20/09/2021 07:36","20/09/2021 08:11","IP Address","85.242.177.247","100","2092","True","20/09/2021 08:11","R_1obETrCFmHxnj5Z","38.77850342","-9.10710144","anonymous","EN",59,"electricity consumption","radio on","wiper on gte 1","h0v0",8,"hard","M","M","M","WHERE",40.95,36.12,40.81,1,8462,"M","WHERE_M_H","M_H","5","132.209","10",30.950000000000003,"60",-23.880000000000003,"25",15.810000000000002,"Disagree",0,"4","5","4",69
"20/09/2021 07:36","20/09/2021 08:11","IP Address","85.242.177.247","100","2092","True","20/09/2021 08:11","R_1obETrCFmHxnj5Z","38.77850342","-9.10710144","anonymous","EN",59,"electricity consumption","radio on","wiper on gte 1","h0v0",11,"medium","M","M","M","WHAT_Qn",67.97,64.01,55.52,1,8327,"M","WHAT_Qn_M_M","M_M","4","350.631","35",32.97,"40",24.010000000000005,"30",25.520000000000003,"Agree",1,"2","3","5",70
"20/09/2021 07:36","20/09/2021 08:11","IP Address","85.242.177.247","100","2092","True","20/09/2021 08:11","R_1obETrCFmHxnj5Z","38.77850342","-9.10710144","anonymous","EN",59,"electricity consumption","radio on","wiper on gte 1","h0v0",8,"hard","M","M","M","WHAT_Qn",69.23,64.01,27.9,-1,8412,"M","WHAT_Qn_M_H","M_H","2","90.462","50",19.230000000000004,"40",24.010000000000005,"50",-22.1,"Agree",0,"1","3","5",71
"20/09/2021 07:27","20/09/2021 08:11","IP Address","84.90.40.71","100","2630","True","20/09/2021 08:11","R_2TpDf0tBk6vd66l","40.92660522","-8.545806885","anonymous","EN",59,"electricity consumption","radio on","engine temperature gte 18.23","h0v0",4,"easy","M","M","M","WHAT_Ql",5.12,15.58,27.02,-1,8277,"M","WHAT_Ql_M_E","M_E","4","202.993","52",-46.88,"44",-28.42,"40",-12.98,"Neither agree nor disagree",0,"3","2","3",72
"20/09/2021 07:27","20/09/2021 08:11","IP Address","84.90.40.71","100","2630","True","20/09/2021 08:11","R_2TpDf0tBk6vd66l","40.92660522","-8.545806885","anonymous","EN",1,"electricity consumption","gps on","wiper on gte 1","h0v0",7,"medium","E","E","E","WHAT_Qn",37.74,42.6,33.93,1,325,"E","WHAT_Qn_E_M","E_M","4","172.584","36",1.740000000000002,"38",4.600000000000001,"32",1.9299999999999997,"Disagree",0,"2","2","3",73
"20/09/2021 07:27","20/09/2021 08:11","IP Address","84.90.40.71","100","2630","True","20/09/2021 08:11","R_2TpDf0tBk6vd66l","40.92660522","-8.545806885","anonymous","EN",59,"electricity consumption","radio on","wiper on gte 1","h0v0",6,"hard","M","M","M","WHAT_Qn",61.2,64.01,38.66,1,8432,"M","WHAT_Qn_M_H","M_H","4","210.171","27",34.2,"38",26.010000000000005,"5",33.66,"Disagree",0,"3","3","3",74
"20/09/2021 07:27","20/09/2021 08:11","IP Address","84.90.40.71","100","2630","True","20/09/2021 08:11","R_2TpDf0tBk6vd66l","40.92660522","-8.545806885","anonymous","EN",1,"electricity consumption","gps on","radio on gte 1","h0v0",4,"easy","E","E","E","WHAT_Ql",5.84,78.73,12.38,1,271,"E","WHAT_Ql_E_E","E_E","3","139.831","5",0.8399999999999999,"78",0.730000000000004,"11",1.3800000000000008,"Agree",1,"4","4","4",75
"20/09/2021 07:27","20/09/2021 08:11","IP Address","84.90.40.71","100","2630","True","20/09/2021 08:11","R_2TpDf0tBk6vd66l","40.92660522","-8.545806885","anonymous","EN",29,"engine temperature","radio on","wiper on gte 1","h0v0",13,"hard","E","H","E","WHAT_Ql",49.38,71.6,62.13,-1,435,"H","WHAT_Ql_H_H","H_H","5","556.097","54",-4.619999999999997,"74",-2.4000000000000057,"62",0.13000000000000256,"Disagree",1,"4","4","4",76
"20/09/2021 07:27","20/09/2021 08:11","IP Address","84.90.40.71","100","2630","True","20/09/2021 08:11","R_2TpDf0tBk6vd66l","40.92660522","-8.545806885","anonymous","EN",29,"engine temperature","radio on","wiper on gte 1","h0v0",4,"easy","E","H","E","WHERE",17.82,15.5,64.87,-1,300,"E","WHERE_E_E","E_E","5","219.782","40",-22.18,"35",-19.5,"70",-5.1299999999999955,"Disagree",1,"1","1","4",77
"20/09/2021 07:27","20/09/2021 08:11","IP Address","84.90.40.71","100","2630","True","20/09/2021 08:11","R_2TpDf0tBk6vd66l","40.92660522","-8.545806885","anonymous","EN",1,"electricity consumption","gps on","wiper on gte 1","h0v0",3,"medium","E","E","E","WHERE",17.26,22.56,27.96,1,379,"E","WHERE_E_M","E_M","3","154.077","22",-4.739999999999998,"46",-23.44,"34",-6.039999999999999,"Agree",1,"2","2","4",78
"20/09/2021 07:27","20/09/2021 08:11","IP Address","84.90.40.71","100","2630","True","20/09/2021 08:11","R_2TpDf0tBk6vd66l","40.92660522","-8.545806885","anonymous","EN",67,"electricity consumption","wiper on","heating on gte 1","h0v0",13,"hard","H","H","H","WHERE",29.46,32.47,61.94,1,486,"H","WHERE_H_H","H_H","3","217.524","35",-5.539999999999999,"54",-21.53,"56",5.939999999999998,"Agree",1,"1","2","4",79
"20/09/2021 10:44","20/09/2021 11:18","IP Address","93.43.201.44","100","2065","True","20/09/2021 11:18","R_26l123X8vsoNlDs","45.47219849","9.192199707","anonymous","EN",29,"engine temperature","radio on","wiper on gte 1","h0v0",4,"easy","E","H","E","WHAT_Qn",31.48,34.69,64.97,1,246,"E","WHAT_Qn_E_E","E_E","4","92.178","30",1.4800000000000004,"38",-3.3100000000000023,"60",4.969999999999999,"Disagree",0,"3","3","5",80
"20/09/2021 10:44","20/09/2021 11:18","IP Address","93.43.201.44","100","2065","True","20/09/2021 11:18","R_26l123X8vsoNlDs","45.47219849","9.192199707","anonymous","EN",1,"electricity consumption","gps on","wiper on gte 1","h0v0",7,"medium","E","E","E","WHAT_Qn",37.74,42.6,33.93,1,325,"E","WHAT_Qn_E_M","E_M","5","372.94","41",-3.259999999999998,"48",-5.399999999999999,"30",3.9299999999999997,"Disagree",0,"4","4","4",81
"20/09/2021 10:44","20/09/2021 11:18","IP Address","93.43.201.44","100","2065","True","20/09/2021 11:18","R_26l123X8vsoNlDs","45.47219849","9.192199707","anonymous","EN",1,"electricity consumption","gps on","wiper on gte 1","h0v0",14,"hard","E","E","E","WHAT_Qn",44.46,42.6,53.03,-1,406,"E","WHAT_Qn_E_H","E_H","5","233.573","40",4.460000000000001,"35",7.600000000000001,"47",6.030000000000001,"Disagree",1,"4","3","5",82
"20/09/2021 10:44","20/09/2021 11:18","IP Address","93.43.201.44","100","2065","True","20/09/2021 11:18","R_26l123X8vsoNlDs","45.47219849","9.192199707","anonymous","EN",67,"electricity consumption","wiper on","heating on gte 1","h0v0",12,"hard","H","H","H","WHAT_Ql",10.72,20.17,59.87,1,459,"H","WHAT_Ql_H_H","H_H","4","154.454","12",-1.2799999999999994,"23",-2.8299999999999983,"38",21.869999999999997,"Agree",1,"5","5","5",83
"20/09/2021 10:44","20/09/2021 11:18","IP Address","93.43.201.44","100","2065","True","20/09/2021 11:18","R_26l123X8vsoNlDs","45.47219849","9.192199707","anonymous","EN",4,"suspension force","gps on","heating on gte 1","h0v0",3,"easy","H","E","E","WHERE",31.89,29.51,75.13,1,304,"E","WHERE_E_E","E_E","3","109.81","40",-8.11,"40",-10.489999999999998,"70",5.1299999999999955,"Neither agree nor disagree",0,"3","3","5",84
"20/09/2021 10:44","20/09/2021 11:18","IP Address","93.43.201.44","100","2065","True","20/09/2021 11:18","R_26l123X8vsoNlDs","45.47219849","9.192199707","anonymous","EN",1,"electricity consumption","gps on","wiper on gte 1","h0v0",3,"medium","E","E","E","WHERE",17.26,22.56,27.96,1,379,"E","WHERE_E_M","E_M","1","84.651","15",2.2600000000000016,"30",-7.440000000000001,"35",-7.039999999999999,"Neither agree nor disagree",0,"3","3","5",85
"20/09/2021 10:44","20/09/2021 11:18","IP Address","93.43.201.44","100","2065","True","20/09/2021 11:18","R_26l123X8vsoNlDs","45.47219849","9.192199707","anonymous","EN",67,"electricity consumption","wiper on","heating on gte 1","h0v0",13,"hard","H","H","H","WHERE",29.46,32.47,61.94,1,486,"H","WHERE_H_H","H_H","1","220.955","35",-5.539999999999999,"40",-7.530000000000001,"59",2.9399999999999977,"Neither agree nor disagree",0,"3","3","5",86
"20/09/2021 10:44","20/09/2021 11:29","IP Address","187.158.81.111","100","2669","True","20/09/2021 11:29","R_27HfMKJElc8Rh4l","29.16589355","-110.8162003","anonymous","EN",59,"electricity consumption","radio on","engine temperature gte 18.23","h0v0",4,"easy","M","M","M","WHAT_Ql",5.12,15.58,27.02,-1,8277,"M","WHAT_Ql_M_E","M_E","4","221.68","47",-41.88,"36",-20.42,"39",-11.98,"Disagree",1,"5","4","5",87
"20/09/2021 10:44","20/09/2021 11:29","IP Address","187.158.81.111","100","2669","True","20/09/2021 11:29","R_27HfMKJElc8Rh4l","29.16589355","-110.8162003","anonymous","EN",29,"engine temperature","radio on","wiper on gte 1","h0v0",13,"hard","E","H","E","WHAT_Qn",51.5,34.69,17.37,1,408,"E","WHAT_Qn_E_H","E_H","5","157.069","60",-8.5,"35",-0.3100000000000023,"11",6.370000000000001,"Agree",1,"5","5","5",88
"20/09/2021 10:44","20/09/2021 11:29","IP Address","187.158.81.111","100","2669","True","20/09/2021 11:29","R_27HfMKJElc8Rh4l","29.16589355","-110.8162003","anonymous","EN",29,"engine temperature","radio on","wiper on gte 1","h0v0",4,"easy","E","H","E","WHAT_Ql",49.99,71.6,65.02,1,273,"H","WHAT_Ql_H_E","H_E","5","309.073","58",-8.009999999999998,"72",-0.4000000000000057,"65",0.01999999999999602,"Neither agree nor disagree",0,"5","5","4",89
"20/09/2021 10:44","20/09/2021 11:29","IP Address","187.158.81.111","100","2669","True","20/09/2021 11:29","R_27HfMKJElc8Rh4l","29.16589355","-110.8162003","anonymous","EN",67,"electricity consumption","wiper on","heating on gte 1","h0v0",3,"medium","H","H","H","WHAT_Ql",7.08,20.17,26.18,1,378,"H","WHAT_Ql_H_M","H_M","5","307.583","50",-42.92,"21",-0.8299999999999983,"29",-2.8200000000000003,"Neither agree nor disagree",0,"5","4","5",90
"20/09/2021 10:44","20/09/2021 11:29","IP Address","187.158.81.111","100","2669","True","20/09/2021 11:29","R_27HfMKJElc8Rh4l","29.16589355","-110.8162003","anonymous","EN",29,"engine temperature","radio on","wiper on gte 1","h0v0",13,"hard","E","H","E","WHAT_Ql",49.38,71.6,62.13,-1,435,"H","WHAT_Ql_H_H","H_H","5","282.77","65",-15.619999999999997,"75",-3.4000000000000057,"69",-6.869999999999997,"Neither agree nor disagree",0,"5","5","5",91
"20/09/2021 10:44","20/09/2021 11:29","IP Address","187.158.81.111","100","2669","True","20/09/2021 11:29","R_27HfMKJElc8Rh4l","29.16589355","-110.8162003","anonymous","EN",29,"engine temperature","radio on","wiper on gte 1","h0v0",4,"easy","E","H","E","WHERE",17.82,15.5,64.87,-1,300,"E","WHERE_E_E","E_E","5","180.392","40",-22.18,"25",-9.5,"60",4.8700000000000045,"Agree",0,"1","5","5",92
"20/09/2021 10:44","20/09/2021 11:29","IP Address","187.158.81.111","100","2669","True","20/09/2021 11:29","R_27HfMKJElc8Rh4l","29.16589355","-110.8162003","anonymous","EN",67,"electricity consumption","wiper on","heating on gte 1","h0v0",6,"medium","H","H","H","WHERE",28.94,32.47,31.49,-1,405,"H","WHERE_H_M","H_M","3","216.573","40",-11.059999999999999,"60",-27.53,"35",-3.5100000000000016,"Neither agree nor disagree",0,"2","4","5",93
"20/09/2021 11:29","20/09/2021 11:47","IP Address","187.250.139.21","100","1066","True","20/09/2021 11:47","R_e3x43V8sZaoT46B","32.40409851","-116.8198013","anonymous","EN",1,"electricity consumption","gps on","radio on gte 1","h0v0",4,"easy","E","E","E","WHAT_Qn",47.05,42.6,14.24,1,244,"E","WHAT_Qn_E_E","E_E","2","63.336","40",7.049999999999997,"68",-25.4,"22",-7.76,"Neither agree nor disagree",0,"2","4","5",94
"20/09/2021 11:29","20/09/2021 11:47","IP Address","187.250.139.21","100","1066","True","20/09/2021 11:47","R_e3x43V8sZaoT46B","32.40409851","-116.8198013","anonymous","EN",59,"electricity consumption","radio on","wiper on gte 1","h0v0",6,"hard","M","M","M","WHAT_Qn",61.2,64.01,38.66,1,8432,"M","WHAT_Qn_M_H","M_H","2","112.404","64",-2.799999999999997,"50",14.010000000000005,"5",33.66,"Agree",1,"4","4","4",95
"20/09/2021 11:29","20/09/2021 11:47","IP Address","187.250.139.21","100","1066","True","20/09/2021 11:47","R_e3x43V8sZaoT46B","32.40409851","-116.8198013","anonymous","EN",59,"electricity consumption","radio on","wiper on gte 1","h0v0",11,"medium","M","M","M","WHAT_Ql",6.31,15.58,65.68,-1,8352,"M","WHAT_Ql_M_M","M_M","2","31.754","47",-40.69,"61",-45.42,"36",29.680000000000007,"Neither agree nor disagree",0,"2","5","3",96
"20/09/2021 11:29","20/09/2021 11:47","IP Address","187.250.139.21","100","1066","True","20/09/2021 11:47","R_e3x43V8sZaoT46B","32.40409851","-116.8198013","anonymous","EN",4,"suspension force","gps on","wiper on gte 1","h0v0",5,"hard","H","E","E","WHAT_Ql",14.31,33.52,50.39,1,439,"E","WHAT_Ql_E_H","E_H","2","56.481","32",-17.689999999999998,"30",3.520000000000003,"50",0.39000000000000057,"Neither agree nor disagree",0,"2","3","3",97
"20/09/2021 11:29","20/09/2021 11:47","IP Address","187.250.139.21","100","1066","True","20/09/2021 11:47","R_e3x43V8sZaoT46B","32.40409851","-116.8198013","anonymous","EN",59,"electricity consumption","radio on","wiper on gte 1","h0v0",11,"medium","M","M","M","WHAT_Qn",67.97,64.01,55.52,1,8327,"M","WHAT_Qn_M_M","M_M","3","76.545","19",48.97,"11",53.010000000000005,"31",24.520000000000003,"Neither agree nor disagree",0,"2","4","5",98
"20/09/2021 11:29","20/09/2021 11:47","IP Address","187.250.139.21","100","1066","True","20/09/2021 11:47","R_e3x43V8sZaoT46B","32.40409851","-116.8198013","anonymous","EN",29,"engine temperature","radio on","heating on gte 1","h0v0",4,"medium","E","H","E","WHERE",11.97,14.99,28.95,1,381,"E","WHERE_E_M","E_M","3","46.62","44",-32.03,"31",-16.009999999999998,"25",3.9499999999999993,"Neither agree nor disagree",0,"1","4","5",99
"20/09/2021 11:29","20/09/2021 11:47","IP Address","187.250.139.21","100","1066","True","20/09/2021 11:47","R_e3x43V8sZaoT46B","32.40409851","-116.8198013","anonymous","EN",4,"suspension force","gps on","wiper on gte 1","h0v0",12,"hard","H","E","E","WHERE",22.71,27.53,28.14,1,466,"E","WHERE_E_H","E_H","3","98.364","43",-20.29,"16",11.530000000000001,"50",-21.86,"Neither agree nor disagree",0,"4","3","4",100
"20/09/2021 13:04","20/09/2021 13:34","IP Address","187.144.43.7","100","1782","True","20/09/2021 13:34","R_2ypdtw1n6zqbGO3","20.67070007","-105.2160034","anonymous","EN",4,"suspension force","gps on","heating on gte 1","h0v0",3,"easy","H","E","E","WHAT_Qn",79.15,76.69,75.2,1,250,"H","WHAT_Qn_H_E","H_E","5","65.068","76",3.1500000000000057,"64",12.689999999999998,"74",1.2000000000000028,"Disagree",0,"4","2","5",101
"20/09/2021 13:04","20/09/2021 13:34","IP Address","187.144.43.7","100","1782","True","20/09/2021 13:34","R_2ypdtw1n6zqbGO3","20.67070007","-105.2160034","anonymous","EN",67,"electricity consumption","wiper on","heating on gte 1","h0v0",3,"medium","H","H","H","WHAT_Qn",53.66,56.78,68.84,1,351,"H","WHAT_Qn_H_M","H_M","2","61.684","40",13.659999999999997,"58",-1.2199999999999989,"35",33.84,"Neither agree nor disagree",0,"2","3","4",102
"20/09/2021 13:04","20/09/2021 13:34","IP Address","187.144.43.7","100","1782","True","20/09/2021 13:34","R_2ypdtw1n6zqbGO3","20.67070007","-105.2160034","anonymous","EN",59,"electricity consumption","radio on","wiper on gte 1","h0v0",6,"hard","M","M","M","WHAT_Qn",61.2,64.01,38.66,1,8432,"M","WHAT_Qn_M_H","M_H","5","103.363","30",31.200000000000003,"34",30.010000000000005,"9",29.659999999999997,"Agree",1,"4","4","5",103
"20/09/2021 13:04","20/09/2021 13:34","IP Address","187.144.43.7","100","1782","True","20/09/2021 13:34","R_2ypdtw1n6zqbGO3","20.67070007","-105.2160034","anonymous","EN",4,"suspension force","gps on","wiper on gte 1","h0v0",5,"hard","H","E","E","WHAT_Ql",14.31,33.52,50.39,1,439,"E","WHAT_Ql_E_H","E_H","5","325.908","18",-3.6899999999999995,"35",-1.4799999999999969,"54",-3.6099999999999994,"Neither agree nor disagree",0,"5","5","4",104
"20/09/2021 13:04","20/09/2021 13:34","IP Address","187.144.43.7","100","1782","True","20/09/2021 13:34","R_2ypdtw1n6zqbGO3","20.67070007","-105.2160034","anonymous","EN",4,"suspension force","gps on","heating on gte 1","h0v0",3,"easy","H","E","E","WHERE",31.89,29.51,75.13,1,304,"E","WHERE_E_E","E_E","5","249.373","41",-9.11,"11",18.51,"83",-7.8700000000000045,"Neither agree nor disagree",0,"3","2","5",105
"20/09/2021 13:04","20/09/2021 13:34","IP Address","187.144.43.7","100","1782","True","20/09/2021 13:34","R_2ypdtw1n6zqbGO3","20.67070007","-105.2160034","anonymous","EN",4,"suspension force","gps on","wiper on gte 1","h0v0",4,"medium","H","E","E","WHERE",33.29,27.53,39.34,-1,385,"E","WHERE_E_M","E_M","4","80.249","59",-25.71,"22",5.530000000000001,"41",-1.6599999999999966,"Neither agree nor disagree",0,"4","4","5",106
"20/09/2021 13:04","20/09/2021 13:34","IP Address","187.144.43.7","100","1782","True","20/09/2021 13:34","R_2ypdtw1n6zqbGO3","20.67070007","-105.2160034","anonymous","EN",59,"electricity consumption","radio on","wiper on gte 1","h0v0",8,"hard","M","M","M","WHERE",41.43,36.12,35.27,1,8472,"M","WHERE_M_H","M_H","2.155",,,,,,,,,,,,,
"20/09/2021 13:04","20/09/2021 13:35","IP Address","201.110.212.70","100","1822","True","20/09/2021 13:35","R_27eYAILhsVSb2QP","19.23910522","-99.59860229","anonymous","EN",67,"electricity consumption","wiper on","radio on gte 1","h0v0",2,"easy","H","H","H","WHAT_Qn",54.44,56.78,75.65,1,270,"H","WHAT_Qn_H_E","H_E","5","117.578","55",-0.5600000000000023,"68",-11.219999999999999,"77",-1.3499999999999943,"Disagree",0,"4","4","5",107
"20/09/2021 13:04","20/09/2021 13:35","IP Address","201.110.212.70","100","1822","True","20/09/2021 13:35","R_27eYAILhsVSb2QP","19.23910522","-99.59860229","anonymous","EN",29,"engine temperature","radio on","wiper on gte 1","h0v0",4,"easy","E","H","E","WHAT_Ql",49.99,71.6,65.02,1,273,"H","WHAT_Ql_H_E","H_E","5","107.557","88",-38.01,"74",-2.4000000000000057,"64",1.019999999999996,"Disagree",0,"5","3","4",108
"20/09/2021 13:04","20/09/2021 13:35","IP Address","201.110.212.70","100","1822","True","20/09/2021 13:35","R_27eYAILhsVSb2QP","19.23910522","-99.59860229","anonymous","EN",59,"electricity consumption","radio on","wiper on gte 1","h0v0",11,"medium","M","M","M","WHAT_Ql",6.31,15.58,65.68,-1,8352,"M","WHAT_Ql_M_M","M_M","5","93.435","27",-20.69,"52",-36.42,"40",25.680000000000007,"Agree",0,"3","4","4",109
"20/09/2021 13:04","20/09/2021 13:35","IP Address","201.110.212.70","100","1822","True","20/09/2021 13:35","R_27eYAILhsVSb2QP","19.23910522","-99.59860229","anonymous","EN",59,"electricity consumption","radio on","wiper on gte 1","h0v0",8,"hard","M","M","M","WHERE",40.95,36.12,40.81,1,8462,"M","WHERE_M_H","M_H","2","166.346","51",-10.049999999999997,"60",-23.880000000000003,"46",-5.189999999999998,"Disagree",0,"0","4","4",110
"20/09/2021 13:04","20/09/2021 13:35","IP Address","201.110.212.70","100","1822","True","20/09/2021 13:35","R_27eYAILhsVSb2QP","19.23910522","-99.59860229","anonymous","EN",59,"electricity consumption","radio on","wiper on gte 1","h0v0",11,"medium","M","M","M","WHAT_Qn",67.97,64.01,55.52,1,8327,"M","WHAT_Qn_M_M","M_M","2","101.83","59",8.969999999999999,"33",31.010000000000005,"40",15.520000000000003,"Disagree",0,"3","2","4",111
"20/09/2021 13:04","20/09/2021 13:35","IP Address","201.110.212.70","100","1822","True","20/09/2021 13:35","R_27eYAILhsVSb2QP","19.23910522","-99.59860229","anonymous","EN",59,"electricity consumption","radio on","wiper on gte 1","h0v0",8,"hard","M","M","M","WHAT_Qn",69.23,64.01,27.9,-1,8412,"M","WHAT_Qn_M_H","M_H","5","79.647","33",36.230000000000004,"48",16.010000000000005,"50",-22.1,"Neither agree nor disagree",0,"4","4","4",112
"20/09/2021 13:04","20/09/2021 13:35","IP Address","201.110.212.70","100","1822","True","20/09/2021 13:35","R_27eYAILhsVSb2QP","19.23910522","-99.59860229","anonymous","EN",4,"suspension force","gps on","wiper on gte 1","h0v0",12,"hard","H","E","E","WHERE",22.71,27.53,28.14,1,466,"E","WHERE_E_H","E_H","3","107.692","17",5.710000000000001,"34",-6.469999999999999,"35",-6.859999999999999,"Agree",1,"4","4","4",113
"23/09/2021 15:15","23/09/2021 15:57","IP Address","187.184.26.147","100","2496","True","23/09/2021 15:57","R_1FmIi3vGIWuEzXu","18.15539551","-94.44589996","anonymous","EN",29,"engine temperature","radio on","fuel consumption gte 44.75","h0v0",10,"medium","E","H","E","WHAT_Qn",41.05,34.69,48.12,1,327,"E","WHAT_Qn_E_M","E_M","5","140.491","60",-18.950000000000003,"70",-35.31,"58",-9.880000000000003,"Agree",1,"5","2","3",114
"23/09/2021 15:15","23/09/2021 15:57","IP Address","187.184.26.147","100","2496","True","23/09/2021 15:57","R_1FmIi3vGIWuEzXu","18.15539551","-94.44589996","anonymous","EN",59,"electricity consumption","radio on","wiper on gte 1","h0v0",9,"medium","M","M","M","WHAT_Qn",67.39,64.01,57.55,-1,8337,"M","WHAT_Qn_M_M","M_M","5","185.779","69",-1.6099999999999994,"73",-8.989999999999995,"54",3.549999999999997,"Agree",0,"2","5","4",115
"23/09/2021 15:15","23/09/2021 15:57","IP Address","187.184.26.147","100","2496","True","23/09/2021 15:57","R_1FmIi3vGIWuEzXu","18.15539551","-94.44589996","anonymous","EN",4,"suspension force","gps on","wiper on gte 1","h0v0",6,"hard","H","E","E","WHAT_Qn",78.48,76.69,58.03,1,412,"H","WHAT_Qn_H_H","H_H","5","222.884","55",23.480000000000004,"46",30.689999999999998,"24",34.03,"Disagree",0,"5","5","4",116
"23/09/2021 15:15","23/09/2021 15:57","IP Address","187.184.26.147","100","2496","True","23/09/2021 15:57","R_1FmIi3vGIWuEzXu","18.15539551","-94.44589996","anonymous","EN",67,"electricity consumption","wiper on","heating on gte 1","h0v0",13,"hard","H","H","H","WHAT_Qn",73.64,56.78,17.01,-1,432,"H","WHAT_Qn_H_H","H_H","5","107.54","63",10.64,"50",6.780000000000001,"34",-16.99,"Disagree",1,"1","4","5",117
"23/09/2021 15:15","23/09/2021 15:57","IP Address","187.184.26.147","100","2496","True","23/09/2021 15:57","R_1FmIi3vGIWuEzXu","18.15539551","-94.44589996","anonymous","EN",4,"suspension force","gps on","heating on gte 1","h0v0",3,"easy","H","E","E","WHAT_Ql",21.37,33.52,72.94,-1,277,"E","WHAT_Ql_E_E","E_E","20.781","129.226","6",15.370000000000001,"17",16.520000000000003,"28",44.94,"Agree",0,"3","5","5",118
"23/09/2021 15:15","23/09/2021 15:57","IP Address","187.184.26.147","100","2496","True","23/09/2021 15:57","R_1FmIi3vGIWuEzXu","18.15539551","-94.44589996","anonymous","EN",67,"electricity consumption","wiper on","radio on gte 1","h0v0",2,"easy","H","H","H","WHAT_Ql",18.24,20.17,77.25,-1,297,"H","WHAT_Ql_H_E","H_E","94.815","9","16",2.2399999999999984,"28",-7.829999999999998,"Agree",null,"5",1,"5","3","5",119
"23/09/2021 15:15","23/09/2021 15:57","IP Address","187.184.26.147","100","2496","True","23/09/2021 15:57","R_1FmIi3vGIWuEzXu","18.15539551","-94.44589996","anonymous","EN",1,"electricity consumption","gps on","wiper on gte 1","h0v0",6,"medium","E","E","E","WHAT_Ql",12.61,78.73,12.61,1,352,"E","WHAT_Ql_E_M","E_M","3","130.236","17",-4.390000000000001,"21",57.730000000000004,"80",-67.39,"Agree",1,"3","5","4",120
"23/09/2021 15:15","23/09/2021 15:57","IP Address","187.184.26.147","100","2496","True","23/09/2021 15:57","R_1FmIi3vGIWuEzXu","18.15539551","-94.44589996","anonymous","EN",29,"engine temperature","radio on","wiper on gte 1","h0v0",12,"hard","E","H","E","WHERE",21.28,21.78,65.41,-1,462,"E","WHERE_E_H","E_H","5","160.235","14",7.280000000000001,"32",-10.219999999999999,"5",60.41,"31",1,"Neither agree nor disagree","1","5",122
"23/09/2021 15:15","23/09/2021 15:57","IP Address","187.184.26.147","100","2496","True","23/09/2021 15:57","R_1FmIi3vGIWuEzXu","18.15539551","-94.44589996","anonymous","EN",67,"electricity consumption","wiper on","heating on gte 1","h0v0",13,"hard","H","H","H","WHERE",29.46,32.47,61.94,1,486,"H","WHERE_H_H","H_H","3",,,,,,,,,,,,,
"23/09/2021 16:45","23/09/2021 17:16","IP Address","177.225.130.143","100","1871","True","23/09/2021 17:16","R_BJIFCJiW4FAB5qp","20.63909912","-100.3977966","anonymous","EN",29,"engine temperature","radio on","fuel consumption gte 44.75","h0v0",10,"medium","E","H","E","WHAT_Qn",41.05,34.69,48.12,1,327,"E","WHAT_Qn_E_M","E_M","3","168.945","60",-18.950000000000003,"70",-35.31,"41",7.119999999999997,"Disagree",0,"4","3","4",123
"23/09/2021 16:45","23/09/2021 17:16","IP Address","177.225.130.143","100","1871","True","23/09/2021 17:16","R_BJIFCJiW4FAB5qp","20.63909912","-100.3977966","anonymous","EN",59,"electricity consumption","radio on","wiper on gte 1","h0v0",9,"medium","M","M","M","WHAT_Qn",67.39,64.01,57.55,-1,8337,"M","WHAT_Qn_M_M","M_M","4","113.286","65",2.3900000000000006,"60",4.010000000000005,"47",10.549999999999997,"Disagree",1,"4","3","3",124
"23/09/2021 16:45","23/09/2021 17:16","IP Address","177.225.130.143","100","1871","True","23/09/2021 17:16","R_BJIFCJiW4FAB5qp","20.63909912","-100.3977966","anonymous","EN",4,"suspension force","gps on","wiper on gte 1","h0v0",6,"hard","H","E","E","WHAT_Qn",78.48,76.69,58.03,1,412,"H","WHAT_Qn_H_H","H_H","4","71.719","85",-6.519999999999996,"65",11.689999999999998,"24",34.03,"Disagree",0,"4","3","3",125
"23/09/2021 16:45","23/09/2021 17:16","IP Address","177.225.130.143","100","1871","True","23/09/2021 17:16","R_BJIFCJiW4FAB5qp","20.63909912","-100.3977966","anonymous","EN",67,"electricity consumption","wiper on","heating on gte 1","h0v0",13,"hard","H","H","H","WHAT_Qn",73.64,56.78,17.01,-1,432,"H","WHAT_Qn_H_H","H_H","4","86.388","66",7.640000000000001,"65",-8.219999999999999,"32",-14.989999999999998,"Disagree",1,"3","3","4",126
"23/09/2021 16:45","23/09/2021 17:16","IP Address","177.225.130.143","100","1871","True","23/09/2021 17:16","R_BJIFCJiW4FAB5qp","20.63909912","-100.3977966","anonymous","EN",4,"suspension force","gps on","heating on gte 1","h0v0",3,"easy","H","E","E","WHAT_Ql",21.37,33.52,72.94,-1,277,"E","WHAT_Ql_E_E","E_E","26.431","189.722","5",16.37,"15",18.520000000000003,"20",52.94,"Agree",0,"4","4","3",127
"23/09/2021 16:45","23/09/2021 17:16","IP Address","177.225.130.143","100","1871","True","23/09/2021 17:16","R_BJIFCJiW4FAB5qp","20.63909912","-100.3977966","anonymous","EN",67,"electricity consumption","wiper on","radio on gte 1","h0v0",2,"easy","H","H","H","WHAT_Ql",18.24,20.17,77.25,-1,297,"H","WHAT_Ql_H_E","H_E","68.237","9","20",-1.7600000000000016,"20",0.1700000000000017,"Agree",null,"4",1,"4","3","3",128
"23/09/2021 16:45","23/09/2021 17:16","IP Address","177.225.130.143","100","1871","True","23/09/2021 17:16","R_BJIFCJiW4FAB5qp","20.63909912","-100.3977966","anonymous","EN",1,"electricity consumption","gps on","wiper on gte 1","h0v0",6,"medium","E","E","E","WHAT_Ql",12.61,78.73,12.61,1,352,"E","WHAT_Ql_E_M","E_M","3","89.161","7",5.609999999999999,"15",63.730000000000004,"60",-47.39,"Neither agree nor disagree",0,"4","4","4",129
"23/09/2021 16:45","23/09/2021 17:16","IP Address","177.225.130.143","100","1871","True","23/09/2021 17:16","R_BJIFCJiW4FAB5qp","20.63909912","-100.3977966","anonymous","EN",29,"engine temperature","radio on","wiper on gte 1","h0v0",12,"hard","E","H","E","WHERE",21.28,21.78,65.41,-1,462,"E","WHERE_E_H","E_H","4","247.812","13",8.280000000000001,"40",-18.22,"10",55.41,"27",1,"Agree","3","3",131
"23/09/2021 16:45","23/09/2021 17:16","IP Address","177.225.130.143","100","1871","True","23/09/2021 17:16","R_BJIFCJiW4FAB5qp","20.63909912","-100.3977966","anonymous","EN",67,"electricity consumption","wiper on","heating on gte 1","h0v0",13,"hard","H","H","H","WHERE",29.46,32.47,61.94,1,486,"H","WHERE_H_H","H_H","3",,,,,,,,,,,,,