StartDate,EndDate,Status,IPAddress,Progress,Duration_in_seconds,Finished,RecordedDate,ResponseId,LocationLatitude,LocationLongitude,DistributionChannel,UserLanguage,idc,drawnQn,drawnQl,queryString,flips,nMasks,dMask,dComplex_Qn,dComplex_Ql,dComplex_Where,focus,bslnA1,bslnA2,bslnA3,bslnB,cntrQ,dComplex_focus,info_focus_dComplex_dMask,info_dComplex_dMask,trustB,t,answerA1,diffA1,log_diffA1,answerA2,diffA2,log_diffA2,answerA3,diffA3,log_diffA3,answerB,correctB,trustA1,trustA2,trustA3,uniqueCntrQuestion,distractor
15/11/2021 03:19,15/11/2021 04:00,IP Address,68.48.149.184,100,2471,True,15/11/2021 04:00,R_pgYt2Q9MKcDDhRv,43.01010132,-85.75930023,anonymous,EN,59,electricity consumption,radio on,wiper on gte 1,h0v0,6,medium,M,M,M,WHAT_Qn,66.66,64.01,12.5,-1,250,M,WHAT_Qn_M_M,M_M,2,202.411,70,-3.34,1.792855352,68,-3.99,2.040892431,15,-2.5,1.392317423,Disagree,1,1,1,2,0,h
15/11/2021 03:19,15/11/2021 04:00,IP Address,68.48.149.184,100,2471,True,15/11/2021 04:00,R_pgYt2Q9MKcDDhRv,43.01010132,-85.75930023,anonymous,EN,67,electricity consumption,wiper on,gps on gte 1,h0v0,9,hard,H,E,H,WHAT_Qn,48.07,56.78,23.82,1,351,H,WHAT_Qn_H_H,H_H,0,171.263,47,1.07,0.257010618,55,1.78,0.929790998,27,-3.18,1.724650272,Neither agree nor disagree,0,1,1,1,1,h
15/11/2021 03:19,15/11/2021 04:00,IP Address,68.48.149.184,100,2471,True,15/11/2021 04:00,R_pgYt2Q9MKcDDhRv,43.01010132,-85.75930023,anonymous,EN,4,suspension force,gps on,wiper on gte 1,h0v0,9,hard,H,E,E,WHAT_Qn,73.21,76.69,16.62,-1,432,H,WHAT_Qn_H_H,H_H,1,212.85,73,0.21,-1.577766999,73,3.69,1.931683057,17,-0.38,-0.985644707,Disagree,1,1,1,1,2,h
15/11/2021 03:19,15/11/2021 04:00,IP Address,68.48.149.184,100,2471,True,15/11/2021 04:00,R_pgYt2Q9MKcDDhRv,43.01010132,-85.75930023,anonymous,EN,59,electricity consumption,radio on,wiper on gte 1,h0v0,6,medium,M,E,M,WHAT_Ql,5.52,14,38.06,-1,283,E,WHAT_Ql_E_M,E_M,3,291.346,4,1.52,0.718087584,17,-3,1.64385619,34,4.06,2.065227623,Agree,0,3,2,2,3,h
15/11/2021 03:19,15/11/2021 04:00,IP Address,68.48.149.184,100,2471,True,15/11/2021 04:00,R_pgYt2Q9MKcDDhRv,43.01010132,-85.75930023,anonymous,EN,67,electricity consumption,wiper on,gps on gte 1,h0v0,3,easy,H,M,H,WHAT_Ql,5.15,20.17,38.19,1,352,M,WHAT_Ql_M_E,M_E,3,129.579,4,1.15,0.350497247,21,-0.83,-0.066427362,37,1.19,0.3950628,Disagree,0,2,1,1,4,h
15/11/2021 03:19,15/11/2021 04:00,IP Address,68.48.149.184,100,2471,True,15/11/2021 04:00,R_pgYt2Q9MKcDDhRv,43.01010132,-85.75930023,anonymous,EN,1,electricity consumption,gps on,wiper on gte 1,h0v0,6,medium,E,H,E,WHAT_Ql,34.11,88.08,35.51,1,439,H,WHAT_Ql_H_M,H_M,2,279.554,34,0.11,-2.089267338,87,1.08,0.269033146,35,0.51,-0.655171503,Disagree,0,3,2,3,5,h
15/11/2021 03:19,15/11/2021 04:00,IP Address,68.48.149.184,100,2471,True,15/11/2021 04:00,R_pgYt2Q9MKcDDhRv,43.01010132,-85.75930023,anonymous,EN,67,electricity consumption,wiper on,gps on gte 1,h0v0,6,medium,H,M,H,WHERE,27.96,25.28,25.19,-1,310,H,WHERE_H_M,H_M,1,133.499,40,-12.04,3.604664415,30,-4.72,2.276496666,35,-9.81,3.312519967,Neither agree nor disagree,0,1,0,1,6,h
15/11/2021 03:19,15/11/2021 04:00,IP Address,68.48.149.184,100,2471,True,15/11/2021 04:00,R_pgYt2Q9MKcDDhRv,43.01010132,-85.75930023,anonymous,EN,1,electricity consumption,gps on,wiper on gte 1,h0v0,3,easy,E,M,E,WHERE,13.46,15.53,13.37,-1,379,E,WHERE_E_E,E_E,2,163.182,10,3.46,1.841973119,25,-9.47,3.262282806,20,-6.63,2.75595577,Neither agree nor disagree,0,2,0,1,7,h
15/11/2021 03:19,15/11/2021 04:00,IP Address,68.48.149.184,100,2471,True,15/11/2021 04:00,R_pgYt2Q9MKcDDhRv,43.01010132,-85.75930023,anonymous,EN,67,electricity consumption,wiper on,gps on gte 1,h0v0,9,hard,H,E,H,WHERE,25.62,25.28,21.25,1,486,H,WHERE_H_H,H_H,1,349.966,25,0.62,-0.424687669,20,5.28,2.434294618,30,-8.75,3.14974712,Neither agree nor disagree,0,1,1,2,8,h
15/11/2021 04:19,15/11/2021 04:35,IP Address,31.51.140.227,100,946,True,15/11/2021 04:35,R_2zdMWAKrP7ECpUn,51.61149597,-0.249603271,anonymous,EN,67,electricity consumption,wiper on,gps on gte 1,h0v0,3,easy,H,M,H,WHAT_Qn,52.06,56.78,19.63,1,246,H,WHAT_Qn_H_E,H_E,2,49.418,50,2.06,1.12763328,50,6.78,2.787641414,21,-1.37,0.580145484,Disagree,0,2,2,2,9,h
15/11/2021 04:19,15/11/2021 04:35,IP Address,31.51.140.227,100,946,True,15/11/2021 04:35,R_2zdMWAKrP7ECpUn,51.61149597,-0.249603271,anonymous,EN,29,engine temperature,radio on,wiper on gte 1,h0v0,6,medium,E,H,E,WHAT_Qn,30.71,34.69,22.19,1,331,E,WHAT_Qn_E_M,E_M,1,55.067,35,-4.29,2.142413438,53,-18.31,4.204375511,30,-7.81,2.988230223,Neither agree nor disagree,0,0,1,1,10,h
15/11/2021 04:19,15/11/2021 04:35,IP Address,31.51.140.227,100,946,True,15/11/2021 04:35,R_2zdMWAKrP7ECpUn,51.61149597,-0.249603271,anonymous,EN,59,electricity consumption,radio on,wiper on gte 1,h0v0,8,hard,M,M,M,WHAT_Qn,71.72,64.01,22.38,1,418,M,WHAT_Qn_M_H,M_H,2,56.287,62,9.72,3.299391206,86,-21.99,4.466953337,18,4.38,2.171527106,Disagree,0,1,1,2,11,h
15/11/2021 04:19,15/11/2021 04:35,IP Address,31.51.140.227,100,946,True,15/11/2021 04:35,R_2zdMWAKrP7ECpUn,51.61149597,-0.249603271,anonymous,EN,29,engine temperature,radio on,wiper on gte 1,h0v0,3,easy,E,E,E,WHAT_Ql,0,24.27,36,1,271,E,WHAT_Ql_E_E,E_E,2,54.8,69,-69,6.11113567,24,0.27,-1.340075442,41,-5,2.357552005,Neither agree nor disagree,0,1,1,2,12,h
15/11/2021 04:19,15/11/2021 04:35,IP Address,31.51.140.227,100,946,True,15/11/2021 04:35,R_2zdMWAKrP7ECpUn,51.61149597,-0.249603271,anonymous,EN,29,engine temperature,radio on,wiper on gte 1,h0v0,8,hard,E,H,E,WHAT_Ql,19.95,109.46,21.19,1,364,H,WHAT_Ql_H_H,H_H,1,197.707,77,-57.05,5.837312556,71,38.46,5.269968201,17,4.19,2.109360559,Agree,1,1,1,1,13,h
15/11/2021 04:19,15/11/2021 04:35,IP Address,31.51.140.227,100,946,True,15/11/2021 04:35,R_2zdMWAKrP7ECpUn,51.61149597,-0.249603271,anonymous,EN,29,engine temperature,radio on,wiper on gte 1,h0v0,6,medium,E,H,E,WHAT_Ql,25.92,71.6,37.24,1,435,H,WHAT_Ql_H_M,H_M,2,128.455,40,-14.08,3.828326926,81,-9.4,3.251719093,30,7.24,2.880685525,Disagree,0,3,3,3,14,h
15/11/2021 04:19,15/11/2021 04:35,IP Address,31.51.140.227,100,946,True,15/11/2021 04:35,R_2zdMWAKrP7ECpUn,51.61149597,-0.249603271,anonymous,EN,1,electricity consumption,gps on,wiper on gte 1,h0v0,6,medium,E,M,E,WHERE,14.04,15.53,18.54,1,304,E,WHERE_E_M,E_M,3,50.149,13,1.04,0.220329955,8,7.53,2.936402378,14,4.54,2.221877081,Agree,1,1,1,2,15,h
15/11/2021 04:19,15/11/2021 04:35,IP Address,31.51.140.227,100,946,True,15/11/2021 04:35,R_2zdMWAKrP7ECpUn,51.61149597,-0.249603271,anonymous,EN,67,electricity consumption,wiper on,gps on gte 1,h0v0,3,easy,H,E,H,WHERE,16.29,25.28,34.9,-1,381,H,WHERE_H_E,H_E,1,58.856,6,10.29,3.380590934,11,14.28,3.848497755,40,-5.1,2.385431037,Neither agree nor disagree,0,1,1,1,16,h
15/11/2021 04:19,15/11/2021 04:35,IP Address,31.51.140.227,100,946,True,15/11/2021 04:35,R_2zdMWAKrP7ECpUn,51.61149597,-0.249603271,anonymous,EN,1,electricity consumption,gps on,wiper on gte 1,h0v0,9,hard,E,M,E,WHERE,13.19,15.53,33.13,1,472,E,WHERE_E_H,E_H,1,52.487,10,3.19,1.72900887,10,5.53,2.499527024,34,-0.87,-0.007231569,Agree,1,1,1,1,17,h
15/11/2021 04:18,15/11/2021 04:40,IP Address,86.4.224.122,100,1320,True,15/11/2021 04:40,R_3D6zIPM3ZLUl4wa,54.96629333,-1.609298706,anonymous,EN,1,electricity consumption,gps on,wiper on gte 1,h0v0,3,easy,E,E,E,WHAT_Qn,51.75,42.6,34.84,1,244,E,WHAT_Qn_E_E,E_E,3,117.79,58,-6.25,2.672425342,45,-2.4,1.336283388,33,1.84,0.974529312,Neither agree nor disagree,0,3,1,3,18,h
15/11/2021 04:18,15/11/2021 04:40,IP Address,86.4.224.122,100,1320,True,15/11/2021 04:40,R_3D6zIPM3ZLUl4wa,54.96629333,-1.609298706,anonymous,EN,1,electricity consumption,gps on,wiper on gte 1,h0v0,9,hard,E,M,E,WHAT_Qn,46.44,42.6,28.48,-1,337,E,WHAT_Qn_E_H,E_H,3,112.176,50,-3.56,1.881664619,37,5.6,2.517275693,23,5.48,2.486714373,Agree,0,3,2,3,19,h
15/11/2021 04:18,15/11/2021 04:40,IP Address,86.4.224.122,100,1320,True,15/11/2021 04:40,R_3D6zIPM3ZLUl4wa,54.96629333,-1.609298706,anonymous,EN,29,engine temperature,radio on,wiper on gte 1,h0v0,3,easy,E,E,E,WHAT_Qn,35.04,34.69,12.03,-1,406,E,WHAT_Qn_E_E,E_E,2,55.548,37,-1.96,1.060047384,44,-9.31,3.238022518,10,2.03,1.107687869,Disagree,1,2,1,3,20,h
15/11/2021 04:18,15/11/2021 04:40,IP Address,86.4.224.122,100,1320,True,15/11/2021 04:40,R_3D6zIPM3ZLUl4wa,54.96629333,-1.609298706,anonymous,EN,4,suspension force,gps on,wiper on gte 1,h0v0,9,hard,H,E,E,WHAT_Ql,4.31,33.52,18.23,1,297,E,WHAT_Ql_E_H,E_H,4,106.924,5,-0.69,-0.295128036,34,-0.48,-0.724992953,22,-3.77,1.961623328,Agree,1,4,4,2,21,h
15/11/2021 04:18,15/11/2021 04:40,IP Address,86.4.224.122,100,1320,True,15/11/2021 04:40,R_3D6zIPM3ZLUl4wa,54.96629333,-1.609298706,anonymous,EN,1,electricity consumption,gps on,wiper on gte 1,h0v0,9,hard,E,M,E,WHAT_Ql,29.67,84.11,35.04,1,378,M,WHAT_Ql_M_H,M_H,4,164.342,34,-4.33,2.155425432,85,-0.89,0.021479727,33,2.04,1.114367025,Agree,1,3,4,2,22,h
15/11/2021 04:18,15/11/2021 04:40,IP Address,86.4.224.122,100,1320,True,15/11/2021 04:40,R_3D6zIPM3ZLUl4wa,54.96629333,-1.609298706,anonymous,EN,4,suspension force,gps on,wiper on gte 1,h0v0,3,easy,H,M,E,WHAT_Ql,17.84,52.74,33.33,-1,433,M,WHAT_Ql_M_E,M_E,3,99.927,15,2.84,1.568032105,55,-2.26,1.253989266,9,24.33,4.61205756,Neither agree nor disagree,0,2,4,1,23,h
15/11/2021 04:18,15/11/2021 04:40,IP Address,86.4.224.122,100,1320,True,15/11/2021 04:40,R_3D6zIPM3ZLUl4wa,54.96629333,-1.609298706,anonymous,EN,59,electricity consumption,radio on,wiper on gte 1,h0v0,8,hard,M,E,M,WHERE,36.12,38.08,18.65,1,324,M,WHERE_M_H,M_H,0,88.207,10,26.12,4.713970692,60,-21.92,4.462379572,12,6.65,2.760220946,Neither agree nor disagree,0,2,2,0,24,h
15/11/2021 04:18,15/11/2021 04:40,IP Address,86.4.224.122,100,1320,True,15/11/2021 04:40,R_3D6zIPM3ZLUl4wa,54.96629333,-1.609298706,anonymous,EN,4,suspension force,gps on,wiper on gte 1,h0v0,9,hard,H,M,E,WHERE,22.92,19.96,16.93,-1,391,E,WHERE_E_H,E_H,2,52.834,7,15.92,4.004051885,36,-16.04,4.014801602,11,5.93,2.59812696,Disagree,1,0,3,0,25,h
15/11/2021 04:18,15/11/2021 04:40,IP Address,86.4.224.122,100,1320,True,15/11/2021 04:40,R_3D6zIPM3ZLUl4wa,54.96629333,-1.609298706,anonymous,EN,29,engine temperature,radio on,wiper on gte 1,h0v0,6,medium,E,H,E,WHERE,11.85,14.86,31.36,-1,466,E,WHERE_E_M,E_M,1,54.723,16,-4.15,2.09592442,34,-19.14,4.267910281,24,7.36,2.904002316,Agree,0,1,0,2,26,h
15/11/2021 04:31,15/11/2021 04:49,IP Address,81.109.109.110,100,1063,True,15/11/2021 04:49,R_PCiqOW03OuhyR1v,54.53959656,-5.975006104,anonymous,EN,29,engine temperature,radio on,wiper on gte 1,h0v0,9,hard,E,E,E,WHAT_Qn,27.13,34.69,24.33,-1,270,E,WHAT_Qn_E_H,E_H,3,51.6,36,-8.87,3.169123281,34,0.69,-0.295128036,48,-23.67,4.572586549,Neither agree nor disagree,0,3,3,3,27,h
15/11/2021 04:31,15/11/2021 04:49,IP Address,81.109.109.110,100,1063,True,15/11/2021 04:49,R_PCiqOW03OuhyR1v,54.53959656,-5.975006104,anonymous,EN,59,electricity consumption,radio on,wiper on gte 1,h0v0,3,easy,M,E,M,WHAT_Qn,63.33,64.01,11.04,1,325,M,WHAT_Qn_M_E,M_E,3,134.946,82,-18.67,4.23227701,64,0.01,-2.888968688,6,5.04,2.368768349,Disagree,0,3,3,3,28,h
15/11/2021 04:31,15/11/2021 04:49,IP Address,81.109.109.110,100,1063,True,15/11/2021 04:49,R_PCiqOW03OuhyR1v,54.53959656,-5.975006104,anonymous,EN,1,electricity consumption,gps on,wiper on gte 1,h0v0,5,medium,E,M,E,WHAT_Qn,43.35,42.6,13.03,-1,408,E,WHAT_Qn_E_M,E_M,2,118.382,55,-11.65,3.557655155,60,-17.4,4.131342539,25,-11.97,3.596338864,Disagree,1,3,2,2,29,h
15/11/2021 04:31,15/11/2021 04:49,IP Address,81.109.109.110,100,1063,True,15/11/2021 04:49,R_PCiqOW03OuhyR1v,54.53959656,-5.975006104,anonymous,EN,1,electricity consumption,gps on,wiper on gte 1,h0v0,3,easy,E,E,E,WHAT_Ql,27.33,78.73,27.33,1,273,E,WHAT_Ql_E_E,E_E,4,73.152,26,1.33,0.541019153,77,1.73,0.891419187,26,1.33,0.541019153,Disagree,0,4,4,4,30,h
15/11/2021 04:31,15/11/2021 04:49,IP Address,81.109.109.110,100,1063,True,15/11/2021 04:49,R_PCiqOW03OuhyR1v,54.53959656,-5.975006104,anonymous,EN,59,electricity consumption,radio on,wiper on gte 1,h0v0,3,easy,M,M,M,WHAT_Ql,2.56,15.58,16.37,1,354,M,WHAT_Ql_M_E,M_E,4,48.587,5,-2.44,1.358958826,16,-0.42,-0.875671865,17,-0.63,-0.40545145,Agree,1,4,4,4,31,h
15/11/2021 04:31,15/11/2021 04:49,IP Address,81.109.109.110,100,1063,True,15/11/2021 04:49,R_PCiqOW03OuhyR1v,54.53959656,-5.975006104,anonymous,EN,59,electricity consumption,radio on,wiper on gte 1,h0v0,8,hard,M,M,M,WHAT_Ql,5.71,15.58,33.33,1,459,M,WHAT_Ql_M_H,M_H,5,108.735,8,-2.29,1.272023189,23,-7.42,2.915520901,33,0.33,-1.13606155,Disagree,0,3,3,3,32,h
15/11/2021 04:31,15/11/2021 04:49,IP Address,81.109.109.110,100,1063,True,15/11/2021 04:49,R_PCiqOW03OuhyR1v,54.53959656,-5.975006104,anonymous,EN,4,suspension force,gps on,wiper on gte 1,h0v0,3,easy,H,M,E,WHERE,12.67,19.96,24.86,-1,298,E,WHERE_E_E,E_E,3,41.065,8,4.67,2.261530815,40,-20.04,4.333781501,16,8.86,3.167518504,Neither agree nor disagree,0,3,3,3,33,h
15/11/2021 04:31,15/11/2021 04:49,IP Address,81.109.109.110,100,1063,True,15/11/2021 04:49,R_PCiqOW03OuhyR1v,54.53959656,-5.975006104,anonymous,EN,59,electricity consumption,radio on,wiper on gte 1,h0v0,6,medium,M,M,M,WHERE,31.47,38.08,33.81,1,385,M,WHERE_M_M,M_M,3,63.532,17,14.47,3.867402306,45,-6.92,2.816599707,19,14.81,3.900625333,Agree,1,3,3,3,34,h
15/11/2021 04:31,15/11/2021 04:49,IP Address,81.109.109.110,100,1063,True,15/11/2021 04:49,R_PCiqOW03OuhyR1v,54.53959656,-5.975006104,anonymous,EN,4,suspension force,gps on,wiper on gte 1,h0v0,6,medium,H,E,E,WHERE,18.83,19.96,28.68,1,462,E,WHERE_E_M,E_M,2,88.085,10,8.83,3.162693432,40,-20.04,4.333781501,19,9.68,3.29351763,Neither agree nor disagree,0,4,3,3,35,h
15/11/2021 04:38,15/11/2021 05:10,IP Address,197.90.171.56,100,1905,True,15/11/2021 05:10,R_z1qjtxG78u44aid,-26.38110352,27.83760071,anonymous,EN,67,electricity consumption,wiper on,gps on gte 1,h0v0,3,easy,H,M,H,WHAT_Qn,52.06,56.78,19.63,1,246,H,WHAT_Qn_H_E,H_E,5,96.354,33,19.06,4.26190686,51,5.78,2.56193706,34,-14.37,3.857483428,Neither agree nor disagree,0,5,4,3,36,h
15/11/2021 04:38,15/11/2021 05:10,IP Address,197.90.171.56,100,1905,True,15/11/2021 05:10,R_z1qjtxG78u44aid,-26.38110352,27.83760071,anonymous,EN,29,engine temperature,radio on,wiper on gte 1,h0v0,6,medium,E,H,E,WHAT_Qn,30.71,34.69,22.19,1,331,E,WHAT_Qn_E_M,E_M,3,112.629,40,-9.29,3.234961095,35,-0.31,-1.200912694,30,-7.81,2.988230223,Disagree,0,4,3,4,37,h
15/11/2021 04:38,15/11/2021 05:10,IP Address,197.90.171.56,100,1905,True,15/11/2021 05:10,R_z1qjtxG78u44aid,-26.38110352,27.83760071,anonymous,EN,1,electricity consumption,gps on,wiper on gte 1,h0v0,5,medium,E,M,E,WHAT_Qn,43.35,42.6,13.03,-1,408,E,WHAT_Qn_E_M,E_M,4,117.155,11,32.35,5.021257621,25,17.6,4.147713722,18,-4.97,2.349082146,Agree,0,3,4,3,38,h
15/11/2021 04:38,15/11/2021 05:10,IP Address,197.90.171.56,100,1905,True,15/11/2021 05:10,R_z1qjtxG78u44aid,-26.38110352,27.83760071,anonymous,EN,29,engine temperature,radio on,wiper on gte 1,h0v0,3,easy,E,E,E,WHAT_Ql,0,24.27,36,1,271,E,WHAT_Ql_E_E,E_E,5,118.885,31,-31,4.960001932,24,0.27,-1.340075442,31,5,2.357552005,Agree,1,2,3,4,39,h
15/11/2021 04:38,15/11/2021 05:10,IP Address,197.90.171.56,100,1905,True,15/11/2021 05:10,R_z1qjtxG78u44aid,-26.38110352,27.83760071,anonymous,EN,59,electricity consumption,radio on,wiper on gte 1,h0v0,3,easy,M,M,M,WHAT_Ql,2.56,15.58,16.37,1,354,M,WHAT_Ql_M_E,M_E,3,92.989,29,-26.44,4.731454808,27,-11.42,3.529196268,27,-10.63,3.42693562,Neither agree nor disagree,0,5,4,3,40,h
15/11/2021 04:38,15/11/2021 05:10,IP Address,197.90.171.56,100,1905,True,15/11/2021 05:10,R_z1qjtxG78u44aid,-26.38110352,27.83760071,anonymous,EN,67,electricity consumption,wiper on,gps on gte 1,h0v0,9,hard,H,H,H,WHAT_Ql,1.93,21.24,16.73,1,445,H,WHAT_Ql_H_H,H_H,4,105.726,30,-28.07,4.817367438,16,5.24,2.423578171,17,-0.27,-1.340075442,Agree,1,4,4,4,41,h
15/11/2021 04:38,15/11/2021 05:10,IP Address,197.90.171.56,100,1905,True,15/11/2021 05:10,R_z1qjtxG78u44aid,-26.38110352,27.83760071,anonymous,EN,4,suspension force,gps on,wiper on gte 1,h0v0,3,easy,H,M,E,WHERE,12.67,19.96,24.86,-1,298,E,WHERE_E_E,E_E,3,128.637,14,-1.33,0.541019153,8,11.96,3.595145568,40,-15.14,3.932155684,Neither agree nor disagree,0,3,5,3,42,h
15/11/2021 04:38,15/11/2021 05:10,IP Address,197.90.171.56,100,1905,True,15/11/2021 05:10,R_z1qjtxG78u44aid,-26.38110352,27.83760071,anonymous,EN,1,electricity consumption,gps on,wiper on gte 1,h0v0,3,easy,E,M,E,WHERE,13.46,15.53,13.37,-1,379,E,WHERE_E_E,E_E,4,75.025,11,2.46,1.370164281,8,7.53,2.936402378,7,6.37,2.699329526,Disagree,1,4,3,4,43,h
15/11/2021 04:38,15/11/2021 05:10,IP Address,197.90.171.56,100,1905,True,15/11/2021 05:10,R_z1qjtxG78u44aid,-26.38110352,27.83760071,anonymous,EN,29,engine temperature,radio on,wiper on gte 1,h0v0,6,medium,E,H,E,WHERE,11.85,14.86,31.36,-1,466,E,WHERE_E_M,E_M,3,93.932,8,3.85,1.99095486,8,6.86,2.804260116,38,-6.64,2.758089934,Agree,0,3,4,3,44,h
15/11/2021 04:50,15/11/2021 05:11,IP Address,197.228.220.128,100,1279,True,15/11/2021 05:11,R_3Ibfdqw0O0UZoE7,-26.38110352,27.83760071,anonymous,EN,29,engine temperature,radio on,wiper on gte 1,h0v0,9,hard,E,E,E,WHAT_Qn,27.13,34.69,24.33,-1,270,E,WHAT_Qn_E_H,E_H,4,135.482,36,-8.87,3.169123281,48,-13.31,3.747924416,25,-0.67,-0.330973234,Disagree,1,3,3,4,45,h
15/11/2021 04:50,15/11/2021 05:11,IP Address,197.228.220.128,100,1279,True,15/11/2021 05:11,R_3Ibfdqw0O0UZoE7,-26.38110352,27.83760071,anonymous,EN,1,electricity consumption,gps on,wiper on gte 1,h0v0,9,hard,E,M,E,WHAT_Qn,46.44,42.6,28.48,-1,337,E,WHAT_Qn_E_H,E_H,2,64.28,40,6.44,2.714795011,38,4.6,2.240314329,26,2.48,1.381283373,Disagree,1,3,3,4,46,h
15/11/2021 04:50,15/11/2021 05:11,IP Address,197.228.220.128,100,1279,True,15/11/2021 05:11,R_3Ibfdqw0O0UZoE7,-26.38110352,27.83760071,anonymous,EN,67,electricity consumption,wiper on,gps on gte 1,h0v0,6,medium,H,H,H,WHAT_Qn,55.88,56.78,49.47,1,412,H,WHAT_Qn_H_M,H_M,2,110.654,65,-9.12,3.20867332,54,2.78,1.538538164,47,2.47,1.375734539,Agree,1,4,3,4,47,h
15/11/2021 04:50,15/11/2021 05:11,IP Address,197.228.220.128,100,1279,True,15/11/2021 05:11,R_3Ibfdqw0O0UZoE7,-26.38110352,27.83760071,anonymous,EN,67,electricity consumption,wiper on,gps on gte 1,h0v0,6,medium,H,E,H,WHAT_Ql,3,7.29,51.71,1,277,E,WHAT_Ql_E_M,E_M,2,113.376,7,-4,2.044394119,9,-1.71,0.875780063,46,5.71,2.544732656,Agree,1,4,4,4,48,h
15/11/2021 04:50,15/11/2021 05:11,IP Address,197.228.220.128,100,1279,True,15/11/2021 05:11,R_3Ibfdqw0O0UZoE7,-26.38110352,27.83760071,anonymous,EN,4,suspension force,gps on,wiper on gte 1,h0v0,6,medium,H,M,E,WHAT_Ql,24.5,75.88,30.78,1,358,M,WHAT_Ql_M_M,M_M,2,169.081,26,-1.5,0.700439718,75,0.88,0.007195501,31,-0.22,-1.535331733,Agree,1,4,4,4,49,h
15/11/2021 04:50,15/11/2021 05:11,IP Address,197.228.220.128,100,1279,True,15/11/2021 05:11,R_3Ibfdqw0O0UZoE7,-26.38110352,27.83760071,anonymous,EN,59,electricity consumption,radio on,wiper on gte 1,h0v0,8,hard,M,M,M,WHAT_Ql,5.71,15.58,33.33,1,459,M,WHAT_Ql_M_H,M_H,3,154.584,5,0.71,-0.260151897,21,-5.42,2.47118746,33,0.33,-1.13606155,Disagree,0,4,4,3,50,h
15/11/2021 04:50,15/11/2021 05:11,IP Address,197.228.220.128,100,1279,True,15/11/2021 05:11,R_3Ibfdqw0O0UZoE7,-26.38110352,27.83760071,anonymous,EN,67,electricity consumption,wiper on,gps on gte 1,h0v0,6,medium,H,M,H,WHERE,27.96,25.28,25.19,-1,310,H,WHERE_H_M,H_M,2,46.234,25,2.96,1.625270489,49,-23.72,4.575614878,26,-0.81,-0.09696173,Agree,0,1,1,2,51,h
15/11/2021 04:50,15/11/2021 05:11,IP Address,197.228.220.128,100,1279,True,15/11/2021 05:11,R_3Ibfdqw0O0UZoE7,-26.38110352,27.83760071,anonymous,EN,59,electricity consumption,radio on,wiper on gte 1,h0v0,6,medium,M,M,M,WHERE,31.47,38.08,33.81,1,385,M,WHERE_M_M,M_M,2,79.727,46,-14.53,3.873321063,79,-40.92,5.359134582,33,0.81,-0.09696173,Disagree,0,2,1,3,52,h
15/11/2021 04:50,15/11/2021 05:11,IP Address,197.228.220.128,100,1279,True,15/11/2021 05:11,R_3Ibfdqw0O0UZoE7,-26.38110352,27.83760071,anonymous,EN,1,electricity consumption,gps on,wiper on gte 1,h0v0,9,hard,E,M,E,WHERE,13.19,15.53,33.13,1,472,E,WHERE_E_H,E_H,2,54.293,29,-15.81,3.994127114,42,-26.47,4.733083132,25,8.13,3.045268215,Neither agree nor disagree,0,2,1,3,53,h
15/11/2021 05:09,15/11/2021 05:40,IP Address,81.178.156.178,100,1886,True,15/11/2021 05:40,R_3jZEffad1Ie287Y,53.43460083,-2.908905029,anonymous,EN,1,electricity consumption,gps on,wiper on gte 1,h0v0,3,easy,E,E,E,WHAT_Qn,51.75,42.6,34.84,1,244,E,WHAT_Qn_E_E,E_E,5,144.26,50,1.75,0.906890596,50,-7.4,2.911691582,30,4.84,2.311793718,Disagree,0,3,3,4,54,h
15/11/2021 05:09,15/11/2021 05:40,IP Address,81.178.156.178,100,1886,True,15/11/2021 05:40,R_3jZEffad1Ie287Y,53.43460083,-2.908905029,anonymous,EN,67,electricity consumption,wiper on,gps on gte 1,h0v0,9,hard,H,E,H,WHAT_Qn,48.07,56.78,23.82,1,351,H,WHAT_Qn_H_H,H_H,5,100.855,50,-1.93,1.039138394,55,1.78,0.929790998,20,3.82,1.9800253,Disagree,0,3,3,4,55,h
15/11/2021 05:09,15/11/2021 05:40,IP Address,81.178.156.178,100,1886,True,15/11/2021 05:40,R_3jZEffad1Ie287Y,53.43460083,-2.908905029,anonymous,EN,29,engine temperature,radio on,wiper on gte 1,h0v0,3,easy,E,E,E,WHAT_Qn,35.04,34.69,12.03,-1,406,E,WHAT_Qn_E_E,E_E,4,94.303,30,5.04,2.368768349,37,-2.31,1.283921772,10,2.03,1.107687869,Disagree,1,3,3,4,56,h
15/11/2021 05:09,15/11/2021 05:40,IP Address,81.178.156.178,100,1886,True,15/11/2021 05:40,R_3jZEffad1Ie287Y,53.43460083,-2.908905029,anonymous,EN,4,suspension force,gps on,wiper on gte 1,h0v0,9,hard,H,E,E,WHAT_Ql,4.31,33.52,18.23,1,297,E,WHAT_Ql_E_H,E_H,5,119.426,1,3.31,1.780310099,16,17.52,4.141187525,34,-15.77,3.990501111,Disagree,0,4,4,4,57,h
15/11/2021 05:09,15/11/2021 05:40,IP Address,81.178.156.178,100,1886,True,15/11/2021 05:40,R_3jZEffad1Ie287Y,53.43460083,-2.908905029,anonymous,EN,29,engine temperature,radio on,wiper on gte 1,h0v0,8,hard,E,H,E,WHAT_Ql,19.95,109.46,21.19,1,364,H,WHAT_Ql_H_H,H_H,5,128.785,20,-0.05,-2.514573173,66,43.46,5.445759804,21,0.19,-1.666576266,Agree,1,4,4,4,58,h
15/11/2021 05:09,15/11/2021 05:40,IP Address,81.178.156.178,100,1886,True,15/11/2021 05:40,R_3jZEffad1Ie287Y,53.43460083,-2.908905029,anonymous,EN,29,engine temperature,radio on,wiper on gte 1,h0v0,6,medium,E,H,E,WHAT_Ql,25.92,71.6,37.24,1,435,H,WHAT_Ql_H_M,H_M,5,125.679,33,-7.08,2.84899843,71,0.6,-0.4639471,37,0.24,-1.454031631,Disagree,0,4,4,4,59,h
15/11/2021 05:09,15/11/2021 05:40,IP Address,81.178.156.178,100,1886,True,15/11/2021 05:40,R_3jZEffad1Ie287Y,53.43460083,-2.908905029,anonymous,EN,59,electricity consumption,radio on,wiper on gte 1,h0v0,8,hard,M,E,M,WHERE,36.12,38.08,18.65,1,324,M,WHERE_M_H,M_H,5,143.949,35,1.12,0.316145742,51,-12.92,3.705425039,16,2.65,1.472487771,Disagree,0,3,3,3,60,h
15/11/2021 05:09,15/11/2021 05:40,IP Address,81.178.156.178,100,1886,True,15/11/2021 05:40,R_3jZEffad1Ie287Y,53.43460083,-2.908905029,anonymous,EN,4,suspension force,gps on,wiper on gte 1,h0v0,9,hard,H,M,E,WHERE,22.92,19.96,16.93,-1,391,E,WHERE_E_H,E_H,5,110.001,21,1.92,1.032100843,30,-10.04,3.34553831,10,6.93,2.818646083,Disagree,1,3,3,2,61,h
15/11/2021 05:09,15/11/2021 05:40,IP Address,81.178.156.178,100,1886,True,15/11/2021 05:40,R_3jZEffad1Ie287Y,53.43460083,-2.908905029,anonymous,EN,59,electricity consumption,radio on,wiper on gte 1,h0v0,3,easy,M,M,M,WHERE,65.92,38.08,7.87,1,460,M,WHERE_M_E,M_E,5,169.977,69,-3.08,1.680324357,25,13.08,3.723012396,5,2.87,1.582556003,Disagree,0,4,3,4,62,h
15/11/2021 05:23,15/11/2021 05:44,IP Address,41.71.84.225,100,1288,True,15/11/2021 05:44,R_6y6oqenE14XplTz,-34.04859924,18.48109436,anonymous,EN,4,suspension force,gps on,wiper on gte 1,h0v0,6,medium,H,M,E,WHAT_Qn,84.3,76.69,19.89,-1,256,H,WHAT_Qn_H_M,H_M,4,83.955,80,4.3,2.145677455,85,-8.31,3.076388069,22,-2.11,1.160274831,Disagree,1,4,4,3,63,h
15/11/2021 05:23,15/11/2021 05:44,IP Address,41.71.84.225,100,1288,True,15/11/2021 05:44,R_6y6oqenE14XplTz,-34.04859924,18.48109436,anonymous,EN,4,suspension force,gps on,wiper on gte 1,h0v0,3,easy,H,M,E,WHAT_Qn,68.95,76.69,9.8,-1,327,H,WHAT_Qn_H_E,H_E,3,124.772,74,-5.05,2.371558863,78,-1.31,0.521050737,20,-10.2,3.368069877,Neither agree nor disagree,0,4,4,5,64,h
15/11/2021 05:23,15/11/2021 05:44,IP Address,41.71.84.225,100,1288,True,15/11/2021 05:44,R_6y6oqenE14XplTz,-34.04859924,18.48109436,anonymous,EN,67,electricity consumption,wiper on,gps on gte 1,h0v0,6,medium,H,H,H,WHAT_Qn,55.88,56.78,49.47,1,412,H,WHAT_Qn_H_M,H_M,5,77.022,70,-14.12,3.832383717,63,-6.22,2.665620164,45,4.47,2.200064862,Disagree,0,3,4,4,65,h
15/11/2021 05:23,15/11/2021 05:44,IP Address,41.71.84.225,100,1288,True,15/11/2021 05:44,R_6y6oqenE14XplTz,-34.04859924,18.48109436,anonymous,EN,1,electricity consumption,gps on,wiper on gte 1,h0v0,3,easy,E,E,E,WHAT_Ql,27.33,78.73,27.33,1,273,E,WHAT_Ql_E_E,E_E,5,101.554,30,-2.67,1.482848283,78,0.73,-0.226003675,30,-2.67,1.482848283,Disagree,0,3,5,4,66,h
15/11/2021 05:23,15/11/2021 05:44,IP Address,41.71.84.225,100,1288,True,15/11/2021 05:44,R_6y6oqenE14XplTz,-34.04859924,18.48109436,anonymous,EN,67,electricity consumption,wiper on,gps on gte 1,h0v0,3,easy,H,M,H,WHAT_Ql,5.15,20.17,38.19,1,352,M,WHAT_Ql_M_E,M_E,3,128.94,5,0.15,-1.862496476,31,-10.83,3.453517579,46,-7.81,2.988230223,Disagree,0,2,4,4,67,h
15/11/2021 05:23,15/11/2021 05:44,IP Address,41.71.84.225,100,1288,True,15/11/2021 05:44,R_6y6oqenE14XplTz,-34.04859924,18.48109436,anonymous,EN,1,electricity consumption,gps on,wiper on gte 1,h0v0,6,medium,E,H,E,WHAT_Ql,34.11,88.08,35.51,1,439,H,WHAT_Ql_H_M,H_M,5,117.112,40,-5.89,2.588564737,45,43.08,5.433126376,30,5.51,2.49441561,Agree,1,4,5,3,68,h
15/11/2021 05:23,15/11/2021 05:44,IP Address,41.71.84.225,100,1288,True,15/11/2021 05:44,R_6y6oqenE14XplTz,-34.04859924,18.48109436,anonymous,EN,1,electricity consumption,gps on,wiper on gte 1,h0v0,6,medium,E,M,E,WHERE,14.04,15.53,18.54,1,304,E,WHERE_E_M,E_M,0,88.829,15,-0.96,0.117695043,25,-9.47,3.262282806,10,8.54,3.115199749,Neither agree nor disagree,0,3,4,3,69,h
15/11/2021 05:23,15/11/2021 05:44,IP Address,41.71.84.225,100,1288,True,15/11/2021 05:44,R_6y6oqenE14XplTz,-34.04859924,18.48109436,anonymous,EN,29,engine temperature,radio on,wiper on gte 1,h0v0,9,hard,E,E,E,WHERE,15.64,14.86,26.8,-1,405,E,WHERE_E_H,E_H,0,76.774,21,-5.36,2.455491621,25,-10.14,3.359661722,29,-2.2,1.217230716,Neither agree nor disagree,0,3,3,4,70,h
15/11/2021 05:23,15/11/2021 05:44,IP Address,41.71.84.225,100,1288,True,15/11/2021 05:44,R_6y6oqenE14XplTz,-34.04859924,18.48109436,anonymous,EN,67,electricity consumption,wiper on,gps on gte 1,h0v0,9,hard,H,E,H,WHERE,25.62,25.28,21.25,1,486,H,WHERE_H_H,H_H,0,109.156,13,12.62,3.671859468,50,-24.72,4.634883637,31,-9.75,3.303780748,Neither agree nor disagree,0,1,4,3,71,h
15/11/2021 05:27,15/11/2021 05:45,IP Address,86.8.47.167,100,1058,True,15/11/2021 05:45,R_2R51HDZIWKm4MFS,51.24000549,-0.097305298,anonymous,EN,4,suspension force,gps on,wiper on gte 1,h0v0,6,medium,H,M,E,WHAT_Qn,84.3,76.69,19.89,-1,256,H,WHAT_Qn_H_M,H_M,0,41.437,65,19.3,4.279842694,82,-5.31,2.442280035,16,3.89,2.005399988,Agree,0,0,5,5,72,h
15/11/2021 05:27,15/11/2021 05:45,IP Address,86.8.47.167,100,1058,True,15/11/2021 05:45,R_2R51HDZIWKm4MFS,51.24000549,-0.097305298,anonymous,EN,59,electricity consumption,radio on,wiper on gte 1,h0v0,3,easy,M,E,M,WHAT_Qn,63.33,64.01,11.04,1,325,M,WHAT_Qn_M_E,M_E,0,80.217,71,-7.67,2.962549023,73,-8.99,3.188242656,12,-0.96,0.117695043,Neither agree nor disagree,0,4,4,5,73,h
15/11/2021 05:27,15/11/2021 05:45,IP Address,86.8.47.167,100,1058,True,15/11/2021 05:45,R_2R51HDZIWKm4MFS,51.24000549,-0.097305298,anonymous,EN,59,electricity consumption,radio on,wiper on gte 1,h0v0,8,hard,M,M,M,WHAT_Qn,71.72,64.01,22.38,1,418,M,WHAT_Qn_M_H,M_H,0,56.684,41,30.72,4.946964741,70,-5.99,2.612352499,20,2.38,1.324810603,Neither agree nor disagree,0,0,5,5,74,h
15/11/2021 05:27,15/11/2021 05:45,IP Address,86.8.47.167,100,1058,True,15/11/2021 05:45,R_2R51HDZIWKm4MFS,51.24000549,-0.097305298,anonymous,EN,67,electricity consumption,wiper on,gps on gte 1,h0v0,6,medium,H,E,H,WHAT_Ql,3,7.29,51.71,1,277,E,WHAT_Ql_E_M,E_M,1,63.508,6,-3,1.64385619,7,0.29,-1.268816758,46,5.71,2.544732656,Disagree,0,5,5,4,75,h
15/11/2021 05:27,15/11/2021 05:45,IP Address,86.8.47.167,100,1058,True,15/11/2021 05:45,R_2R51HDZIWKm4MFS,51.24000549,-0.097305298,anonymous,EN,59,electricity consumption,radio on,wiper on gte 1,h0v0,3,easy,M,M,M,WHAT_Ql,2.56,15.58,16.37,1,354,M,WHAT_Ql_M_E,M_E,5,75.32,3,-0.44,-0.823677227,15,0.58,-0.504304837,16,0.37,-1.01449957,Neither agree nor disagree,0,5,5,5,76,h
15/11/2021 05:27,15/11/2021 05:45,IP Address,86.8.47.167,100,1058,True,15/11/2021 05:45,R_2R51HDZIWKm4MFS,51.24000549,-0.097305298,anonymous,EN,59,electricity consumption,radio on,wiper on gte 1,h0v0,8,hard,M,M,M,WHAT_Ql,5.71,15.58,33.33,1,459,M,WHAT_Ql_M_H,M_H,5,101.092,45,-39.29,5.300672869,13,2.58,1.435628594,27,6.33,2.690417096,Disagree,0,5,5,5,77,h
15/11/2021 05:27,15/11/2021 05:45,IP Address,86.8.47.167,100,1058,True,15/11/2021 05:45,R_2R51HDZIWKm4MFS,51.24000549,-0.097305298,anonymous,EN,1,electricity consumption,gps on,wiper on gte 1,h0v0,6,medium,E,M,E,WHERE,14.04,15.53,18.54,1,304,E,WHERE_E_M,E_M,1,43.566,17,-2.96,1.625270489,35,-19.47,4.292413668,27,-8.46,3.101818134,Neither agree nor disagree,0,1,0,5,78,h
15/11/2021 05:27,15/11/2021 05:45,IP Address,86.8.47.167,100,1058,True,15/11/2021 05:45,R_2R51HDZIWKm4MFS,51.24000549,-0.097305298,anonymous,EN,67,electricity consumption,wiper on,gps on gte 1,h0v0,3,easy,H,E,H,WHERE,16.29,25.28,34.9,-1,381,H,WHERE_H_E,H_E,0,62.374,22,-5.71,2.544732656,21,4.28,2.139142019,54,-19.1,4.264911693,Neither agree nor disagree,0,0,0,5,79,h
15/11/2021 05:27,15/11/2021 05:45,IP Address,86.8.47.167,100,1058,True,15/11/2021 05:45,R_2R51HDZIWKm4MFS,51.24000549,-0.097305298,anonymous,EN,59,electricity consumption,radio on,wiper on gte 1,h0v0,3,easy,M,M,M,WHERE,65.92,38.08,7.87,1,460,M,WHERE_M_E,M_E,5,38.49,13,52.92,5.729144865,72,-33.92,5.089371028,3,4.87,2.320484678,Disagree,0,0,1,5,80,h
15/11/2021 05:34,15/11/2021 05:55,IP Address,197.185.116.212,100,1232,True,15/11/2021 05:55,R_8IJ9Up1mRKYewh3,-33.91400146,18.41290283,anonymous,EN,1,electricity consumption,gps on,wiper on gte 1,h0v0,3,easy,E,E,E,WHAT_Qn,51.75,42.6,34.84,1,244,E,WHAT_Qn_E_E,E_E,5,67.422,46,5.75,2.554588852,53,-10.4,3.395748328,31,3.84,1.987320866,Agree,1,1,3,4,81,h
15/11/2021 05:34,15/11/2021 05:55,IP Address,197.185.116.212,100,1232,True,15/11/2021 05:55,R_8IJ9Up1mRKYewh3,-33.91400146,18.41290283,anonymous,EN,29,engine temperature,radio on,wiper on gte 1,h0v0,6,medium,E,H,E,WHAT_Qn,30.71,34.69,22.19,1,331,E,WHAT_Qn_E_M,E_M,4,101.305,36,-5.29,2.436961338,40,-5.31,2.442280035,100,-77.81,6.284199472,Agree,1,3,2,2,82,h
15/11/2021 05:34,15/11/2021 05:55,IP Address,197.185.116.212,100,1232,True,15/11/2021 05:55,R_8IJ9Up1mRKYewh3,-33.91400146,18.41290283,anonymous,EN,29,engine temperature,radio on,wiper on gte 1,h0v0,3,easy,E,E,E,WHAT_Qn,35.04,34.69,12.03,-1,406,E,WHAT_Qn_E_E,E_E,5,60.562,40,-4.96,2.346247774,42,-7.31,2.894332742,17,-4.97,2.349082146,Disagree,1,4,2,5,83,h
15/11/2021 05:34,15/11/2021 05:55,IP Address,197.185.116.212,100,1232,True,15/11/2021 05:55,R_8IJ9Up1mRKYewh3,-33.91400146,18.41290283,anonymous,EN,29,engine temperature,radio on,wiper on gte 1,h0v0,3,easy,E,E,E,WHAT_Ql,0,24.27,36,1,271,E,WHAT_Ql_E_E,E_E,5,44.686,0,0,-3,45,-20.73,4.382321407,30,6,2.614709844,Disagree,0,5,5,4,84,h
15/11/2021 05:34,15/11/2021 05:55,IP Address,197.185.116.212,100,1232,True,15/11/2021 05:55,R_8IJ9Up1mRKYewh3,-33.91400146,18.41290283,anonymous,EN,67,electricity consumption,wiper on,gps on gte 1,h0v0,3,easy,H,M,H,WHAT_Ql,5.15,20.17,38.19,1,352,M,WHAT_Ql_M_E,M_E,4,79.438,4,1.15,0.350497247,26,-5.83,2.574101508,49,-10.81,3.450881315,Disagree,0,5,5,5,85,h
15/11/2021 05:34,15/11/2021 05:55,IP Address,197.185.116.212,100,1232,True,15/11/2021 05:55,R_8IJ9Up1mRKYewh3,-33.91400146,18.41290283,anonymous,EN,29,engine temperature,radio on,wiper on gte 1,h0v0,6,medium,E,H,E,WHAT_Ql,25.92,71.6,37.24,1,435,H,WHAT_Ql_H_M,H_M,3,90.607,27,-1.08,0.269033146,80,-8.4,3.091699834,66,-28.76,4.85224859,Disagree,0,4,5,3,86,h
15/11/2021 05:34,15/11/2021 05:55,IP Address,197.185.116.212,100,1232,True,15/11/2021 05:55,R_8IJ9Up1mRKYewh3,-33.91400146,18.41290283,anonymous,EN,67,electricity consumption,wiper on,gps on gte 1,h0v0,6,medium,H,M,H,WHERE,27.96,25.28,25.19,-1,310,H,WHERE_H_M,H_M,3,119.408,11,16.96,4.094658343,41,-15.72,3.985955755,43,-17.81,4.16470584,Neither agree nor disagree,0,3,4,1,87,h
15/11/2021 05:34,15/11/2021 05:55,IP Address,197.185.116.212,100,1232,True,15/11/2021 05:55,R_8IJ9Up1mRKYewh3,-33.91400146,18.41290283,anonymous,EN,1,electricity consumption,gps on,wiper on gte 1,h0v0,3,easy,E,M,E,WHERE,13.46,15.53,13.37,-1,379,E,WHERE_E_E,E_E,4,115.547,0,13.46,3.76394266,42,-26.47,4.733083132,10,3.37,1.805292456,Neither agree nor disagree,0,5,5,2,88,h
15/11/2021 05:34,15/11/2021 05:55,IP Address,197.185.116.212,100,1232,True,15/11/2021 05:55,R_8IJ9Up1mRKYewh3,-33.91400146,18.41290283,anonymous,EN,67,electricity consumption,wiper on,gps on gte 1,h0v0,9,hard,H,E,H,WHERE,25.62,25.28,21.25,1,486,H,WHERE_H_H,H_H,5,87.63,20,5.62,2.522306893,41,-15.72,3.985955755,25,-3.75,1.95419631,Disagree,0,4,4,3,89,h
15/11/2021 05:36,15/11/2021 06:03,IP Address,86.26.246.20,100,1598,True,15/11/2021 06:03,R_3fUHy05ggMpcBwe,53.39329529,-2.133605957,anonymous,EN,29,engine temperature,radio on,wiper on gte 1,h0v0,9,hard,E,E,E,WHAT_Qn,27.13,34.69,24.33,-1,270,E,WHAT_Qn_E_H,E_H,3,155.1,20,7.13,2.858975614,31,3.69,1.931683057,25,-0.67,-0.330973234,Disagree,1,4,4,4,90,h
15/11/2021 05:36,15/11/2021 06:03,IP Address,86.26.246.20,100,1598,True,15/11/2021 06:03,R_3fUHy05ggMpcBwe,53.39329529,-2.133605957,anonymous,EN,59,electricity consumption,radio on,wiper on gte 1,h0v0,3,easy,M,E,M,WHAT_Qn,63.33,64.01,11.04,1,325,M,WHAT_Qn_M_E,M_E,4,119.684,65,-1.67,0.843983844,62,2.01,1.09423607,10,1.04,0.220329955,Disagree,0,3,3,4,91,h
15/11/2021 05:36,15/11/2021 06:03,IP Address,86.26.246.20,100,1598,True,15/11/2021 06:03,R_3fUHy05ggMpcBwe,53.39329529,-2.133605957,anonymous,EN,1,electricity consumption,gps on,wiper on gte 1,h0v0,5,medium,E,M,E,WHAT_Qn,43.35,42.6,13.03,-1,408,E,WHAT_Qn_E_M,E_M,3,121.519,48,-4.65,2.255500733,40,2.6,1.44625623,14,-0.97,0.13093087,Agree,0,4,4,5,92,h
15/11/2021 05:36,15/11/2021 06:03,IP Address,86.26.246.20,100,1598,True,15/11/2021 06:03,R_3fUHy05ggMpcBwe,53.39329529,-2.133605957,anonymous,EN,4,suspension force,gps on,wiper on gte 1,h0v0,9,hard,H,E,E,WHAT_Ql,4.31,33.52,18.23,1,297,E,WHAT_Ql_E_H,E_H,4,180.662,4,0.31,-1.200912694,33,0.52,-0.632628934,25,-6.77,2.785550552,Agree,1,3,4,4,93,h
15/11/2021 05:36,15/11/2021 06:03,IP Address,86.26.246.20,100,1598,True,15/11/2021 06:03,R_3fUHy05ggMpcBwe,53.39329529,-2.133605957,anonymous,EN,4,suspension force,gps on,wiper on gte 1,h0v0,6,medium,H,M,E,WHAT_Ql,24.5,75.88,30.78,1,358,M,WHAT_Ql_M_M,M_M,4,174.005,28,-3.5,1.857980995,72,3.88,2.001802243,35,-4.22,2.119356177,Disagree,0,5,4,4,94,h
15/11/2021 05:36,15/11/2021 06:03,IP Address,86.26.246.20,100,1598,True,15/11/2021 06:03,R_3fUHy05ggMpcBwe,53.39329529,-2.133605957,anonymous,EN,67,electricity consumption,wiper on,gps on gte 1,h0v0,9,hard,H,H,H,WHAT_Ql,1.93,21.24,16.73,1,445,H,WHAT_Ql_H_H,H_H,4,120.329,3,-1.07,0.257010618,30,-8.76,3.151371776,24,-7.27,2.886550147,Agree,1,3,4,4,95,h
15/11/2021 05:36,15/11/2021 06:03,IP Address,86.26.246.20,100,1598,True,15/11/2021 06:03,R_3fUHy05ggMpcBwe,53.39329529,-2.133605957,anonymous,EN,29,engine temperature,radio on,wiper on gte 1,h0v0,3,easy,E,E,E,WHERE,13.01,14.86,14.47,-1,300,E,WHERE_E_E,E_E,3,119.157,15,-1.99,1.080657663,28,-13.14,3.72955277,14,0.47,-0.749038426,Disagree,1,4,2,2,96,h
15/11/2021 05:36,15/11/2021 06:03,IP Address,86.26.246.20,100,1598,True,15/11/2021 06:03,R_3fUHy05ggMpcBwe,53.39329529,-2.133605957,anonymous,EN,67,electricity consumption,wiper on,gps on gte 1,h0v0,3,easy,H,E,H,WHERE,16.29,25.28,34.9,-1,381,H,WHERE_H_E,H_E,2,72.399,22,-5.71,2.544732656,37,-11.72,3.566206293,40,-5.1,2.385431037,Agree,0,2,2,2,97,h
15/11/2021 05:36,15/11/2021 06:03,IP Address,86.26.246.20,100,1598,True,15/11/2021 06:03,R_3fUHy05ggMpcBwe,53.39329529,-2.133605957,anonymous,EN,1,electricity consumption,gps on,wiper on gte 1,h0v0,9,hard,E,M,E,WHERE,13.19,15.53,33.13,1,472,E,WHERE_E_H,E_H,4,58.241,8,5.19,2.410069692,20,-4.47,2.200064862,23,10.13,3.358255587,Agree,1,3,3,3,98,h
15/11/2021 05:40,15/11/2021 06:22,IP Address,84.28.246.56,100,2513,True,15/11/2021 06:22,R_2vYx4wd2dAU46mT,52.61869812,4.616394043,anonymous,EN,59,electricity consumption,radio on,wiper on gte 1,h0v0,6,medium,M,M,M,WHAT_Qn,66.66,64.01,12.5,-1,250,M,WHAT_Qn_M_M,M_M,4,189.425,50,16.66,4.069100632,10,54.01,5.758489739,10,2.5,1.392317423,Disagree,1,4,5,5,99,h
15/11/2021 05:40,15/11/2021 06:22,IP Address,84.28.246.56,100,2513,True,15/11/2021 06:22,R_2vYx4wd2dAU46mT,52.61869812,4.616394043,anonymous,EN,67,electricity consumption,wiper on,gps on gte 1,h0v0,9,hard,H,E,H,WHAT_Qn,48.07,56.78,23.82,1,351,H,WHAT_Qn_H_H,H_H,2,104.601,47,1.07,0.257010618,63,-6.22,2.665620164,24,-0.18,-1.713118852,Neither agree nor disagree,0,3,4,4,100,h
15/11/2021 05:40,15/11/2021 06:22,IP Address,84.28.246.56,100,2513,True,15/11/2021 06:22,R_2vYx4wd2dAU46mT,52.61869812,4.616394043,anonymous,EN,4,suspension force,gps on,wiper on gte 1,h0v0,9,hard,H,E,E,WHAT_Qn,73.21,76.69,16.62,-1,432,H,WHAT_Qn_H_H,H_H,3,314.55,75,-1.79,0.937344392,82,-5.31,2.442280035,14,2.62,1.456806149,Disagree,1,4,4,4,101,h
15/11/2021 05:40,15/11/2021 06:22,IP Address,84.28.246.56,100,2513,True,15/11/2021 06:22,R_2vYx4wd2dAU46mT,52.61869812,4.616394043,anonymous,EN,59,electricity consumption,radio on,wiper on gte 1,h0v0,6,medium,M,E,M,WHAT_Ql,5.52,14,38.06,-1,283,E,WHAT_Ql_E_M,E_M,4,180.536,3,2.52,1.403267722,11,3,1.64385619,40,-1.94,1.046141782,Agree,0,5,5,3,102,h
15/11/2021 05:40,15/11/2021 06:22,IP Address,84.28.246.56,100,2513,True,15/11/2021 06:22,R_2vYx4wd2dAU46mT,52.61869812,4.616394043,anonymous,EN,1,electricity consumption,gps on,wiper on gte 1,h0v0,9,hard,E,M,E,WHAT_Ql,29.67,84.11,35.04,1,378,M,WHAT_Ql_M_H,M_H,4,108.085,40,-10.33,3.386121157,80,4.11,2.08236197,36,-0.96,0.117695043,Agree,1,5,5,5,103,h
15/11/2021 05:40,15/11/2021 06:22,IP Address,84.28.246.56,100,2513,True,15/11/2021 06:22,R_2vYx4wd2dAU46mT,52.61869812,4.616394043,anonymous,EN,1,electricity consumption,gps on,wiper on gte 1,h0v0,6,medium,E,H,E,WHAT_Ql,34.11,88.08,35.51,1,439,H,WHAT_Ql_H_M,H_M,4,95.492,30,4.11,2.08236197,90,-1.92,1.032100843,31,4.51,2.212569339,Disagree,0,4,5,4,104,h
15/11/2021 05:40,15/11/2021 06:22,IP Address,84.28.246.56,100,2513,True,15/11/2021 06:22,R_2vYx4wd2dAU46mT,52.61869812,4.616394043,anonymous,EN,4,suspension force,gps on,wiper on gte 1,h0v0,3,easy,H,M,E,WHERE,12.67,19.96,24.86,-1,298,E,WHERE_E_E,E_E,3,100.845,3,9.67,3.292045492,24,-4.04,2.058316496,31,-6.14,2.64731451,Disagree,1,4,2,4,105,h
15/11/2021 05:40,15/11/2021 06:22,IP Address,84.28.246.56,100,2513,True,15/11/2021 06:22,R_2vYx4wd2dAU46mT,52.61869812,4.616394043,anonymous,EN,4,suspension force,gps on,wiper on gte 1,h0v0,9,hard,H,M,E,WHERE,22.92,19.96,16.93,-1,391,E,WHERE_E_H,E_H,4,70.536,12,10.92,3.465321514,41,-21.04,4.403608584,19,-2.07,1.13422094,Disagree,1,3,4,4,106,h
15/11/2021 05:40,15/11/2021 06:22,IP Address,84.28.246.56,100,2513,True,15/11/2021 06:22,R_2vYx4wd2dAU46mT,52.61869812,4.616394043,anonymous,EN,4,suspension force,gps on,wiper on gte 1,h0v0,6,medium,H,E,E,WHERE,18.83,19.96,28.68,1,462,E,WHERE_E_M,E_M,5,212.8,35,-16.17,4.026357447,40,-20.04,4.333781501,30,-1.32,0.531069493,Disagree,0,3,4,3,107,h
15/11/2021 07:21,15/11/2021 07:55,IP Address,90.254.231.243,100,2062,True,15/11/2021 07:55,R_3m1VxmJa5zuyNno,51.92649841,-0.099594116,anonymous,EN,67,electricity consumption,wiper on,gps on gte 1,h0v0,3,easy,H,M,H,WHAT_Qn,52.06,56.78,19.63,1,246,H,WHAT_Qn_H_E,H_E,1,169.081,52,0.06,-2.434402824,60,-3.22,1.742006211,13,6.63,2.75595577,Disagree,0,2,2,2,108,h
15/11/2021 07:21,15/11/2021 07:55,IP Address,90.254.231.243,100,2062,True,15/11/2021 07:55,R_3m1VxmJa5zuyNno,51.92649841,-0.099594116,anonymous,EN,4,suspension force,gps on,wiper on gte 1,h0v0,3,easy,H,M,E,WHAT_Qn,68.95,76.69,9.8,-1,327,H,WHAT_Qn_H_E,H_E,1,99.756,68,0.95,0.10433666,76,0.69,-0.295128036,7,2.8,1.548436625,Disagree,1,1,2,2,109,h
15/11/2021 07:21,15/11/2021 07:55,IP Address,90.254.231.243,100,2062,True,15/11/2021 07:55,R_3m1VxmJa5zuyNno,51.92649841,-0.099594116,anonymous,EN,4,suspension force,gps on,wiper on gte 1,h0v0,9,hard,H,E,E,WHAT_Qn,73.21,76.69,16.62,-1,432,H,WHAT_Qn_H_H,H_H,1,284.177,80,-6.79,2.789729251,86,-9.31,3.238022518,13,3.62,1.904965719,Disagree,1,2,0,1,110,h
15/11/2021 07:21,15/11/2021 07:55,IP Address,90.254.231.243,100,2062,True,15/11/2021 07:55,R_3m1VxmJa5zuyNno,51.92649841,-0.099594116,anonymous,EN,4,suspension force,gps on,wiper on gte 1,h0v0,9,hard,H,E,E,WHAT_Ql,4.31,33.52,18.23,1,297,E,WHAT_Ql_E_H,E_H,1,72.525,3,1.31,0.521050737,31,2.52,1.403267722,12,6.23,2.667892125,Disagree,0,2,2,2,111,h
15/11/2021 07:21,15/11/2021 07:55,IP Address,90.254.231.243,100,2062,True,15/11/2021 07:55,R_3m1VxmJa5zuyNno,51.92649841,-0.099594116,anonymous,EN,1,electricity consumption,gps on,wiper on gte 1,h0v0,9,hard,E,M,E,WHAT_Ql,29.67,84.11,35.04,1,378,M,WHAT_Ql_M_H,M_H,1,145.145,29,0.67,-0.330973234,83,1.11,0.304511042,30,5.04,2.368768349,Disagree,0,1,1,1,112,h
15/11/2021 07:21,15/11/2021 07:55,IP Address,90.254.231.243,100,2062,True,15/11/2021 07:55,R_3m1VxmJa5zuyNno,51.92649841,-0.099594116,anonymous,EN,29,engine temperature,radio on,wiper on gte 1,h0v0,6,medium,E,H,E,WHAT_Ql,25.92,71.6,37.24,1,435,H,WHAT_Ql_H_M,H_M,1,244.114,24,1.92,1.032100843,66,5.6,2.517275693,36,1.24,0.448900951,Agree,1,2,1,1,113,h
15/11/2021 07:21,15/11/2021 07:55,IP Address,90.254.231.243,100,2062,True,15/11/2021 07:55,R_3m1VxmJa5zuyNno,51.92649841,-0.099594116,anonymous,EN,59,electricity consumption,radio on,wiper on gte 1,h0v0,8,hard,M,E,M,WHERE,36.12,38.08,18.65,1,324,M,WHERE_M_H,M_H,0,125.698,10,26.12,4.713970692,8,30.08,4.916715481,15,3.65,1.916476644,Neither agree nor disagree,0,0,0,1,114,h
15/11/2021 07:21,15/11/2021 07:55,IP Address,90.254.231.243,100,2062,True,15/11/2021 07:55,R_3m1VxmJa5zuyNno,51.92649841,-0.099594116,anonymous,EN,59,electricity consumption,radio on,wiper on gte 1,h0v0,6,medium,M,M,M,WHERE,31.47,38.08,33.81,1,385,M,WHERE_M_M,M_M,1,195.471,42,-10.53,3.413458688,35,3.08,1.680324357,10,23.81,4.581049901,Disagree,0,0,0,0,115,h
15/11/2021 07:21,15/11/2021 07:55,IP Address,90.254.231.243,100,2062,True,15/11/2021 07:55,R_3m1VxmJa5zuyNno,51.92649841,-0.099594116,anonymous,EN,1,electricity consumption,gps on,wiper on gte 1,h0v0,9,hard,E,M,E,WHERE,13.19,15.53,33.13,1,472,E,WHERE_E_H,E_H,1,131.217,12,1.19,0.3950628,32,-16.47,4.052676724,18,15.13,3.931210275,Agree,1,2,1,1,116,h
14/11/2021 16:44,14/11/2021 16:57,IP Address,90.255.120.156,100,743,True,14/11/2021 16:57,R_3mb1YLlUzpSou3o,53.58659363,-2.435394287,anonymous,EN,67,electricity consumption,wiper on,gps on gte 1,h0v0,3,easy,H,M,H,WHAT_Qn,52.06,56.78,19.63,1,246,H,WHAT_Qn_H_E,H_E,5,44.955,55,-2.94,1.615887074,60,-3.22,1.742006211,20,-0.37,-1.01449957,Neither agree nor disagree,0,5,5,5,0,n
14/11/2021 16:44,14/11/2021 16:57,IP Address,90.255.120.156,100,743,True,14/11/2021 16:57,R_3mb1YLlUzpSou3o,53.58659363,-2.435394287,anonymous,EN,59,electricity consumption,radio on,wiper on gte 1,h0v0,3,easy,M,E,M,WHAT_Qn,63.33,64.01,11.04,1,325,M,WHAT_Qn_M_E,M_E,5,55.353,65,-1.67,0.843983844,70,-5.99,2.612352499,10,1.04,0.220329955,Disagree,0,5,2,5,1,n
14/11/2021 16:44,14/11/2021 16:57,IP Address,90.255.120.156,100,743,True,14/11/2021 16:57,R_3mb1YLlUzpSou3o,53.58659363,-2.435394287,anonymous,EN,1,electricity consumption,gps on,wiper on gte 1,h0v0,5,medium,E,M,E,WHAT_Qn,43.35,42.6,13.03,-1,408,E,WHAT_Qn_E_M,E_M,5,57.128,51,-7.65,2.958842675,44,-1.4,0.608809243,11,2.03,1.107687869,Disagree,1,5,5,5,2,n
14/11/2021 16:44,14/11/2021 16:57,IP Address,90.255.120.156,100,743,True,14/11/2021 16:57,R_3mb1YLlUzpSou3o,53.58659363,-2.435394287,anonymous,EN,1,electricity consumption,gps on,wiper on gte 1,h0v0,3,easy,E,E,E,WHAT_Ql,27.33,78.73,27.33,1,273,E,WHAT_Ql_E_E,E_E,5,53.544,29,-1.67,0.843983844,29,49.73,5.639666296,29,-1.67,0.843983844,Agree,1,5,5,5,3,n
14/11/2021 16:44,14/11/2021 16:57,IP Address,90.255.120.156,100,743,True,14/11/2021 16:57,R_3mb1YLlUzpSou3o,53.58659363,-2.435394287,anonymous,EN,59,electricity consumption,radio on,wiper on gte 1,h0v0,3,easy,M,M,M,WHAT_Ql,2.56,15.58,16.37,1,354,M,WHAT_Ql_M_E,M_E,5,81.111,2,0.56,-0.545824107,15,0.58,-0.504304837,15,1.37,0.580145484,Agree,1,5,3,5,4,n
14/11/2021 16:44,14/11/2021 16:57,IP Address,90.255.120.156,100,743,True,14/11/2021 16:57,R_3mb1YLlUzpSou3o,53.58659363,-2.435394287,anonymous,EN,59,electricity consumption,radio on,wiper on gte 1,h0v0,8,hard,M,M,M,WHAT_Ql,5.71,15.58,33.33,1,459,M,WHAT_Ql_M_H,M_H,2,69.805,5,0.71,-0.260151897,15,0.58,-0.504304837,28,5.33,2.447579197,Disagree,0,5,5,5,5,n
14/11/2021 16:44,14/11/2021 16:57,IP Address,90.255.120.156,100,743,True,14/11/2021 16:57,R_3mb1YLlUzpSou3o,53.58659363,-2.435394287,anonymous,EN,67,electricity consumption,wiper on,gps on gte 1,h0v0,6,medium,H,M,H,WHERE,27.96,25.28,25.19,-1,310,H,WHERE_H_M,H_M,5,61.342,43,-15.04,3.922673593,29,-3.72,1.942983598,29,-3.81,1.976363636,Neither agree nor disagree,0,4,3,4,6,n
14/11/2021 17:20,14/11/2021 17:45,IP Address,41.10.39.198,100,1499,True,14/11/2021 17:45,R_2t8R5KRgqgOEQie,-34.04859924,18.48109436,anonymous,EN,29,engine temperature,radio on,wiper on gte 1,h0v0,9,hard,E,E,E,WHAT_Qn,27.13,34.69,24.33,-1,270,E,WHAT_Qn_E_H,E_H,5,92.811,27,0.13,-1.971430848,40,-5.31,2.442280035,35,-10.67,3.432291338,Agree,0,3,4,4,7,n
14/11/2021 17:20,14/11/2021 17:45,IP Address,41.10.39.198,100,1499,True,14/11/2021 17:45,R_2t8R5KRgqgOEQie,-34.04859924,18.48109436,anonymous,EN,4,suspension force,gps on,wiper on gte 1,h0v0,3,easy,H,M,E,WHAT_Qn,68.95,76.69,9.8,-1,327,H,WHAT_Qn_H_E,H_E,5,147.75,17,51.95,5.702519029,75,1.69,0.859969548,11,-1.2,0.40599236,Disagree,1,1,5,4,8,n
14/11/2021 17:20,14/11/2021 17:45,IP Address,41.10.39.198,100,1499,True,14/11/2021 17:45,R_2t8R5KRgqgOEQie,-34.04859924,18.48109436,anonymous,EN,59,electricity consumption,radio on,wiper on gte 1,h0v0,8,hard,M,M,M,WHAT_Qn,71.72,64.01,22.38,1,418,M,WHAT_Qn_M_H,M_H,5,127.683,17,54.72,5.777288197,25,39.01,5.29038754,33,-10.62,3.425593578,Disagree,0,3,4,4,9,n
14/11/2021 17:20,14/11/2021 17:45,IP Address,41.10.39.198,100,1499,True,14/11/2021 17:45,R_2t8R5KRgqgOEQie,-34.04859924,18.48109436,anonymous,EN,4,suspension force,gps on,wiper on gte 1,h0v0,9,hard,H,E,E,WHAT_Ql,4.31,33.52,18.23,1,297,E,WHAT_Ql_E_H,E_H,3,90.357,65,-60.69,5.926355303,40,-6.48,2.723558561,25,-6.77,2.785550552,Agree,1,2,4,4,10,n
14/11/2021 17:20,14/11/2021 17:45,IP Address,41.10.39.198,100,1499,True,14/11/2021 17:45,R_2t8R5KRgqgOEQie,-34.04859924,18.48109436,anonymous,EN,1,electricity consumption,gps on,wiper on gte 1,h0v0,9,hard,E,M,E,WHAT_Ql,29.67,84.11,35.04,1,378,M,WHAT_Ql_M_H,M_H,5,115.868,33,-3.33,1.788685711,85,-0.89,0.021479727,33,2.04,1.114367025,Disagree,0,2,5,4,11,n
14/11/2021 17:20,14/11/2021 17:45,IP Address,41.10.39.198,100,1499,True,14/11/2021 17:45,R_2t8R5KRgqgOEQie,-34.04859924,18.48109436,anonymous,EN,1,electricity consumption,gps on,wiper on gte 1,h0v0,6,medium,E,H,E,WHAT_Ql,34.11,88.08,35.51,1,439,H,WHAT_Ql_H_M,H_M,5,91.315,80,-45.89,5.524032323,88,0.08,-2.286304185,39,-3.49,1.853995647,Disagree,0,3,5,4,12,n
14/11/2021 17:20,14/11/2021 17:45,IP Address,41.10.39.198,100,1499,True,14/11/2021 17:45,R_2t8R5KRgqgOEQie,-34.04859924,18.48109436,anonymous,EN,29,engine temperature,radio on,wiper on gte 1,h0v0,3,easy,E,E,E,WHERE,13.01,14.86,14.47,-1,300,E,WHERE_E_E,E_E,4,76.159,10,3.01,1.648465443,60,-45.14,5.500324049,12,2.47,1.375734539,Disagree,1,4,4,5,13,n
14/11/2021 17:14,14/11/2021 17:47,IP Address,152.3.43.51,100,1968,True,14/11/2021 17:47,R_3DdnwAdELqRGdYk,36.02510071,-78.92169952,anonymous,EN,1,electricity consumption,gps on,wiper on gte 1,h0v0,3,easy,E,E,E,WHAT_Qn,51.75,42.6,34.84,1,244,E,WHAT_Qn_E_E,E_E,4,163.899,43,8.75,3.14974712,40,2.6,1.44625623,30,4.84,2.311793718,Agree,1,5,5,5,14,n
14/11/2021 17:14,14/11/2021 17:47,IP Address,152.3.43.51,100,1968,True,14/11/2021 17:47,R_3DdnwAdELqRGdYk,36.02510071,-78.92169952,anonymous,EN,1,electricity consumption,gps on,wiper on gte 1,h0v0,9,hard,E,M,E,WHAT_Qn,46.44,42.6,28.48,-1,337,E,WHAT_Qn_E_H,E_H,4,115.549,45,1.44,0.646162657,48,-5.4,2.465974465,20,8.48,3.105175192,Agree,0,5,5,5,15,n
14/11/2021 17:14,14/11/2021 17:47,IP Address,152.3.43.51,100,1968,True,14/11/2021 17:47,R_3DdnwAdELqRGdYk,36.02510071,-78.92169952,anonymous,EN,4,suspension force,gps on,wiper on gte 1,h0v0,9,hard,H,E,E,WHAT_Qn,73.21,76.69,16.62,-1,432,H,WHAT_Qn_H_H,H_H,4,285.478,65,8.21,3.059182199,75,1.69,0.859969548,13,3.62,1.904965719,Neither agree nor disagree,0,5,5,5,16,n
14/11/2021 17:14,14/11/2021 17:47,IP Address,152.3.43.51,100,1968,True,14/11/2021 17:47,R_3DdnwAdELqRGdYk,36.02510071,-78.92169952,anonymous,EN,59,electricity consumption,radio on,wiper on gte 1,h0v0,6,medium,M,E,M,WHAT_Ql,5.52,14,38.06,-1,283,E,WHAT_Ql_E_M,E_M,5,76.53,4,1.52,0.718087584,14,0,-3,34,4.06,2.065227623,Agree,0,5,4,5,17,n
14/11/2021 17:14,14/11/2021 17:47,IP Address,152.3.43.51,100,1968,True,14/11/2021 17:47,R_3DdnwAdELqRGdYk,36.02510071,-78.92169952,anonymous,EN,29,engine temperature,radio on,wiper on gte 1,h0v0,8,hard,E,H,E,WHAT_Ql,19.95,109.46,21.19,1,364,H,WHAT_Ql_H_H,H_H,5,191.788,15,4.95,2.343407822,78,31.46,4.981167667,18,3.19,1.72900887,Agree,1,5,5,5,18,n
14/11/2021 17:14,14/11/2021 17:47,IP Address,152.3.43.51,100,1968,True,14/11/2021 17:47,R_3DdnwAdELqRGdYk,36.02510071,-78.92169952,anonymous,EN,67,electricity consumption,wiper on,gps on gte 1,h0v0,9,hard,H,H,H,WHAT_Ql,1.93,21.24,16.73,1,445,H,WHAT_Ql_H_H,H_H,5,79.273,1,0.93,0.077242999,20,1.24,0.448900951,18,-1.27,0.480265122,Agree,1,5,5,5,19,n
14/11/2021 17:14,14/11/2021 17:47,IP Address,152.3.43.51,100,1968,True,14/11/2021 17:47,R_3DdnwAdELqRGdYk,36.02510071,-78.92169952,anonymous,EN,1,electricity consumption,gps on,wiper on gte 1,h0v0,6,medium,E,M,E,WHERE,14.04,15.53,18.54,1,304,E,WHERE_E_M,E_M,5,145.2,17,-2.96,1.625270489,20,-4.47,2.200064862,16,2.54,1.414135533,Neither agree nor disagree,0,3,4,5,20,n
14/11/2021 17:14,14/11/2021 17:47,IP Address,152.3.43.51,100,1968,True,14/11/2021 17:47,R_3DdnwAdELqRGdYk,36.02510071,-78.92169952,anonymous,EN,29,engine temperature,radio on,wiper on gte 1,h0v0,9,hard,E,E,E,WHERE,15.64,14.86,26.8,-1,405,E,WHERE_E_H,E_H,3,52.312,20,-4.36,2.165107985,15,-0.14,-1.915935735,26,0.8,-0.112474729,Disagree,1,2,4,4,21,n
14/11/2021 17:14,14/11/2021 17:47,IP Address,152.3.43.51,100,1968,True,14/11/2021 17:47,R_3DdnwAdELqRGdYk,36.02510071,-78.92169952,anonymous,EN,59,electricity consumption,radio on,wiper on gte 1,h0v0,3,easy,M,M,M,WHERE,65.92,38.08,7.87,1,460,M,WHERE_M_E,M_E,5,58.592,59,6.92,2.816599707,38,0.08,-2.286304185,10,-2.13,1.173127433,Disagree,0,5,3,5,22,n
14/11/2021 17:13,14/11/2021 17:48,IP Address,173.183.92.121,100,2125,True,14/11/2021 17:48,R_r1EPmLqmZoSrl5v,50.70329285,-119.2682953,anonymous,EN,59,electricity consumption,radio on,wiper on gte 1,h0v0,6,medium,M,M,M,WHAT_Qn,66.66,64.01,12.5,-1,250,M,WHAT_Qn_M_M,M_M,1,147.674,70,-3.34,1.792855352,65,-0.99,0.15704371,12,0.5,-0.678071905,Neither agree nor disagree,0,3,3,3,23,n
14/11/2021 17:13,14/11/2021 17:48,IP Address,173.183.92.121,100,2125,True,14/11/2021 17:48,R_r1EPmLqmZoSrl5v,50.70329285,-119.2682953,anonymous,EN,29,engine temperature,radio on,wiper on gte 1,h0v0,6,medium,E,H,E,WHAT_Qn,30.71,34.69,22.19,1,331,E,WHAT_Qn_E_M,E_M,3,204.088,20,10.71,3.437627248,40,-5.31,2.442280035,20,2.19,1.211012193,Agree,1,2,2,4,24,n
14/11/2021 17:13,14/11/2021 17:48,IP Address,173.183.92.121,100,2125,True,14/11/2021 17:48,R_r1EPmLqmZoSrl5v,50.70329285,-119.2682953,anonymous,EN,67,electricity consumption,wiper on,gps on gte 1,h0v0,6,medium,H,H,H,WHAT_Qn,55.88,56.78,49.47,1,412,H,WHAT_Qn_H_M,H_M,3,155.442,60,-4.12,2.085764554,55,1.78,0.929790998,45,4.47,2.200064862,Agree,1,3,2,3,25,n
14/11/2021 17:13,14/11/2021 17:48,IP Address,173.183.92.121,100,2125,True,14/11/2021 17:48,R_r1EPmLqmZoSrl5v,50.70329285,-119.2682953,anonymous,EN,67,electricity consumption,wiper on,gps on gte 1,h0v0,6,medium,H,E,H,WHAT_Ql,3,7.29,51.71,1,277,E,WHAT_Ql_E_M,E_M,5,134.654,5,-2,1.087462841,5,2.29,1.272023189,50,1.71,0.875780063,Disagree,0,4,4,3,26,n
14/11/2021 17:13,14/11/2021 17:48,IP Address,173.183.92.121,100,2125,True,14/11/2021 17:48,R_r1EPmLqmZoSrl5v,50.70329285,-119.2682953,anonymous,EN,67,electricity consumption,wiper on,gps on gte 1,h0v0,3,easy,H,M,H,WHAT_Ql,5.15,20.17,38.19,1,352,M,WHAT_Ql_M_E,M_E,4,109.853,3,2.15,1.185866545,20,0.17,-1.76121314,35,3.19,1.72900887,Agree,1,4,4,3,27,n
14/11/2021 17:13,14/11/2021 17:48,IP Address,173.183.92.121,100,2125,True,14/11/2021 17:48,R_r1EPmLqmZoSrl5v,50.70329285,-119.2682953,anonymous,EN,4,suspension force,gps on,wiper on gte 1,h0v0,3,easy,H,M,E,WHAT_Ql,17.84,52.74,33.33,-1,433,M,WHAT_Ql_M_E,M_E,3,111.593,15,2.84,1.568032105,55,-2.26,1.253989266,33,0.33,-1.13606155,Neither agree nor disagree,0,4,4,4,28,n
14/11/2021 17:13,14/11/2021 17:48,IP Address,173.183.92.121,100,2125,True,14/11/2021 17:48,R_r1EPmLqmZoSrl5v,50.70329285,-119.2682953,anonymous,EN,67,electricity consumption,wiper on,gps on gte 1,h0v0,3,easy,H,E,H,WHERE,16.29,25.28,34.9,-1,381,H,WHERE_H_E,H_E,4,102.596,55,-38.71,5.279285561,60,-34.72,5.12287975,35,-0.1,-2.152003093,Agree,0,3,4,4,29,n
14/11/2021 17:13,14/11/2021 17:48,IP Address,173.183.92.121,100,2125,True,14/11/2021 17:48,R_r1EPmLqmZoSrl5v,50.70329285,-119.2682953,anonymous,EN,4,suspension force,gps on,wiper on gte 1,h0v0,6,medium,H,E,E,WHERE,18.83,19.96,28.68,1,462,E,WHERE_E_M,E_M,5,117.571,10,8.83,3.162693432,40,-20.04,4.333781501,36,-7.32,2.896271849,Agree,1,3,4,4,30,n
14/11/2021 17:09,14/11/2021 17:49,IP Address,68.197.138.127,100,2425,True,14/11/2021 17:49,R_1lcylWI15Pv4mO7,40.5980072,-73.94670105,anonymous,EN,59,electricity consumption,radio on,wiper on gte 1,h0v0,6,medium,M,M,M,WHAT_Qn,66.66,64.01,12.5,-1,250,M,WHAT_Qn_M_M,M_M,5,199.139,75,-8.34,3.081510068,70,-5.99,2.612352499,15,-2.5,1.392317423,Disagree,1,4,3,4,31,n
14/11/2021 17:09,14/11/2021 17:49,IP Address,68.197.138.127,100,2425,True,14/11/2021 17:49,R_1lcylWI15Pv4mO7,40.5980072,-73.94670105,anonymous,EN,67,electricity consumption,wiper on,gps on gte 1,h0v0,9,hard,H,E,H,WHAT_Qn,48.07,56.78,23.82,1,351,H,WHAT_Qn_H_H,H_H,5,150.492,57,-8.93,3.178714641,60,-3.22,1.742006211,26,-2.18,1.204766751,Disagree,0,3,3,4,32,n
14/11/2021 17:09,14/11/2021 17:49,IP Address,68.197.138.127,100,2425,True,14/11/2021 17:49,R_1lcylWI15Pv4mO7,40.5980072,-73.94670105,anonymous,EN,29,engine temperature,radio on,wiper on gte 1,h0v0,3,easy,E,E,E,WHAT_Qn,35.04,34.69,12.03,-1,406,E,WHAT_Qn_E_E,E_E,5,162.042,40,-4.96,2.346247774,39,-4.31,2.148934105,9,3.03,1.657640005,Disagree,1,4,3,4,33,n
14/11/2021 17:09,14/11/2021 17:49,IP Address,68.197.138.127,100,2425,True,14/11/2021 17:49,R_1lcylWI15Pv4mO7,40.5980072,-73.94670105,anonymous,EN,29,engine temperature,radio on,wiper on gte 1,h0v0,3,easy,E,E,E,WHAT_Ql,0,24.27,36,1,271,E,WHAT_Ql_E_E,E_E,5,120.531,0,0,-3,22,2.27,1.260025656,32,4,2.044394119,Agree,1,5,5,4,34,n
14/11/2021 17:09,14/11/2021 17:49,IP Address,68.197.138.127,100,2425,True,14/11/2021 17:49,R_1lcylWI15Pv4mO7,40.5980072,-73.94670105,anonymous,EN,4,suspension force,gps on,wiper on gte 1,h0v0,6,medium,H,M,E,WHAT_Ql,24.5,75.88,30.78,1,358,M,WHAT_Ql_M_M,M_M,3,272.592,24,0.5,-0.678071905,75,0.88,0.007195501,38,-7.22,2.876762491,Neither agree nor disagree,0,4,4,3,35,n
14/11/2021 17:09,14/11/2021 17:49,IP Address,68.197.138.127,100,2425,True,14/11/2021 17:49,R_1lcylWI15Pv4mO7,40.5980072,-73.94670105,anonymous,EN,29,engine temperature,radio on,wiper on gte 1,h0v0,6,medium,E,H,E,WHAT_Ql,25.92,71.6,37.24,1,435,H,WHAT_Ql_H_M,H_M,2,232.971,39,-13.08,3.723012396,66,5.6,2.517275693,43,-5.76,2.557042415,Agree,1,4,4,4,36,n
14/11/2021 17:09,14/11/2021 17:49,IP Address,68.197.138.127,100,2425,True,14/11/2021 17:49,R_1lcylWI15Pv4mO7,40.5980072,-73.94670105,anonymous,EN,4,suspension force,gps on,wiper on gte 1,h0v0,3,easy,H,M,E,WHERE,12.67,19.96,24.86,-1,298,E,WHERE_E_E,E_E,2,145.851,15,-2.33,1.295723025,29,-9.04,3.196134881,26,-1.14,0.339137385,Agree,0,4,2,4,37,n
14/11/2021 17:09,14/11/2021 17:49,IP Address,68.197.138.127,100,2425,True,14/11/2021 17:49,R_1lcylWI15Pv4mO7,40.5980072,-73.94670105,anonymous,EN,4,suspension force,gps on,wiper on gte 1,h0v0,9,hard,H,M,E,WHERE,22.92,19.96,16.93,-1,391,E,WHERE_E_H,E_H,5,94.822,22,0.92,0.063502942,24,-4.04,2.058316496,13,3.93,2.019701914,Agree,0,5,4,5,38,n
14/11/2021 17:09,14/11/2021 17:49,IP Address,68.197.138.127,100,2425,True,14/11/2021 17:49,R_1lcylWI15Pv4mO7,40.5980072,-73.94670105,anonymous,EN,67,electricity consumption,wiper on,gps on gte 1,h0v0,9,hard,H,E,H,WHERE,25.62,25.28,21.25,1,486,H,WHERE_H_H,H_H,4,198.527,27,-1.38,0.589763487,23,2.28,1.266036894,21,0.25,-1.415037499,Neither agree nor disagree,0,3,4,5,39,n
14/11/2021 17:53,14/11/2021 18:21,IP Address,81.109.139.250,100,1670,True,14/11/2021 18:21,R_1CcHek1VPSgQzFn,52.95379639,-1.157104492,anonymous,EN,67,electricity consumption,wiper on,gps on gte 1,h0v0,3,easy,H,M,H,WHAT_Qn,52.06,56.78,19.63,1,246,H,WHAT_Qn_H_E,H_E,2,121.8,50,2.06,1.12763328,30,26.78,4.749802402,20,-0.37,-1.01449957,Agree,1,0,1,1,40,n
14/11/2021 17:53,14/11/2021 18:21,IP Address,81.109.139.250,100,1670,True,14/11/2021 18:21,R_1CcHek1VPSgQzFn,52.95379639,-1.157104492,anonymous,EN,59,electricity consumption,radio on,wiper on gte 1,h0v0,3,easy,M,E,M,WHAT_Qn,63.33,64.01,11.04,1,325,M,WHAT_Qn_M_E,M_E,2,88.326,11,52.33,5.713008392,20,44.01,5.463851293,7,4.04,2.058316496,Neither agree nor disagree,0,0,1,3,41,n
14/11/2021 17:53,14/11/2021 18:21,IP Address,81.109.139.250,100,1670,True,14/11/2021 18:21,R_1CcHek1VPSgQzFn,52.95379639,-1.157104492,anonymous,EN,29,engine temperature,radio on,wiper on gte 1,h0v0,3,easy,E,E,E,WHAT_Qn,35.04,34.69,12.03,-1,406,E,WHAT_Qn_E_E,E_E,2,70.443,15,20.04,4.333781501,20,14.69,3.888986721,10,2.03,1.107687869,Disagree,1,2,1,2,42,n
14/11/2021 17:53,14/11/2021 18:21,IP Address,81.109.139.250,100,1670,True,14/11/2021 18:21,R_1CcHek1VPSgQzFn,52.95379639,-1.157104492,anonymous,EN,67,electricity consumption,wiper on,gps on gte 1,h0v0,6,medium,H,E,H,WHAT_Ql,3,7.29,51.71,1,277,E,WHAT_Ql_E_M,E_M,3,160.492,45,-42,5.396604781,5,2.29,1.272023189,50,1.71,0.875780063,Disagree,0,2,1,2,43,n
14/11/2021 17:53,14/11/2021 18:21,IP Address,81.109.139.250,100,1670,True,14/11/2021 18:21,R_1CcHek1VPSgQzFn,52.95379639,-1.157104492,anonymous,EN,4,suspension force,gps on,wiper on gte 1,h0v0,6,medium,H,M,E,WHAT_Ql,24.5,75.88,30.78,1,358,M,WHAT_Ql_M_M,M_M,2,108.977,25,-0.5,-0.678071905,74,1.88,1.003602237,40,-9.22,3.224194664,Disagree,0,2,2,2,44,n
14/11/2021 17:53,14/11/2021 18:21,IP Address,81.109.139.250,100,1670,True,14/11/2021 18:21,R_1CcHek1VPSgQzFn,52.95379639,-1.157104492,anonymous,EN,4,suspension force,gps on,wiper on gte 1,h0v0,3,easy,H,M,E,WHAT_Ql,17.84,52.74,33.33,-1,433,M,WHAT_Ql_M_E,M_E,2,122.664,23,-5.16,2.401903472,53,-0.26,-1.377069649,40,-6.67,2.764473551,Disagree,1,4,3,2,45,n
14/11/2021 17:53,14/11/2021 18:21,IP Address,81.109.139.250,100,1670,True,14/11/2021 18:21,R_1CcHek1VPSgQzFn,52.95379639,-1.157104492,anonymous,EN,67,electricity consumption,wiper on,gps on gte 1,h0v0,6,medium,H,M,H,WHERE,27.96,25.28,25.19,-1,310,H,WHERE_H_M,H_M,1,110.484,70,-42.04,5.397974049,50,-24.72,4.634883637,12,13.19,3.734980523,Neither agree nor disagree,0,1,0,2,46,n
14/11/2021 17:53,14/11/2021 18:21,IP Address,81.109.139.250,100,1670,True,14/11/2021 18:21,R_1CcHek1VPSgQzFn,52.95379639,-1.157104492,anonymous,EN,59,electricity consumption,radio on,wiper on gte 1,h0v0,8,hard,M,E,M,WHERE,36.12,38.08,18.65,1,324,M,WHERE_M_H,M_H,2,162.207,38,-1.88,1.003602237,30,8.08,3.036503334,15,3.65,1.916476644,Neither agree nor disagree,0,3,3,3,47,n
14/11/2021 17:53,14/11/2021 18:21,IP Address,81.109.139.250,100,1670,True,14/11/2021 18:21,R_1CcHek1VPSgQzFn,52.95379639,-1.157104492,anonymous,EN,1,electricity consumption,gps on,wiper on gte 1,h0v0,3,easy,E,M,E,WHERE,13.46,15.53,13.37,-1,379,E,WHERE_E_E,E_E,2,194.243,18,-4.54,2.221877081,25,-9.47,3.262282806,15,-1.63,0.811471031,Neither agree nor disagree,0,3,2,4,48,n
14/11/2021 17:53,14/11/2021 18:21,IP Address,81.109.139.250,100,1670,True,14/11/2021 18:21,R_1CcHek1VPSgQzFn,52.95379639,-1.157104492,anonymous,EN,1,electricity consumption,gps on,wiper on gte 1,h0v0,9,hard,E,M,E,WHERE,13.19,15.53,33.13,1,472,E,WHERE_E_H,E_H,2,170.505,8,5.19,2.410069692,13,2.53,1.408711861,33,0.13,-1.971430848,Agree,1,4,2,4,49,n
14/11/2021 18:04,14/11/2021 18:25,IP Address,102.65.188.195,100,1257,True,14/11/2021 18:25,R_1HklygKSQklSY8C,-29.90559387,30.94050598,anonymous,EN,1,electricity consumption,gps on,wiper on gte 1,h0v0,3,easy,E,E,E,WHAT_Qn,51.75,42.6,34.84,1,244,E,WHAT_Qn_E_E,E_E,5,135.49,50,1.75,0.906890596,58,-15.4,3.956521363,27,7.84,2.993674362,Disagree,0,3,3,5,50,n
14/11/2021 18:04,14/11/2021 18:25,IP Address,102.65.188.195,100,1257,True,14/11/2021 18:25,R_1HklygKSQklSY8C,-29.90559387,30.94050598,anonymous,EN,4,suspension force,gps on,wiper on gte 1,h0v0,3,easy,H,M,E,WHAT_Qn,68.95,76.69,9.8,-1,327,H,WHAT_Qn_H_E,H_E,5,185.03,61,7.95,3.01346226,78,-1.31,0.521050737,7,2.8,1.548436625,Disagree,1,5,4,5,51,n
14/11/2021 18:04,14/11/2021 18:25,IP Address,102.65.188.195,100,1257,True,14/11/2021 18:25,R_1HklygKSQklSY8C,-29.90559387,30.94050598,anonymous,EN,4,suspension force,gps on,wiper on gte 1,h0v0,9,hard,H,E,E,WHAT_Qn,73.21,76.69,16.62,-1,432,H,WHAT_Qn_H_H,H_H,4,16.527,25,48.21,5.594996337,34,42.69,5.42004442,47,-30.38,4.930973826,Disagree,1,3,2,4,52,n
14/11/2021 18:04,14/11/2021 18:25,IP Address,102.65.188.195,100,1257,True,14/11/2021 18:25,R_1HklygKSQklSY8C,-29.90559387,30.94050598,anonymous,EN,4,suspension force,gps on,wiper on gte 1,h0v0,9,hard,H,E,E,WHAT_Ql,4.31,33.52,18.23,1,297,E,WHAT_Ql_E_H,E_H,4,111.614,50,-45.69,5.517748114,38,-4.48,2.203201156,20,-1.77,0.922197848,Disagree,0,3,5,5,53,n
14/11/2021 18:04,14/11/2021 18:25,IP Address,102.65.188.195,100,1257,True,14/11/2021 18:25,R_1HklygKSQklSY8C,-29.90559387,30.94050598,anonymous,EN,59,electricity consumption,radio on,wiper on gte 1,h0v0,3,easy,M,M,M,WHAT_Ql,2.56,15.58,16.37,1,354,M,WHAT_Ql_M_E,M_E,5,11.952,15,-12.44,3.651338766,56,-40.42,5.341452107,16,0.37,-1.01449957,Neither agree nor disagree,0,2,3,3,54,n
14/11/2021 18:04,14/11/2021 18:25,IP Address,102.65.188.195,100,1257,True,14/11/2021 18:25,R_1HklygKSQklSY8C,-29.90559387,30.94050598,anonymous,EN,67,electricity consumption,wiper on,gps on gte 1,h0v0,9,hard,H,H,H,WHAT_Ql,1.93,21.24,16.73,1,445,H,WHAT_Ql_H_H,H_H,3,91.054,2,-0.07,-2.358453971,19,2.24,1.241840184,15,1.73,0.891419187,Neither agree nor disagree,0,3,4,2,55,n
14/11/2021 18:04,14/11/2021 18:25,IP Address,102.65.188.195,100,1257,True,14/11/2021 18:25,R_1HklygKSQklSY8C,-29.90559387,30.94050598,anonymous,EN,59,electricity consumption,radio on,wiper on gte 1,h0v0,6,medium,M,M,M,WHERE,31.47,38.08,33.81,1,385,M,WHERE_M_M,M_M,4,294.74,35,-3.53,1.869871406,41,-2.92,1.606442228,25,8.81,3.159467729,Disagree,0,2,2,4,56,n
14/11/2021 18:04,14/11/2021 18:25,IP Address,102.65.188.195,100,1257,True,14/11/2021 18:25,R_1HklygKSQklSY8C,-29.90559387,30.94050598,anonymous,EN,29,engine temperature,radio on,wiper on gte 1,h0v0,6,medium,E,H,E,WHERE,11.85,14.86,31.36,-1,466,E,WHERE_E_M,E_M,4,162.807,22,-10.15,3.361066489,30,-15.14,3.932155684,28,3.36,1.801158656,Disagree,1,2,2,4,57,n
14/11/2021 17:30,14/11/2021 19:04,IP Address,86.188.116.168,100,5618,True,14/11/2021 19:04,R_24BpJd62r7pV4Uo,51.55070496,-0.053695679,anonymous,EN,4,suspension force,gps on,wiper on gte 1,h0v0,6,medium,H,M,E,WHAT_Qn,84.3,76.69,19.89,-1,256,H,WHAT_Qn_H_M,H_M,1,499.465,80,4.3,2.145677455,75,1.69,0.859969548,20,-0.11,-2.089267338,Disagree,1,1,1,1,58,n
14/11/2021 17:30,14/11/2021 19:04,IP Address,86.188.116.168,100,5618,True,14/11/2021 19:04,R_24BpJd62r7pV4Uo,51.55070496,-0.053695679,anonymous,EN,29,engine temperature,radio on,wiper on gte 1,h0v0,6,medium,E,H,E,WHAT_Qn,30.71,34.69,22.19,1,331,E,WHAT_Qn_E_M,E_M,1,762.965,30,0.71,-0.260151897,50,-15.31,3.948133578,25,-2.81,1.553360503,Disagree,0,1,1,1,59,n
14/11/2021 17:30,14/11/2021 19:04,IP Address,86.188.116.168,100,5618,True,14/11/2021 19:04,R_24BpJd62r7pV4Uo,51.55070496,-0.053695679,anonymous,EN,59,electricity consumption,radio on,wiper on gte 1,h0v0,8,hard,M,M,M,WHAT_Qn,71.72,64.01,22.38,1,418,M,WHAT_Qn_M_H,M_H,1,502.174,70,1.72,0.883620816,71,-6.99,2.830863757,20,2.38,1.324810603,Disagree,0,1,0,1,60,n
14/11/2021 17:30,14/11/2021 19:04,IP Address,86.188.116.168,100,5618,True,14/11/2021 19:04,R_24BpJd62r7pV4Uo,51.55070496,-0.053695679,anonymous,EN,29,engine temperature,radio on,wiper on gte 1,h0v0,3,easy,E,E,E,WHAT_Ql,0,24.27,36,1,271,E,WHAT_Ql_E_E,E_E,0,818.094,53,-53,5.731319031,25,-0.73,-0.226003675,35,1,0.169925001,Neither agree nor disagree,0,0,0,0,61,n
14/11/2021 17:30,14/11/2021 19:04,IP Address,86.188.116.168,100,5618,True,14/11/2021 19:04,R_24BpJd62r7pV4Uo,51.55070496,-0.053695679,anonymous,EN,29,engine temperature,radio on,wiper on gte 1,h0v0,8,hard,E,H,E,WHAT_Ql,19.95,109.46,21.19,1,364,H,WHAT_Ql_H_H,H_H,1,538.204,17,2.95,1.62058641,78,31.46,4.981167667,20,1.19,0.3950628,Disagree,0,1,1,1,62,n
14/11/2021 17:30,14/11/2021 19:04,IP Address,86.188.116.168,100,5618,True,14/11/2021 19:04,R_24BpJd62r7pV4Uo,51.55070496,-0.053695679,anonymous,EN,29,engine temperature,radio on,wiper on gte 1,h0v0,6,medium,E,H,E,WHAT_Ql,25.92,71.6,37.24,1,435,H,WHAT_Ql_H_M,H_M,1,533.524,20,5.92,2.595742339,81,-9.4,3.251719093,35,2.24,1.241840184,Agree,1,1,1,1,63,n
14/11/2021 17:30,14/11/2021 19:04,IP Address,86.188.116.168,100,5618,True,14/11/2021 19:04,R_24BpJd62r7pV4Uo,51.55070496,-0.053695679,anonymous,EN,1,electricity consumption,gps on,wiper on gte 1,h0v0,6,medium,E,M,E,WHERE,14.04,15.53,18.54,1,304,E,WHERE_E_M,E_M,0,379.166,30,-15.96,4.007644031,40,-24.47,4.62029315,20,-1.46,0.66448284,Neither agree nor disagree,0,0,0,1,64,n
14/11/2021 17:30,14/11/2021 19:04,IP Address,86.188.116.168,100,5618,True,14/11/2021 19:04,R_24BpJd62r7pV4Uo,51.55070496,-0.053695679,anonymous,EN,59,electricity consumption,radio on,wiper on gte 1,h0v0,6,medium,M,M,M,WHERE,31.47,38.08,33.81,1,385,M,WHERE_M_M,M_M,3,118.243,10,21.47,4.432625411,5,33.08,5.053328593,25,8.81,3.159467729,Disagree,0,0,1,2,65,n
14/11/2021 17:30,14/11/2021 19:04,IP Address,86.188.116.168,100,5618,True,14/11/2021 19:04,R_24BpJd62r7pV4Uo,51.55070496,-0.053695679,anonymous,EN,59,electricity consumption,radio on,wiper on gte 1,h0v0,3,easy,M,M,M,WHERE,65.92,38.08,7.87,1,460,M,WHERE_M_E,M_E,2,152.039,30,35.92,5.171727244,10,28.08,4.817879032,4,3.87,1.998195503,Neither agree nor disagree,0,0,1,2,66,n
14/11/2021 16:56,14/11/2021 19:20,IP Address,208.110.122.44,100,8609,True,14/11/2021 19:20,R_25MkQnaPt2yen3H,49.87159729,-97.13639832,anonymous,EN,29,engine temperature,radio on,wiper on gte 1,h0v0,9,hard,E,E,E,WHAT_Qn,27.13,34.69,24.33,-1,270,E,WHAT_Qn_E_H,E_H,4,976.711,25,2.13,1.173127433,40,-5.31,2.442280035,25,-0.67,-0.330973234,Disagree,1,3,3,3,67,n
14/11/2021 16:56,14/11/2021 19:20,IP Address,208.110.122.44,100,8609,True,14/11/2021 19:20,R_25MkQnaPt2yen3H,49.87159729,-97.13639832,anonymous,EN,1,electricity consumption,gps on,wiper on gte 1,h0v0,9,hard,E,M,E,WHAT_Qn,46.44,42.6,28.48,-1,337,E,WHAT_Qn_E_H,E_H,3,245.889,45,1.44,0.646162657,45,-2.4,1.336283388,30,-1.52,0.718087584,Disagree,1,3,3,3,68,n
14/11/2021 16:56,14/11/2021 19:20,IP Address,208.110.122.44,100,8609,True,14/11/2021 19:20,R_25MkQnaPt2yen3H,49.87159729,-97.13639832,anonymous,EN,67,electricity consumption,wiper on,gps on gte 1,h0v0,6,medium,H,H,H,WHAT_Qn,55.88,56.78,49.47,1,412,H,WHAT_Qn_H_M,H_M,3,303.617,50,5.88,2.586164246,44,12.78,3.689858236,45,4.47,2.200064862,Agree,1,3,4,3,69,n
14/11/2021 16:56,14/11/2021 19:20,IP Address,208.110.122.44,100,8609,True,14/11/2021 19:20,R_25MkQnaPt2yen3H,49.87159729,-97.13639832,anonymous,EN,59,electricity consumption,radio on,wiper on gte 1,h0v0,6,medium,M,E,M,WHAT_Ql,5.52,14,38.06,-1,283,E,WHAT_Ql_E_M,E_M,4,110.22,5,0.52,-0.632628934,20,-6,2.614709844,37,1.06,0.244887059,Agree,0,4,3,3,70,n
14/11/2021 16:56,14/11/2021 19:20,IP Address,208.110.122.44,100,8609,True,14/11/2021 19:20,R_25MkQnaPt2yen3H,49.87159729,-97.13639832,anonymous,EN,67,electricity consumption,wiper on,gps on gte 1,h0v0,3,easy,H,M,H,WHAT_Ql,5.15,20.17,38.19,1,352,M,WHAT_Ql_M_E,M_E,4,196.176,55,-49.85,5.643134662,22,-1.83,0.967168608,33,5.19,2.410069692,Agree,1,3,3,3,71,n
14/11/2021 16:56,14/11/2021 19:20,IP Address,208.110.122.44,100,8609,True,14/11/2021 19:20,R_25MkQnaPt2yen3H,49.87159729,-97.13639832,anonymous,EN,1,electricity consumption,gps on,wiper on gte 1,h0v0,6,medium,E,H,E,WHAT_Ql,34.11,88.08,35.51,1,439,H,WHAT_Ql_H_M,H_M,4,397.612,27,7.11,2.854993017,86,2.08,1.140778656,25,10.51,3.410748128,Disagree,0,3,3,3,72,n
14/11/2021 16:56,14/11/2021 19:20,IP Address,208.110.122.44,100,8609,True,14/11/2021 19:20,R_25MkQnaPt2yen3H,49.87159729,-97.13639832,anonymous,EN,29,engine temperature,radio on,wiper on gte 1,h0v0,3,easy,E,E,E,WHERE,13.01,14.86,14.47,-1,300,E,WHERE_E_E,E_E,3,98.599,20,-6.99,2.830863757,35,-20.14,4.34091827,20,-5.53,2.499527024,Disagree,1,3,3,0,73,n
14/11/2021 16:56,14/11/2021 19:20,IP Address,208.110.122.44,100,8609,True,14/11/2021 19:20,R_25MkQnaPt2yen3H,49.87159729,-97.13639832,anonymous,EN,59,electricity consumption,radio on,wiper on gte 1,h0v0,8,hard,M,E,M,WHERE,36.12,38.08,18.65,1,324,M,WHERE_M_H,M_H,4,9.667,27,9.12,3.20867332,20,18.08,4.186262836,45,-26.35,4.726558779,Disagree,0,4,5,5,74,n
14/11/2021 16:56,14/11/2021 19:20,IP Address,208.110.122.44,100,8609,True,14/11/2021 19:20,R_25MkQnaPt2yen3H,49.87159729,-97.13639832,anonymous,EN,67,electricity consumption,wiper on,gps on gte 1,h0v0,3,easy,H,E,H,WHERE,16.29,25.28,34.9,-1,381,H,WHERE_H_E,H_E,5,431.395,11,5.29,2.436961338,39,-13.72,3.791293149,20,14.9,3.909293086,Disagree,1,4,5,5,75,n
14/11/2021 16:56,14/11/2021 19:20,IP Address,208.110.122.44,100,8609,True,14/11/2021 19:20,R_25MkQnaPt2yen3H,49.87159729,-97.13639832,anonymous,EN,67,electricity consumption,wiper on,gps on gte 1,h0v0,9,hard,H,E,H,WHERE,25.62,25.28,21.25,1,486,H,WHERE_H_H,H_H,4,15.889,34,-8.38,3.088311236,74,-48.72,5.610138984,28,-6.75,2.781359714,Disagree,0,5,3,4,76,n
14/11/2021 19:17,14/11/2021 19:38,IP Address,66.45.129.142,100,1245,True,14/11/2021 19:38,R_3POklkV8FCag4bn,38.9683075,-95.26950073,anonymous,EN,4,suspension force,gps on,wiper on gte 1,h0v0,6,medium,H,M,E,WHAT_Qn,84.3,76.69,19.89,-1,256,H,WHAT_Qn_H_M,H_M,3,115.257,80,4.3,2.145677455,75,1.69,0.859969548,15,4.89,2.326249701,Neither agree nor disagree,0,4,3,4,77,n
14/11/2021 19:17,14/11/2021 19:38,IP Address,66.45.129.142,100,1245,True,14/11/2021 19:38,R_3POklkV8FCag4bn,38.9683075,-95.26950073,anonymous,EN,1,electricity consumption,gps on,wiper on gte 1,h0v0,9,hard,E,M,E,WHAT_Qn,46.44,42.6,28.48,-1,337,E,WHAT_Qn_E_H,E_H,3,60.19,50,-3.56,1.881664619,40,2.6,1.44625623,20,8.48,3.105175192,Disagree,1,3,3,4,78,n
14/11/2021 19:17,14/11/2021 19:38,IP Address,66.45.129.142,100,1245,True,14/11/2021 19:38,R_3POklkV8FCag4bn,38.9683075,-95.26950073,anonymous,EN,1,electricity consumption,gps on,wiper on gte 1,h0v0,5,medium,E,M,E,WHAT_Qn,43.35,42.6,13.03,-1,408,E,WHAT_Qn_E_M,E_M,5,71.552,40,3.35,1.797012978,35,7.6,2.949534933,10,3.03,1.657640005,Disagree,1,3,4,4,79,n
14/11/2021 19:17,14/11/2021 19:38,IP Address,66.45.129.142,100,1245,True,14/11/2021 19:38,R_3POklkV8FCag4bn,38.9683075,-95.26950073,anonymous,EN,59,electricity consumption,radio on,wiper on gte 1,h0v0,6,medium,M,E,M,WHAT_Ql,5.52,14,38.06,-1,283,E,WHAT_Ql_E_M,E_M,5,85.958,4,1.52,0.718087584,15,-1,0.169925001,28,10.06,3.348374075,Disagree,1,4,4,4,80,n
14/11/2021 19:17,14/11/2021 19:38,IP Address,66.45.129.142,100,1245,True,14/11/2021 19:38,R_3POklkV8FCag4bn,38.9683075,-95.26950073,anonymous,EN,1,electricity consumption,gps on,wiper on gte 1,h0v0,9,hard,E,M,E,WHAT_Ql,29.67,84.11,35.04,1,378,M,WHAT_Ql_M_H,M_H,5,121.355,28,1.67,0.843983844,84,0.11,-2.089267338,31,4.04,2.058316496,Disagree,0,3,4,4,81,n
14/11/2021 19:17,14/11/2021 19:38,IP Address,66.45.129.142,100,1245,True,14/11/2021 19:38,R_3POklkV8FCag4bn,38.9683075,-95.26950073,anonymous,EN,59,electricity consumption,radio on,wiper on gte 1,h0v0,8,hard,M,M,M,WHAT_Ql,5.71,15.58,33.33,1,459,M,WHAT_Ql_M_H,M_H,5,111.638,4,1.71,0.875780063,12,3.58,1.889473543,28,5.33,2.447579197,Agree,1,4,4,4,82,n
14/11/2021 19:17,14/11/2021 19:38,IP Address,66.45.129.142,100,1245,True,14/11/2021 19:38,R_3POklkV8FCag4bn,38.9683075,-95.26950073,anonymous,EN,4,suspension force,gps on,wiper on gte 1,h0v0,3,easy,H,M,E,WHERE,12.67,19.96,24.86,-1,298,E,WHERE_E_E,E_E,4,67.408,25,-12.33,3.638653116,45,-25.04,4.653346693,24,0.86,-0.02180437,Neither agree nor disagree,0,4,3,4,83,n
14/11/2021 19:17,14/11/2021 19:38,IP Address,66.45.129.142,100,1245,True,14/11/2021 19:38,R_3POklkV8FCag4bn,38.9683075,-95.26950073,anonymous,EN,29,engine temperature,radio on,wiper on gte 1,h0v0,9,hard,E,E,E,WHERE,15.64,14.86,26.8,-1,405,E,WHERE_E_H,E_H,3,244.779,10,5.64,2.527320608,40,-25.14,4.659068275,27,-0.2,-1.621488377,Agree,0,2,3,4,84,n
14/11/2021 19:17,14/11/2021 19:38,IP Address,66.45.129.142,100,1245,True,14/11/2021 19:38,R_3POklkV8FCag4bn,38.9683075,-95.26950073,anonymous,EN,1,electricity consumption,gps on,wiper on gte 1,h0v0,9,hard,E,M,E,WHERE,13.19,15.53,33.13,1,472,E,WHERE_E_H,E_H,4,114.864,20,-6.81,2.793895883,20,-4.47,2.200064862,30,3.13,1.702657543,Agree,1,3,3,3,85,n
14/11/2021 19:27,14/11/2021 19:48,IP Address,122.60.183.233,100,1252,True,14/11/2021 19:48,R_3My8tu6DyJo8Xst,-36.8506012,174.7679138,anonymous,EN,1,electricity consumption,gps on,wiper on gte 1,h0v0,3,easy,E,E,E,WHAT_Qn,51.75,42.6,34.84,1,244,E,WHAT_Qn_E_E,E_E,1,153.052,45,6.75,2.781359714,40,2.6,1.44625623,32,2.84,1.568032105,Neither agree nor disagree,0,2,2,3,86,n
14/11/2021 19:27,14/11/2021 19:48,IP Address,122.60.183.233,100,1252,True,14/11/2021 19:48,R_3My8tu6DyJo8Xst,-36.8506012,174.7679138,anonymous,EN,4,suspension force,gps on,wiper on gte 1,h0v0,3,easy,H,M,E,WHAT_Qn,68.95,76.69,9.8,-1,327,H,WHAT_Qn_H_E,H_E,3,74.831,70,-1.05,0.232660757,80,-3.31,1.780310099,8,1.8,0.944858446,Disagree,1,2,2,3,87,n
14/11/2021 19:27,14/11/2021 19:48,IP Address,122.60.183.233,100,1252,True,14/11/2021 19:48,R_3My8tu6DyJo8Xst,-36.8506012,174.7679138,anonymous,EN,4,suspension force,gps on,wiper on gte 1,h0v0,9,hard,H,E,E,WHAT_Qn,73.21,76.69,16.62,-1,432,H,WHAT_Qn_H_H,H_H,3,75.701,70,3.21,1.737686761,80,-3.31,1.780310099,22,-5.38,2.460742564,Disagree,1,3,3,2,88,n
14/11/2021 19:27,14/11/2021 19:48,IP Address,122.60.183.233,100,1252,True,14/11/2021 19:48,R_3My8tu6DyJo8Xst,-36.8506012,174.7679138,anonymous,EN,29,engine temperature,radio on,wiper on gte 1,h0v0,3,easy,E,E,E,WHAT_Ql,0,24.27,36,1,271,E,WHAT_Ql_E_E,E_E,3,76.7,0,0,-3,24,0.27,-1.340075442,35,1,0.169925001,Agree,1,5,3,3,89,n
14/11/2021 19:27,14/11/2021 19:48,IP Address,122.60.183.233,100,1252,True,14/11/2021 19:48,R_3My8tu6DyJo8Xst,-36.8506012,174.7679138,anonymous,EN,59,electricity consumption,radio on,wiper on gte 1,h0v0,3,easy,M,M,M,WHAT_Ql,2.56,15.58,16.37,1,354,M,WHAT_Ql_M_E,M_E,1,95.779,3,-0.44,-0.823677227,15,0.58,-0.504304837,16,0.37,-1.01449957,Neither agree nor disagree,0,4,3,3,90,n
14/11/2021 19:27,14/11/2021 19:48,IP Address,122.60.183.233,100,1252,True,14/11/2021 19:48,R_3My8tu6DyJo8Xst,-36.8506012,174.7679138,anonymous,EN,67,electricity consumption,wiper on,gps on gte 1,h0v0,9,hard,H,H,H,WHAT_Ql,1.93,21.24,16.73,1,445,H,WHAT_Ql_H_H,H_H,1,85.865,1,0.93,0.077242999,22,-0.76,-0.17625064,18,-1.27,0.480265122,Neither agree nor disagree,0,3,3,3,91,n
14/11/2021 19:27,14/11/2021 19:48,IP Address,122.60.183.233,100,1252,True,14/11/2021 19:48,R_3My8tu6DyJo8Xst,-36.8506012,174.7679138,anonymous,EN,29,engine temperature,radio on,wiper on gte 1,h0v0,3,easy,E,E,E,WHERE,13.01,14.86,14.47,-1,300,E,WHERE_E_E,E_E,1,55.277,10,3.01,1.648465443,20,-5.14,2.396433531,14,0.47,-0.749038426,Neither agree nor disagree,0,4,2,3,92,n
14/11/2021 19:27,14/11/2021 19:48,IP Address,122.60.183.233,100,1252,True,14/11/2021 19:48,R_3My8tu6DyJo8Xst,-36.8506012,174.7679138,anonymous,EN,67,electricity consumption,wiper on,gps on gte 1,h0v0,3,easy,H,E,H,WHERE,16.29,25.28,34.9,-1,381,H,WHERE_H_E,H_E,4,83.261,15,1.29,0.500802053,43,-17.72,4.157447996,60,-25.1,4.656782364,Disagree,1,3,3,4,93,n
14/11/2021 19:27,14/11/2021 19:48,IP Address,122.60.183.233,100,1252,True,14/11/2021 19:48,R_3My8tu6DyJo8Xst,-36.8506012,174.7679138,anonymous,EN,67,electricity consumption,wiper on,gps on gte 1,h0v0,9,hard,H,E,H,WHERE,25.62,25.28,21.25,1,486,H,WHERE_H_H,H_H,4,61.696,64,-38.38,5.266973892,17,8.28,3.071247819,20,1.25,0.459431619,Disagree,0,3,4,5,94,n
14/11/2021 19:25,14/11/2021 19:56,IP Address,41.13.116.30,100,1886,True,14/11/2021 19:56,R_3qqVDahYTzMRpJc,-25.75990295,28.26040649,anonymous,EN,29,engine temperature,radio on,wiper on gte 1,h0v0,9,hard,E,E,E,WHAT_Qn,27.13,34.69,24.33,-1,270,E,WHAT_Qn_E_H,E_H,4,67.603,23,4.13,2.089159132,51,-16.31,4.038699551,21,3.33,1.788685711,Neither agree nor disagree,0,1,0,2,95,n
14/11/2021 19:25,14/11/2021 19:56,IP Address,41.13.116.30,100,1886,True,14/11/2021 19:56,R_3qqVDahYTzMRpJc,-25.75990295,28.26040649,anonymous,EN,67,electricity consumption,wiper on,gps on gte 1,h0v0,9,hard,H,E,H,WHAT_Qn,48.07,56.78,23.82,1,351,H,WHAT_Qn_H_H,H_H,4,65.282,43,5.07,2.377123749,56,0.78,-0.144010303,27,-3.18,1.724650272,Neither agree nor disagree,0,0,1,3,96,n
14/11/2021 19:25,14/11/2021 19:56,IP Address,41.13.116.30,100,1886,True,14/11/2021 19:56,R_3qqVDahYTzMRpJc,-25.75990295,28.26040649,anonymous,EN,67,electricity consumption,wiper on,gps on gte 1,h0v0,6,medium,H,H,H,WHAT_Qn,55.88,56.78,49.47,1,412,H,WHAT_Qn_H_M,H_M,4,142.568,53,2.88,1.587364991,50,6.78,2.787641414,48,1.47,0.673556424,Disagree,0,0,1,2,97,n
14/11/2021 19:25,14/11/2021 19:56,IP Address,41.13.116.30,100,1886,True,14/11/2021 19:56,R_3qqVDahYTzMRpJc,-25.75990295,28.26040649,anonymous,EN,1,electricity consumption,gps on,wiper on gte 1,h0v0,3,easy,E,E,E,WHAT_Ql,27.33,78.73,27.33,1,273,E,WHAT_Ql_E_E,E_E,5,144.221,38,-10.67,3.432291338,78,0.73,-0.226003675,38,-10.67,3.432291338,Neither agree nor disagree,0,5,5,5,98,n
14/11/2021 19:25,14/11/2021 19:56,IP Address,41.13.116.30,100,1886,True,14/11/2021 19:56,R_3qqVDahYTzMRpJc,-25.75990295,28.26040649,anonymous,EN,1,electricity consumption,gps on,wiper on gte 1,h0v0,9,hard,E,M,E,WHAT_Ql,29.67,84.11,35.04,1,378,M,WHAT_Ql_M_H,M_H,3,208.663,23,6.67,2.764473551,83,1.11,0.304511042,43,-7.96,3.015247774,Neither agree nor disagree,0,3,4,4,99,n
14/11/2021 19:25,14/11/2021 19:56,IP Address,41.13.116.30,100,1886,True,14/11/2021 19:56,R_3qqVDahYTzMRpJc,-25.75990295,28.26040649,anonymous,EN,1,electricity consumption,gps on,wiper on gte 1,h0v0,6,medium,E,H,E,WHAT_Ql,34.11,88.08,35.51,1,439,H,WHAT_Ql_H_M,H_M,4,138.18,46,-11.89,3.586764743,90,-1.92,1.032100843,33,2.51,1.397802962,Neither agree nor disagree,0,3,3,3,100,n
14/11/2021 19:25,14/11/2021 19:56,IP Address,41.13.116.30,100,1886,True,14/11/2021 19:56,R_3qqVDahYTzMRpJc,-25.75990295,28.26040649,anonymous,EN,1,electricity consumption,gps on,wiper on gte 1,h0v0,3,easy,E,M,E,WHERE,13.46,15.53,13.37,-1,379,E,WHERE_E_E,E_E,1,96.252,15,-1.54,0.735522177,5,10.53,3.413458688,13,0.37,-1.01449957,Disagree,1,2,3,3,101,n
14/11/2021 19:25,14/11/2021 19:56,IP Address,41.13.116.30,100,1886,True,14/11/2021 19:56,R_3qqVDahYTzMRpJc,-25.75990295,28.26040649,anonymous,EN,4,suspension force,gps on,wiper on gte 1,h0v0,6,medium,H,E,E,WHERE,18.83,19.96,28.68,1,462,E,WHERE_E_M,E_M,1,86.297,15,3.83,1.983677695,17,2.96,1.625270489,26,2.68,1.488000771,Neither agree nor disagree,0,2,1,3,102,n
14/11/2021 19:49,14/11/2021 20:06,IP Address,203.96.129.178,100,1020,True,14/11/2021 20:06,R_117n9vwpy7C2kJS,-36.8506012,174.7679138,anonymous,EN,67,electricity consumption,wiper on,gps on gte 1,h0v0,3,easy,H,M,H,WHAT_Qn,52.06,56.78,19.63,1,246,H,WHAT_Qn_H_E,H_E,5,107.114,58,-5.94,2.600507645,53,3.78,1.965322548,22,-2.37,1.319039816,Disagree,0,4,3,4,103,n
14/11/2021 19:49,14/11/2021 20:06,IP Address,203.96.129.178,100,1020,True,14/11/2021 20:06,R_117n9vwpy7C2kJS,-36.8506012,174.7679138,anonymous,EN,1,electricity consumption,gps on,wiper on gte 1,h0v0,9,hard,E,M,E,WHAT_Qn,46.44,42.6,28.48,-1,337,E,WHAT_Qn_E_H,E_H,4,48.671,43,3.44,1.833902077,40,2.6,1.44625623,20,8.48,3.105175192,Disagree,1,4,4,4,104,n
14/11/2021 19:49,14/11/2021 20:06,IP Address,203.96.129.178,100,1020,True,14/11/2021 20:06,R_117n9vwpy7C2kJS,-36.8506012,174.7679138,anonymous,EN,4,suspension force,gps on,wiper on gte 1,h0v0,9,hard,H,E,E,WHAT_Qn,73.21,76.69,16.62,-1,432,H,WHAT_Qn_H_H,H_H,3,77.22,75,-1.79,0.937344392,73,3.69,1.931683057,16,0.62,-0.424687669,Disagree,1,4,4,4,105,n
14/11/2021 19:49,14/11/2021 20:06,IP Address,203.96.129.178,100,1020,True,14/11/2021 20:06,R_117n9vwpy7C2kJS,-36.8506012,174.7679138,anonymous,EN,67,electricity consumption,wiper on,gps on gte 1,h0v0,6,medium,H,E,H,WHAT_Ql,3,7.29,51.71,1,277,E,WHAT_Ql_E_M,E_M,5,51.628,6,-3,1.64385619,9,-1.71,0.875780063,54,-2.29,1.272023189,Disagree,0,5,5,5,106,n
14/11/2021 19:49,14/11/2021 20:06,IP Address,203.96.129.178,100,1020,True,14/11/2021 20:06,R_117n9vwpy7C2kJS,-36.8506012,174.7679138,anonymous,EN,29,engine temperature,radio on,wiper on gte 1,h0v0,8,hard,E,H,E,WHAT_Ql,19.95,109.46,21.19,1,364,H,WHAT_Ql_H_H,H_H,4,72.519,22,-2.05,1.121015401,71,38.46,5.269968201,24,-2.81,1.553360503,Disagree,0,5,4,4,107,n
14/11/2021 19:49,14/11/2021 20:06,IP Address,203.96.129.178,100,1020,True,14/11/2021 20:06,R_117n9vwpy7C2kJS,-36.8506012,174.7679138,anonymous,EN,29,engine temperature,radio on,wiper on gte 1,h0v0,6,medium,E,H,E,WHAT_Ql,25.92,71.6,37.24,1,435,H,WHAT_Ql_H_M,H_M,3,70.267,44,-18.08,4.186262836,73,-1.4,0.608809243,31,6.24,2.670160514,Disagree,0,4,4,4,108,n
14/11/2021 19:49,14/11/2021 20:06,IP Address,203.96.129.178,100,1020,True,14/11/2021 20:06,R_117n9vwpy7C2kJS,-36.8506012,174.7679138,anonymous,EN,67,electricity consumption,wiper on,gps on gte 1,h0v0,6,medium,H,M,H,WHERE,27.96,25.28,25.19,-1,310,H,WHERE_H_M,H_M,2,80.871,26,1.96,1.060047384,21,4.28,2.139142019,23,2.19,1.211012193,Disagree,1,3,2,5,109,n
14/11/2021 19:49,14/11/2021 20:06,IP Address,203.96.129.178,100,1020,True,14/11/2021 20:06,R_117n9vwpy7C2kJS,-36.8506012,174.7679138,anonymous,EN,29,engine temperature,radio on,wiper on gte 1,h0v0,9,hard,E,E,E,WHERE,15.64,14.86,26.8,-1,405,E,WHERE_E_H,E_H,3,139.709,28,-12.36,3.642123916,30,-15.14,3.932155684,21,5.8,2.566815154,Disagree,1,3,5,4,110,n
14/11/2021 19:49,14/11/2021 20:06,IP Address,203.96.129.178,100,1020,True,14/11/2021 20:06,R_117n9vwpy7C2kJS,-36.8506012,174.7679138,anonymous,EN,29,engine temperature,radio on,wiper on gte 1,h0v0,6,medium,E,H,E,WHERE,11.85,14.86,31.36,-1,466,E,WHERE_E_M,E_M,5,97.858,13,-1.15,0.350497247,25,-10.14,3.359661722,17,14.36,3.856487779,Agree,0,3,4,4,111,n
14/11/2021 20:09,14/11/2021 21:05,IP Address,24.64.84.140,100,3378,True,14/11/2021 21:05,R_11hXMxJsu4s1UkX,49.8374939,-110.516098,anonymous,EN,1,electricity consumption,gps on,wiper on gte 1,h0v0,3,easy,E,E,E,WHAT_Qn,51.75,42.6,34.84,1,244,E,WHAT_Qn_E_E,E_E,2,407.377,63,-11.25,3.50779464,62,-19.4,4.287250643,32,2.84,1.568032105,Disagree,0,1,1,1,112,n
14/11/2021 20:09,14/11/2021 21:05,IP Address,24.64.84.140,100,3378,True,14/11/2021 21:05,R_11hXMxJsu4s1UkX,49.8374939,-110.516098,anonymous,EN,29,engine temperature,radio on,wiper on gte 1,h0v0,6,medium,E,H,E,WHAT_Qn,30.71,34.69,22.19,1,331,E,WHAT_Qn_E_M,E_M,4,477.995,25,5.71,2.544732656,29,5.69,2.539779192,68,-45.81,5.521521924,Agree,1,1,1,2,113,n
14/11/2021 20:09,14/11/2021 21:05,IP Address,24.64.84.140,100,3378,True,14/11/2021 21:05,R_11hXMxJsu4s1UkX,49.8374939,-110.516098,anonymous,EN,1,electricity consumption,gps on,wiper on gte 1,h0v0,5,medium,E,M,E,WHAT_Qn,43.35,42.6,13.03,-1,408,E,WHAT_Qn_E_M,E_M,0,168.985,18,25.35,4.671010241,40,2.6,1.44625623,18,-4.97,2.349082146,Neither agree nor disagree,0,0,1,1,114,n
14/11/2021 20:09,14/11/2021 21:05,IP Address,24.64.84.140,100,3378,True,14/11/2021 21:05,R_11hXMxJsu4s1UkX,49.8374939,-110.516098,anonymous,EN,4,suspension force,gps on,wiper on gte 1,h0v0,9,hard,H,E,E,WHAT_Ql,4.31,33.52,18.23,1,297,E,WHAT_Ql_E_H,E_H,1,231.021,55,-50.69,5.667182522,35,-1.48,0.682573297,20,-1.77,0.922197848,Agree,1,1,2,2,115,n
14/11/2021 20:09,14/11/2021 21:05,IP Address,24.64.84.140,100,3378,True,14/11/2021 21:05,R_11hXMxJsu4s1UkX,49.8374939,-110.516098,anonymous,EN,59,electricity consumption,radio on,wiper on gte 1,h0v0,3,easy,M,M,M,WHAT_Ql,2.56,15.58,16.37,1,354,M,WHAT_Ql_M_E,M_E,2,245.457,2,0.56,-0.545824107,16,-0.42,-0.875671865,15,1.37,0.580145484,Agree,1,1,1,1,116,n
14/11/2021 20:09,14/11/2021 21:05,IP Address,24.64.84.140,100,3378,True,14/11/2021 21:05,R_11hXMxJsu4s1UkX,49.8374939,-110.516098,anonymous,EN,1,electricity consumption,gps on,wiper on gte 1,h0v0,6,medium,E,H,E,WHAT_Ql,34.11,88.08,35.51,1,439,H,WHAT_Ql_H_M,H_M,2,291.302,100,-65.89,6.044721967,80,8.08,3.036503334,59,-23.49,4.56163163,Disagree,0,1,1,2,117,n
14/11/2021 20:09,14/11/2021 21:05,IP Address,24.64.84.140,100,3378,True,14/11/2021 21:05,R_11hXMxJsu4s1UkX,49.8374939,-110.516098,anonymous,EN,67,electricity consumption,wiper on,gps on gte 1,h0v0,3,easy,H,E,H,WHERE,16.29,25.28,34.9,-1,381,H,WHERE_H_E,H_E,0,73.57,17,-0.71,-0.260151897,25,0.28,-1.304006187,33,1.9,1.017921908,Neither agree nor disagree,0,1,1,5,118,n
14/11/2021 20:09,14/11/2021 21:05,IP Address,24.64.84.140,100,3378,True,14/11/2021 21:05,R_11hXMxJsu4s1UkX,49.8374939,-110.516098,anonymous,EN,4,suspension force,gps on,wiper on gte 1,h0v0,6,medium,H,E,E,WHERE,18.83,19.96,28.68,1,462,E,WHERE_E_M,E_M,1,106.558,26,-7.17,2.866907978,21,-1.04,0.220329955,19,9.68,3.29351763,Neither agree nor disagree,0,1,0,4,119,n
