StartDate,EndDate,Status,IPAddress,Progress,Duration_in_seconds,Finished,RecordedDate,ResponseId,LocationLatitude,LocationLongitude,DistributionChannel,UserLanguage,idc,drawnQn,drawnQl,queryString,flips,nMasks,dMask,dComplex_Qn,dComplex_Ql,dComplex_Where,focus,bslnA1,bslnA2,bslnA3,bslnB,cntrQ,dComplex_focus,info_focus_dComplex_dMask,info_dComplex_dMask,trustB,t,answerA1,diffA1,log_diffA1,answerA2,diffA2,log_diffA2,answerA3,diffA3,log_diffA3,answerB,correctB,trustA1,trustA2,trustA3,uniqueCntrQuestion,scaling
15/11/2021 10:41,15/11/2021 10:57,IP Address,2.222.108.58,100,963,True,15/11/2021 10:57,R_3lWHByIVfB2Gs7g,53.64129639,-2.669204712,anonymous,EN,59,electricity consumption,radio on,wiper on gte 1,h0v0,6,medium,M,M,M,WHAT_Ql,0.59,15.58,11.63,-1,250,M,WHAT_Ql_M_M,M_M,4,44.176,1,-0.41,-0.902389203,12,3.58,1.889473543,8,3.63,1.908812908,Disagree,1,4,4,4,0,0
15/11/2021 10:41,15/11/2021 10:57,IP Address,2.222.108.58,100,963,True,15/11/2021 10:57,R_3lWHByIVfB2Gs7g,53.64129639,-2.669204712,anonymous,EN,29,engine temperature,radio on,wiper on gte 1,h0v0,6,medium,E,H,E,WHAT_Qn,30.71,34.69,22.19,1,331,E,WHAT_Qn_E_M,E_M,4,87.428,35,-4.29,2.142413438,25,9.69,3.294988268,11,11.19,3.500164679,Disagree,0,4,4,4,1,0
15/11/2021 10:41,15/11/2021 10:57,IP Address,2.222.108.58,100,963,True,15/11/2021 10:57,R_3lWHByIVfB2Gs7g,53.64129639,-2.669204712,anonymous,EN,4,suspension force,gps on,wiper on gte 1,h0v0,9,hard,H,E,E,WHAT_Ql,4.31,33.52,15.88,1,432,E,WHAT_Ql_E_H,E_H,3,167.952,4,0.31,-1.200912694,27,6.52,2.7322692,50,-34.12,5.097821455,Disagree,0,5,4,4,2,0
15/11/2021 10:41,15/11/2021 10:57,IP Address,2.222.108.58,100,963,True,15/11/2021 10:57,R_3lWHByIVfB2Gs7g,53.64129639,-2.669204712,anonymous,EN,1,electricity consumption,gps on,wiper on gte 1,h0v0,3,easy,E,E,E,WHAT_Ql,27.33,78.73,27.33,1,273,E,WHAT_Ql_E_E,E_E,4,66.826,28,-0.67,-0.330973234,78,0.73,-0.226003675,26,1.33,0.541019153,Disagree,0,4,4,4,3,0
15/11/2021 10:41,15/11/2021 10:57,IP Address,2.222.108.58,100,963,True,15/11/2021 10:57,R_3lWHByIVfB2Gs7g,53.64129639,-2.669204712,anonymous,EN,67,electricity consumption,wiper on,gps on gte 1,h0v0,3,easy,H,M,H,WHAT_Ql,5.15,20.17,38.19,1,352,M,WHAT_Ql_M_E,M_E,4,105.588,3,2.15,1.185866545,13,7.17,2.866907978,39,-0.81,-0.09696173,Agree,1,4,4,4,4,0
15/11/2021 10:41,15/11/2021 10:57,IP Address,2.222.108.58,100,963,True,15/11/2021 10:57,R_3lWHByIVfB2Gs7g,53.64129639,-2.669204712,anonymous,EN,67,electricity consumption,wiper on,gps on gte 1,h0v0,9,hard,H,H,H,WHAT_Ql,1.93,21.24,16.73,1,445,H,WHAT_Ql_H_H,H_H,4,51.499,3,-1.07,0.257010618,10,11.24,3.506525779,16,0.73,-0.226003675,Disagree,0,4,4,4,5,0
15/11/2021 10:41,15/11/2021 10:57,IP Address,2.222.108.58,100,963,True,15/11/2021 10:57,R_3lWHByIVfB2Gs7g,53.64129639,-2.669204712,anonymous,EN,29,engine temperature,radio on,wiper on gte 1,h0v0,3,easy,E,E,E,WHAT_Qn,20.11,34.69,14.43,1,300,E,WHAT_Qn_E_E,E_E,3,62.199,20,0.11,-2.089267338,35,-0.31,-1.200912694,13,1.43,0.63691458,Neither agree nor disagree,0,4,4,4,6,0
15/11/2021 10:41,15/11/2021 10:57,IP Address,2.222.108.58,100,963,True,15/11/2021 10:57,R_3lWHByIVfB2Gs7g,53.64129639,-2.669204712,anonymous,EN,59,electricity consumption,radio on,wiper on gte 1,h0v0,6,medium,M,M,M,WHAT_Qn,67.35,64.01,33.72,1,385,M,WHAT_Qn_M_M,M_M,4,94.24,66,1.35,0.560714954,71,-6.99,2.830863757,26,7.72,2.971773447,Disagree,0,4,4,4,7,0
15/11/2021 10:41,15/11/2021 10:57,IP Address,2.222.108.58,100,963,True,15/11/2021 10:57,R_3lWHByIVfB2Gs7g,53.64129639,-2.669204712,anonymous,EN,29,engine temperature,radio on,wiper on gte 1,h0v0,6,medium,E,H,E,WHAT_Ql,32.09,109.46,30.24,1,466,H,WHAT_Ql_H_M,H_M,4,102.209,27,5.09,2.382667253,80,29.46,4.88679399,23,7.24,2.880685525,Agree,1,4,4,4,8,0
15/11/2021 10:40,15/11/2021 11:01,IP Address,86.180.100.113,100,1228,True,15/11/2021 11:01,R_eYjg7i4wA7I7RF7,51.57440186,-0.713699341,anonymous,EN,1,electricity consumption,gps on,wiper on gte 1,h0v0,3,easy,E,E,E,WHAT_Ql,10.28,78.73,31.54,-1,244,E,WHAT_Ql_E_E,E_E,5,76.401,7,3.28,1.767654798,78,0.73,-0.226003675,41,-9.46,3.260778432,Disagree,1,3,5,4,9,0
15/11/2021 10:40,15/11/2021 11:01,IP Address,86.180.100.113,100,1228,True,15/11/2021 11:01,R_eYjg7i4wA7I7RF7,51.57440186,-0.713699341,anonymous,EN,59,electricity consumption,radio on,wiper on gte 1,h0v0,3,easy,M,E,M,WHAT_Qn,63.33,64.01,11.04,1,325,M,WHAT_Qn_M_E,M_E,4,59.524,74,-10.67,3.432291338,66,-1.99,1.080657663,10,1.04,0.220329955,Disagree,0,3,2,3,10,0
15/11/2021 10:40,15/11/2021 11:01,IP Address,86.180.100.113,100,1228,True,15/11/2021 11:01,R_eYjg7i4wA7I7RF7,51.57440186,-0.713699341,anonymous,EN,59,electricity consumption,radio on,wiper on gte 1,h0v0,8,hard,M,M,M,WHAT_Qn,71.72,64.01,22.38,1,418,M,WHAT_Qn_M_H,M_H,4,95.908,64,7.72,2.971773447,70,-5.99,2.612352499,20,2.38,1.324810603,Agree,1,3,2,3,11,0
15/11/2021 10:40,15/11/2021 11:01,IP Address,86.180.100.113,100,1228,True,15/11/2021 11:01,R_eYjg7i4wA7I7RF7,51.57440186,-0.713699341,anonymous,EN,29,engine temperature,radio on,wiper on gte 1,h0v0,3,easy,E,E,E,WHAT_Qn,31.42,34.69,38.5,1,271,E,WHAT_Qn_E_E,E_E,4,53.468,38,-6.58,2.745237332,41,-6.31,2.685940148,35,3.5,1.857980995,Disagree,0,3,3,2,12,0
15/11/2021 10:40,15/11/2021 11:01,IP Address,86.180.100.113,100,1228,True,15/11/2021 11:01,R_eYjg7i4wA7I7RF7,51.57440186,-0.713699341,anonymous,EN,59,electricity consumption,radio on,wiper on gte 1,h0v0,3,easy,M,M,M,WHAT_Qn,75.46,64.01,19.18,1,354,M,WHAT_Qn_M_E,M_E,3,70.922,70,5.46,2.481557281,70,-5.99,2.612352499,15,4.18,2.106013238,Disagree,0,3,2,4,13,0
15/11/2021 10:40,15/11/2021 11:01,IP Address,86.180.100.113,100,1228,True,15/11/2021 11:01,R_eYjg7i4wA7I7RF7,51.57440186,-0.713699341,anonymous,EN,1,electricity consumption,gps on,wiper on gte 1,h0v0,6,medium,E,H,E,WHAT_Qn,37.18,42.6,37.27,-1,439,E,WHAT_Qn_E_M,E_M,4,87.877,40,-2.82,1.558267634,45,-2.4,1.336283388,33,4.27,2.135863165,Disagree,1,2,2,3,14,0
15/11/2021 10:40,15/11/2021 11:01,IP Address,86.180.100.113,100,1228,True,15/11/2021 11:01,R_eYjg7i4wA7I7RF7,51.57440186,-0.713699341,anonymous,EN,67,electricity consumption,wiper on,gps on gte 1,h0v0,6,medium,H,M,H,WHAT_Qn,47.3,56.78,25.13,1,310,H,WHAT_Qn_H_M,H_M,3,222.138,35,12.3,3.635173947,56,0.78,-0.144010303,26,-0.87,-0.007231569,Disagree,0,3,0,3,15,0
15/11/2021 10:40,15/11/2021 11:01,IP Address,86.180.100.113,100,1228,True,15/11/2021 11:01,R_eYjg7i4wA7I7RF7,51.57440186,-0.713699341,anonymous,EN,4,suspension force,gps on,wiper on gte 1,h0v0,9,hard,H,M,E,WHAT_Ql,9.21,40.19,14.11,1,391,M,WHAT_Ql_M_H,M_H,4,127.668,12,-2.79,1.543495883,43,-2.81,1.553360503,18,-3.89,2.005399988,Disagree,0,3,3,3,16,0
15/11/2021 10:40,15/11/2021 11:01,IP Address,86.180.100.113,100,1228,True,15/11/2021 11:01,R_eYjg7i4wA7I7RF7,51.57440186,-0.713699341,anonymous,EN,59,electricity consumption,radio on,wiper on gte 1,h0v0,3,easy,M,M,M,WHAT_Ql,0.19,15.58,7.29,-1,460,M,WHAT_Ql_M_E,M_E,5,90.915,0,0.19,-1.666576266,15,0.58,-0.504304837,7,0.29,-1.268816758,Agree,0,4,4,3,17,0
15/11/2021 10:39,15/11/2021 11:02,IP Address,69.180.215.111,100,1395,True,15/11/2021 11:02,R_1QcRv3lkjVBir87,36.15789795,-86.8608017,anonymous,EN,4,suspension force,gps on,wiper on gte 1,h0v0,6,medium,H,M,E,WHAT_Qn,84.3,76.69,19.89,-1,256,H,WHAT_Qn_H_M,H_M,5,80.107,82,2.3,1.277984747,73,3.69,1.931683057,18,1.89,1.010779839,Agree,0,5,5,5,18,0
15/11/2021 10:39,15/11/2021 11:02,IP Address,69.180.215.111,100,1395,True,15/11/2021 11:02,R_1QcRv3lkjVBir87,36.15789795,-86.8608017,anonymous,EN,4,suspension force,gps on,wiper on gte 1,h0v0,3,easy,H,M,E,WHAT_Ql,8.62,58.43,10.19,-1,327,M,WHAT_Ql_M_E,M_E,5,91.266,6,2.62,1.456806149,58,0.43,-0.849440323,8,2.19,1.211012193,Agree,0,5,5,5,19,0
15/11/2021 10:39,15/11/2021 11:02,IP Address,69.180.215.111,100,1395,True,15/11/2021 11:02,R_1QcRv3lkjVBir87,36.15789795,-86.8608017,anonymous,EN,67,electricity consumption,wiper on,gps on gte 1,h0v0,6,medium,H,H,H,WHAT_Ql,10.72,21.24,50.85,1,412,H,WHAT_Ql_H_M,H_M,5,110.257,11,-0.28,-1.304006187,22,-0.76,-0.17625064,47,3.85,1.99095486,Neither agree nor disagree,0,5,5,5,20,0
15/11/2021 10:39,15/11/2021 11:02,IP Address,69.180.215.111,100,1395,True,15/11/2021 11:02,R_1QcRv3lkjVBir87,36.15789795,-86.8608017,anonymous,EN,4,suspension force,gps on,wiper on gte 1,h0v0,9,hard,H,E,E,WHAT_Qn,70.77,76.69,20.7,-1,297,H,WHAT_Qn_H_H,H_H,4,128.438,70,0.77,-0.160040413,75,1.69,0.859969548,18,2.7,1.498250868,Disagree,1,4,5,5,21,0
15/11/2021 10:39,15/11/2021 11:02,IP Address,69.180.215.111,100,1395,True,15/11/2021 11:02,R_1QcRv3lkjVBir87,36.15789795,-86.8608017,anonymous,EN,4,suspension force,gps on,wiper on gte 1,h0v0,6,medium,H,M,E,WHAT_Ql,24.5,75.88,30.78,1,358,M,WHAT_Ql_M_M,M_M,3,189.598,17,7.5,2.930737338,85,-9.12,3.20867332,25,5.78,2.56193706,Agree,1,2,5,5,22,0
15/11/2021 10:39,15/11/2021 11:02,IP Address,69.180.215.111,100,1395,True,15/11/2021 11:02,R_1QcRv3lkjVBir87,36.15789795,-86.8608017,anonymous,EN,4,suspension force,gps on,wiper on gte 1,h0v0,3,easy,H,M,E,WHAT_Qn,80.22,76.69,38.14,1,433,H,WHAT_Qn_H_E,H_E,5,59.072,78,2.22,1.229587923,69,7.69,2.966245873,32,6.14,2.64731451,Neither agree nor disagree,0,5,5,5,23,0
15/11/2021 10:39,15/11/2021 11:02,IP Address,69.180.215.111,100,1395,True,15/11/2021 11:02,R_1QcRv3lkjVBir87,36.15789795,-86.8608017,anonymous,EN,1,electricity consumption,gps on,wiper on gte 1,h0v0,6,medium,E,M,E,WHAT_Ql,14.95,84.11,17.28,-1,304,M,WHAT_Ql_M_M,M_M,5,138.632,11,3.95,2.026800059,85,-0.89,0.021479727,14,3.28,1.767654798,Neither agree nor disagree,0,4,5,5,24,0
15/11/2021 10:39,15/11/2021 11:02,IP Address,69.180.215.111,100,1395,True,15/11/2021 11:02,R_1QcRv3lkjVBir87,36.15789795,-86.8608017,anonymous,EN,67,electricity consumption,wiper on,gps on gte 1,h0v0,3,easy,H,E,H,WHAT_Ql,0,7.29,38.41,1,381,E,WHAT_Ql_E_E,E_E,5,100.638,0,0,-3,8,-0.71,-0.260151897,39,-0.59,-0.483984853,Agree,1,5,5,5,25,0
15/11/2021 10:39,15/11/2021 11:02,IP Address,69.180.215.111,100,1395,True,15/11/2021 11:02,R_1QcRv3lkjVBir87,36.15789795,-86.8608017,anonymous,EN,1,electricity consumption,gps on,wiper on gte 1,h0v0,9,hard,E,M,E,WHAT_Qn,49.46,42.6,33.03,-1,472,E,WHAT_Qn_E_H,E_H,3,115.816,50,-0.54,-0.588573754,45,-2.4,1.336283388,26,7.03,2.838951767,Agree,0,4,4,5,26,0
15/11/2021 10:47,15/11/2021 11:19,IP Address,77.102.241.7,100,1926,True,15/11/2021 11:19,R_6xnWdwudje2xgiZ,51.61869812,-0.115402222,anonymous,EN,29,engine temperature,radio on,wiper on gte 1,h0v0,9,hard,E,E,E,WHAT_Ql,7.2,24.27,24.69,1,270,E,WHAT_Ql_E_H,E_H,4,142.995,24,-16.8,4.081083929,30,-5.73,2.549669171,24,0.69,-0.295128036,Agree,1,3,5,5,27,0
15/11/2021 10:47,15/11/2021 11:19,IP Address,77.102.241.7,100,1926,True,15/11/2021 11:19,R_6xnWdwudje2xgiZ,51.61869812,-0.115402222,anonymous,EN,67,electricity consumption,wiper on,gps on gte 1,h0v0,9,hard,H,E,H,WHAT_Qn,48.07,56.78,23.82,1,351,H,WHAT_Qn_H_H,H_H,0,356.377,38,10.07,3.34978987,61,-4.22,2.119356177,38,-14.18,3.838447593,Neither agree nor disagree,0,1,1,1,28,0
15/11/2021 10:47,15/11/2021 11:19,IP Address,77.102.241.7,100,1926,True,15/11/2021 11:19,R_6xnWdwudje2xgiZ,51.61869812,-0.115402222,anonymous,EN,1,electricity consumption,gps on,wiper on gte 1,h0v0,5,medium,E,M,E,WHAT_Qn,43.35,42.6,13.03,-1,408,E,WHAT_Qn_E_M,E_M,0,71.972,43,0.35,-1.074000581,51,-8.4,3.091699834,7,6.03,2.621758857,Neither agree nor disagree,0,0,0,0,29,0
15/11/2021 10:47,15/11/2021 11:19,IP Address,77.102.241.7,100,1926,True,15/11/2021 11:19,R_6xnWdwudje2xgiZ,51.61869812,-0.115402222,anonymous,EN,29,engine temperature,radio on,wiper on gte 1,h0v0,3,easy,E,E,E,WHAT_Qn,31.42,34.69,38.5,1,271,E,WHAT_Qn_E_E,E_E,0,223.371,30,1.42,0.627606838,35,-0.31,-1.200912694,32,6.5,2.727920455,Agree,1,0,0,3,30,0
15/11/2021 10:47,15/11/2021 11:19,IP Address,77.102.241.7,100,1926,True,15/11/2021 11:19,R_6xnWdwudje2xgiZ,51.61869812,-0.115402222,anonymous,EN,67,electricity consumption,wiper on,gps on gte 1,h0v0,3,easy,H,M,H,WHAT_Ql,5.15,20.17,38.19,1,352,M,WHAT_Ql_M_E,M_E,2,109.168,10,-4.85,2.314696526,20,0.17,-1.76121314,33,5.19,2.410069692,Agree,1,1,2,2,31,0
15/11/2021 10:47,15/11/2021 11:19,IP Address,77.102.241.7,100,1926,True,15/11/2021 11:19,R_6xnWdwudje2xgiZ,51.61869812,-0.115402222,anonymous,EN,67,electricity consumption,wiper on,gps on gte 1,h0v0,9,hard,H,H,H,WHAT_Ql,1.93,21.24,16.73,1,445,H,WHAT_Ql_H_H,H_H,0,75.695,4,-2.07,1.13422094,19,2.24,1.241840184,14,2.73,1.513490746,Disagree,0,0,0,0,32,0
15/11/2021 10:47,15/11/2021 11:19,IP Address,77.102.241.7,100,1926,True,15/11/2021 11:19,R_6xnWdwudje2xgiZ,51.61869812,-0.115402222,anonymous,EN,29,engine temperature,radio on,wiper on gte 1,h0v0,3,easy,E,E,E,WHAT_Qn,20.11,34.69,14.43,1,300,E,WHAT_Qn_E_E,E_E,1,103.826,23,-2.89,1.592158002,26,8.69,3.13996057,23,-8.57,3.120186028,Disagree,0,0,0,1,33,0
15/11/2021 10:47,15/11/2021 11:19,IP Address,77.102.241.7,100,1926,True,15/11/2021 11:19,R_6xnWdwudje2xgiZ,51.61869812,-0.115402222,anonymous,EN,59,electricity consumption,radio on,wiper on gte 1,h0v0,6,medium,M,M,M,WHAT_Qn,67.35,64.01,33.72,1,385,M,WHAT_Qn_M_M,M_M,0,167,63,4.35,2.161887682,60,4.01,2.047887329,26,7.72,2.971773447,Neither agree nor disagree,0,0,0,0,34,0
15/11/2021 10:47,15/11/2021 11:19,IP Address,77.102.241.7,100,1926,True,15/11/2021 11:19,R_6xnWdwudje2xgiZ,51.61869812,-0.115402222,anonymous,EN,59,electricity consumption,radio on,wiper on gte 1,h0v0,3,easy,M,M,M,WHAT_Ql,0.19,15.58,7.29,-1,460,M,WHAT_Ql_M_E,M_E,0,58.593,0,0.19,-1.666576266,15,0.58,-0.504304837,7,0.29,-1.268816758,Neither agree nor disagree,0,4,0,0,35,0
15/11/2021 11:12,15/11/2021 11:34,IP Address,77.168.149.66,100,1338,True,15/11/2021 11:34,R_06PLufXex2iGael,51.26409912,5.708602905,anonymous,EN,29,engine temperature,radio on,wiper on gte 1,h0v0,9,hard,E,E,E,WHAT_Ql,7.2,24.27,24.69,1,270,E,WHAT_Ql_E_H,E_H,2,75.654,9,-1.8,0.944858446,28,-3.73,1.94673086,33,-8.31,3.076388069,Disagree,0,4,4,3,36,0
15/11/2021 11:12,15/11/2021 11:34,IP Address,77.168.149.66,100,1338,True,15/11/2021 11:34,R_06PLufXex2iGael,51.26409912,5.708602905,anonymous,EN,59,electricity consumption,radio on,wiper on gte 1,h0v0,3,easy,M,E,M,WHAT_Qn,63.33,64.01,11.04,1,325,M,WHAT_Qn_M_E,M_E,5,129.263,1,62.33,5.96474517,62,2.01,1.09423607,9,2.04,1.114367025,Disagree,0,1,4,4,37,0
15/11/2021 11:12,15/11/2021 11:34,IP Address,77.168.149.66,100,1338,True,15/11/2021 11:34,R_06PLufXex2iGael,51.26409912,5.708602905,anonymous,EN,67,electricity consumption,wiper on,gps on gte 1,h0v0,6,medium,H,H,H,WHAT_Ql,10.72,21.24,50.85,1,412,H,WHAT_Ql_H_M,H_M,3,68.481,10,0.72,-0.242976753,19,2.24,1.241840184,54,-3.15,1.711494907,Disagree,0,4,4,3,38,0
15/11/2021 11:12,15/11/2021 11:34,IP Address,77.168.149.66,100,1338,True,15/11/2021 11:34,R_06PLufXex2iGael,51.26409912,5.708602905,anonymous,EN,4,suspension force,gps on,wiper on gte 1,h0v0,9,hard,H,E,E,WHAT_Qn,70.77,76.69,20.7,-1,297,H,WHAT_Qn_H_H,H_H,5,119.395,79,-8.23,3.062639828,74,2.69,1.493134922,34,-13.3,3.746850183,Disagree,1,4,3,4,39,0
15/11/2021 11:12,15/11/2021 11:34,IP Address,77.168.149.66,100,1338,True,15/11/2021 11:34,R_06PLufXex2iGael,51.26409912,5.708602905,anonymous,EN,4,suspension force,gps on,wiper on gte 1,h0v0,6,medium,H,M,E,WHAT_Ql,24.5,75.88,30.78,1,358,M,WHAT_Ql_M_M,M_M,2,91.334,28,-3.5,1.857980995,78,-2.12,1.166715445,36,-5.22,2.418189948,Agree,1,4,4,3,40,0
15/11/2021 11:12,15/11/2021 11:34,IP Address,77.168.149.66,100,1338,True,15/11/2021 11:34,R_06PLufXex2iGael,51.26409912,5.708602905,anonymous,EN,1,electricity consumption,gps on,wiper on gte 1,h0v0,6,medium,E,H,E,WHAT_Qn,37.18,42.6,37.27,-1,439,E,WHAT_Qn_E_M,E_M,5,84.063,43,-5.82,2.57167681,48,-5.4,2.465974465,32,5.27,2.43162296,Disagree,1,5,4,5,41,0
15/11/2021 11:12,15/11/2021 11:34,IP Address,77.168.149.66,100,1338,True,15/11/2021 11:34,R_06PLufXex2iGael,51.26409912,5.708602905,anonymous,EN,1,electricity consumption,gps on,wiper on gte 1,h0v0,6,medium,E,M,E,WHAT_Ql,14.95,84.11,17.28,-1,304,M,WHAT_Ql_M_M,M_M,5,98.249,14,0.95,0.10433666,84,0.11,-2.089267338,19,-1.72,0.883620816,Agree,0,4,4,4,42,0
15/11/2021 11:12,15/11/2021 11:34,IP Address,77.168.149.66,100,1338,True,15/11/2021 11:34,R_06PLufXex2iGael,51.26409912,5.708602905,anonymous,EN,4,suspension force,gps on,wiper on gte 1,h0v0,9,hard,H,M,E,WHAT_Ql,9.21,40.19,14.11,1,391,M,WHAT_Ql_M_H,M_H,4,189.799,8,1.21,0.416839742,39,1.19,0.3950628,13,1.11,0.304511042,Disagree,0,4,3,2,43,0
15/11/2021 11:12,15/11/2021 11:34,IP Address,77.168.149.66,100,1338,True,15/11/2021 11:34,R_06PLufXex2iGael,51.26409912,5.708602905,anonymous,EN,59,electricity consumption,radio on,wiper on gte 1,h0v0,3,easy,M,M,M,WHAT_Ql,0.19,15.58,7.29,-1,460,M,WHAT_Ql_M_E,M_E,2,46.926,0,0.19,-1.666576266,12,3.58,1.889473543,8,-0.71,-0.260151897,Disagree,1,5,4,4,44,0
15/11/2021 10:37,15/11/2021 11:42,IP Address,102.223.228.154,100,3888,True,15/11/2021 11:42,R_2dXcY4y0CayKleI,-29.12519836,26.16299438,anonymous,EN,29,engine temperature,radio on,wiper on gte 1,h0v0,9,hard,E,E,E,WHAT_Ql,7.2,24.27,24.69,1,270,E,WHAT_Ql_E_H,E_H,2,61.461,10,-2.8,1.548436625,20,4.27,2.135863165,22,2.69,1.493134922,Disagree,0,5,5,5,45,0
15/11/2021 10:37,15/11/2021 11:42,IP Address,102.223.228.154,100,3888,True,15/11/2021 11:42,R_2dXcY4y0CayKleI,-29.12519836,26.16299438,anonymous,EN,29,engine temperature,radio on,wiper on gte 1,h0v0,6,medium,E,H,E,WHAT_Qn,30.71,34.69,22.19,1,331,E,WHAT_Qn_E_M,E_M,4,439.094,45,-14.29,3.849498932,50,-15.31,3.948133578,41,-18.81,4.242983516,Agree,1,3,4,4,46,0
15/11/2021 10:37,15/11/2021 11:42,IP Address,102.223.228.154,100,3888,True,15/11/2021 11:42,R_2dXcY4y0CayKleI,-29.12519836,26.16299438,anonymous,EN,4,suspension force,gps on,wiper on gte 1,h0v0,9,hard,H,E,E,WHAT_Ql,4.31,33.52,15.88,1,432,E,WHAT_Ql_E_H,E_H,3,109.895,15,-10.69,3.43496176,55,-21.48,4.433293326,21,-5.12,2.390942773,Neither agree nor disagree,0,4,3,4,47,0
15/11/2021 10:37,15/11/2021 11:42,IP Address,102.223.228.154,100,3888,True,15/11/2021 11:42,R_2dXcY4y0CayKleI,-29.12519836,26.16299438,anonymous,EN,59,electricity consumption,radio on,wiper on gte 1,h0v0,6,medium,M,E,M,WHAT_Ql,5.52,14,38.06,-1,283,E,WHAT_Ql_E_M,E_M,3,139.631,14,-8.48,3.105175192,30,-16,4.011227255,36,2.06,1.12763328,Neither agree nor disagree,0,4,4,3,48,0
15/11/2021 10:37,15/11/2021 11:42,IP Address,102.223.228.154,100,3888,True,15/11/2021 11:42,R_2dXcY4y0CayKleI,-29.12519836,26.16299438,anonymous,EN,29,engine temperature,radio on,wiper on gte 1,h0v0,8,hard,E,H,E,WHAT_Qn,31.14,34.69,22.19,1,364,E,WHAT_Qn_E_H,E_H,2,310.848,45,-13.86,3.805808349,35,-0.31,-1.200912694,65,-42.81,5.424082287,Disagree,0,3,3,1,49,0
15/11/2021 10:37,15/11/2021 11:42,IP Address,102.223.228.154,100,3888,True,15/11/2021 11:42,R_2dXcY4y0CayKleI,-29.12519836,26.16299438,anonymous,EN,29,engine temperature,radio on,wiper on gte 1,h0v0,6,medium,E,H,E,WHAT_Ql,25.92,71.6,37.24,1,435,H,WHAT_Ql_H_M,H_M,4,310.99,30,-4.08,2.0721058,75,-3.4,1.817623258,50,-12.76,3.687620632,Disagree,0,5,4,4,50,0
15/11/2021 10:37,15/11/2021 11:42,IP Address,102.223.228.154,100,3888,True,15/11/2021 11:42,R_2dXcY4y0CayKleI,-29.12519836,26.16299438,anonymous,EN,1,electricity consumption,gps on,wiper on gte 1,h0v0,6,medium,E,M,E,WHAT_Ql,14.95,84.11,17.28,-1,304,M,WHAT_Ql_M_M,M_M,3,174.431,27,-12.05,3.605849867,80,4.11,2.08236197,20,-2.72,1.508428653,Disagree,1,4,5,3,51,0
15/11/2021 10:37,15/11/2021 11:42,IP Address,102.223.228.154,100,3888,True,15/11/2021 11:42,R_2dXcY4y0CayKleI,-29.12519836,26.16299438,anonymous,EN,1,electricity consumption,gps on,wiper on gte 1,h0v0,3,easy,E,M,E,WHAT_Qn,26.3,42.6,13.33,-1,379,E,WHAT_Qn_E_E,E_E,3,123.7,25,1.3,0.510961919,40,2.6,1.44625623,20,-6.67,2.764473551,Agree,0,4,4,5,52,0
15/11/2021 10:37,15/11/2021 11:42,IP Address,102.223.228.154,100,3888,True,15/11/2021 11:42,R_2dXcY4y0CayKleI,-29.12519836,26.16299438,anonymous,EN,4,suspension force,gps on,wiper on gte 1,h0v0,6,medium,H,E,E,WHAT_Qn,77.35,76.69,28.61,1,462,H,WHAT_Qn_H_M,H_M,3,351.415,85,-7.65,2.958842675,70,6.69,2.768713657,35,-6.39,2.703765179,Disagree,0,4,3,4,53,0
15/11/2021 12:11,15/11/2021 12:26,IP Address,82.38.16.79,100,864,True,15/11/2021 12:26,R_1LRVvv8obIBYbeo,51.34880066,-0.032104492,anonymous,EN,67,electricity consumption,wiper on,gps on gte 1,h0v0,3,easy,H,M,H,WHAT_Qn,52.06,56.78,19.63,1,246,H,WHAT_Qn_H_E,H_E,3,68.445,50,2.06,1.12763328,53,3.78,1.965322548,24,-4.37,2.168321116,Disagree,0,4,2,4,0,1
15/11/2021 12:11,15/11/2021 12:26,IP Address,82.38.16.79,100,864,True,15/11/2021 12:26,R_1LRVvv8obIBYbeo,51.34880066,-0.032104492,anonymous,EN,67,electricity consumption,wiper on,gps on gte 1,h0v0,9,hard,H,E,H,WHAT_Qn,48.07,56.78,23.82,1,351,H,WHAT_Qn_H_H,H_H,5,69.678,44,4.07,2.068670811,52,4.78,2.294253136,17,6.82,2.795974694,Disagree,0,2,3,4,1,1
15/11/2021 12:11,15/11/2021 12:26,IP Address,82.38.16.79,100,864,True,15/11/2021 12:26,R_1LRVvv8obIBYbeo,51.34880066,-0.032104492,anonymous,EN,4,suspension force,gps on,wiper on gte 1,h0v0,9,hard,H,E,E,WHAT_Ql,4.31,33.52,15.88,1,432,E,WHAT_Ql_E_H,E_H,3,58.212,4,0.31,-1.200912694,30,3.52,1.865918815,18,-2.12,1.166715445,Disagree,0,4,3,4,2,1
15/11/2021 12:11,15/11/2021 12:26,IP Address,82.38.16.79,100,864,True,15/11/2021 12:26,R_1LRVvv8obIBYbeo,51.34880066,-0.032104492,anonymous,EN,59,electricity consumption,radio on,wiper on gte 1,h0v0,6,medium,M,E,M,WHAT_Ql,5.52,14,38.06,-1,283,E,WHAT_Ql_E_M,E_M,3,61.351,27,-21.48,4.433293326,16,-2,1.087462841,27,11.06,3.483493351,Disagree,1,4,3,3,3,1
15/11/2021 12:11,15/11/2021 12:26,IP Address,82.38.16.79,100,864,True,15/11/2021 12:26,R_1LRVvv8obIBYbeo,51.34880066,-0.032104492,anonymous,EN,59,electricity consumption,radio on,wiper on gte 1,h0v0,3,easy,M,M,M,WHAT_Qn,75.46,64.01,19.18,1,354,M,WHAT_Qn_M_E,M_E,3,63.086,72,3.46,1.841973119,62,2.01,1.09423607,15,4.18,2.106013238,Disagree,0,2,3,5,4,1
15/11/2021 12:11,15/11/2021 12:26,IP Address,82.38.16.79,100,864,True,15/11/2021 12:26,R_1LRVvv8obIBYbeo,51.34880066,-0.032104492,anonymous,EN,4,suspension force,gps on,wiper on gte 1,h0v0,3,easy,H,M,E,WHAT_Qn,80.22,76.69,38.14,1,433,H,WHAT_Qn_H_E,H_E,4,45.904,79,1.22,0.427606173,77,-0.31,-1.200912694,36,2.14,1.17951105,Disagree,0,1,3,3,5,1
15/11/2021 12:11,15/11/2021 12:26,IP Address,82.38.16.79,100,864,True,15/11/2021 12:26,R_1LRVvv8obIBYbeo,51.34880066,-0.032104492,anonymous,EN,29,engine temperature,radio on,wiper on gte 1,h0v0,3,easy,E,E,E,WHAT_Qn,20.11,34.69,14.43,1,300,E,WHAT_Qn_E_E,E_E,4,62.225,21,-0.89,0.021479727,39,-4.31,2.148934105,14,0.43,-0.849440323,Agree,1,4,1,3,6,1
15/11/2021 12:11,15/11/2021 12:26,IP Address,82.38.16.79,100,864,True,15/11/2021 12:26,R_1LRVvv8obIBYbeo,51.34880066,-0.032104492,anonymous,EN,1,electricity consumption,gps on,wiper on gte 1,h0v0,3,easy,E,M,E,WHAT_Qn,26.3,42.6,13.33,-1,379,E,WHAT_Qn_E_E,E_E,3,56.188,23,3.3,1.776103988,36,6.6,2.749534268,17,-3.67,1.924099886,Neither agree nor disagree,0,4,2,3,7,1
15/11/2021 12:11,15/11/2021 12:26,IP Address,82.38.16.79,100,864,True,15/11/2021 12:26,R_1LRVvv8obIBYbeo,51.34880066,-0.032104492,anonymous,EN,4,suspension force,gps on,wiper on gte 1,h0v0,6,medium,H,E,E,WHAT_Qn,77.35,76.69,28.61,1,462,H,WHAT_Qn_H_M,H_M,4,71.46,73,4.35,2.161887682,69,7.69,2.966245873,29,-0.39,-0.957355663,Disagree,0,2,2,3,8,1
15/11/2021 12:11,15/11/2021 12:33,IP Address,121.98.33.198,100,1325,True,15/11/2021 12:33,R_1erC7iQFuoUGbtn,-36.8506012,174.7679138,anonymous,EN,1,electricity consumption,gps on,wiper on gte 1,h0v0,3,easy,E,E,E,WHAT_Ql,10.28,78.73,31.54,-1,244,E,WHAT_Ql_E_E,E_E,3,55.46,10,0.28,-1.304006187,78,0.73,-0.226003675,30,1.54,0.735522177,Disagree,1,4,4,4,9,1
15/11/2021 12:11,15/11/2021 12:33,IP Address,121.98.33.198,100,1325,True,15/11/2021 12:33,R_1erC7iQFuoUGbtn,-36.8506012,174.7679138,anonymous,EN,59,electricity consumption,radio on,wiper on gte 1,h0v0,3,easy,M,E,M,WHAT_Qn,63.33,64.01,11.04,1,325,M,WHAT_Qn_M_E,M_E,4,181.372,75,-11.67,3.560103513,70,-5.99,2.612352499,10,1.04,0.220329955,Disagree,0,4,3,4,10,1
15/11/2021 12:11,15/11/2021 12:33,IP Address,121.98.33.198,100,1325,True,15/11/2021 12:33,R_1erC7iQFuoUGbtn,-36.8506012,174.7679138,anonymous,EN,1,electricity consumption,gps on,wiper on gte 1,h0v0,5,medium,E,M,E,WHAT_Qn,43.35,42.6,13.03,-1,408,E,WHAT_Qn_E_M,E_M,3,122.131,48,-4.65,2.255500733,50,-7.4,2.911691582,9,4.03,2.054848477,Disagree,1,4,3,4,11,1
15/11/2021 12:11,15/11/2021 12:33,IP Address,121.98.33.198,100,1325,True,15/11/2021 12:33,R_1erC7iQFuoUGbtn,-36.8506012,174.7679138,anonymous,EN,1,electricity consumption,gps on,wiper on gte 1,h0v0,3,easy,E,E,E,WHAT_Ql,27.33,78.73,27.33,1,273,E,WHAT_Ql_E_E,E_E,3,62.093,30,-2.67,1.482848283,78,0.73,-0.226003675,30,-2.67,1.482848283,Disagree,0,4,4,4,12,1
15/11/2021 12:11,15/11/2021 12:33,IP Address,121.98.33.198,100,1325,True,15/11/2021 12:33,R_1erC7iQFuoUGbtn,-36.8506012,174.7679138,anonymous,EN,29,engine temperature,radio on,wiper on gte 1,h0v0,8,hard,E,H,E,WHAT_Qn,31.14,34.69,22.19,1,364,E,WHAT_Qn_E_H,E_H,3,150.138,30,1.14,0.339137385,36,-1.31,0.521050737,20,2.19,1.211012193,Disagree,0,4,3,4,13,1
15/11/2021 12:11,15/11/2021 12:33,IP Address,121.98.33.198,100,1325,True,15/11/2021 12:33,R_1erC7iQFuoUGbtn,-36.8506012,174.7679138,anonymous,EN,67,electricity consumption,wiper on,gps on gte 1,h0v0,9,hard,H,H,H,WHAT_Ql,1.93,21.24,16.73,1,445,H,WHAT_Ql_H_H,H_H,3,74.878,4,-2.07,1.13422094,17,4.24,2.125981654,16,0.73,-0.226003675,Agree,1,4,4,4,14,1
15/11/2021 12:11,15/11/2021 12:33,IP Address,121.98.33.198,100,1325,True,15/11/2021 12:33,R_1erC7iQFuoUGbtn,-36.8506012,174.7679138,anonymous,EN,67,electricity consumption,wiper on,gps on gte 1,h0v0,6,medium,H,M,H,WHAT_Qn,47.3,56.78,25.13,1,310,H,WHAT_Qn_H_M,H_M,3,69.964,55,-7.7,2.968090752,60,-3.22,1.742006211,24,1.13,0.327687364,Disagree,0,3,3,4,15,1
15/11/2021 12:11,15/11/2021 12:33,IP Address,121.98.33.198,100,1325,True,15/11/2021 12:33,R_1erC7iQFuoUGbtn,-36.8506012,174.7679138,anonymous,EN,4,suspension force,gps on,wiper on gte 1,h0v0,9,hard,H,M,E,WHAT_Ql,9.21,40.19,14.11,1,391,M,WHAT_Ql_M_H,M_H,3,67.336,8,1.21,0.416839742,38,2.19,1.211012193,16,-1.89,1.010779839,Disagree,0,4,4,4,16,1
15/11/2021 12:11,15/11/2021 12:33,IP Address,121.98.33.198,100,1325,True,15/11/2021 12:33,R_1erC7iQFuoUGbtn,-36.8506012,174.7679138,anonymous,EN,29,engine temperature,radio on,wiper on gte 1,h0v0,6,medium,E,H,E,WHAT_Ql,32.09,109.46,30.24,1,466,H,WHAT_Ql_H_M,H_M,3,197.286,22,10.09,3.352617299,75,34.46,5.112074551,30,0.24,-1.454031631,Neither agree nor disagree,0,4,4,3,17,1
15/11/2021 12:09,15/11/2021 12:44,IP Address,169.0.213.55,100,2082,True,15/11/2021 12:44,R_2xWcWoV0yoo0ZyE,-25.87750244,28.16799927,anonymous,EN,1,electricity consumption,gps on,wiper on gte 1,h0v0,3,easy,E,E,E,WHAT_Ql,10.28,78.73,31.54,-1,244,E,WHAT_Ql_E_E,E_E,3,101.608,13,-2.72,1.508428653,30,48.73,5.610434315,79,-47.46,5.572434966,Disagree,1,3,4,4,18,1
15/11/2021 12:09,15/11/2021 12:44,IP Address,169.0.213.55,100,2082,True,15/11/2021 12:44,R_2xWcWoV0yoo0ZyE,-25.87750244,28.16799927,anonymous,EN,29,engine temperature,radio on,wiper on gte 1,h0v0,6,medium,E,H,E,WHAT_Qn,30.71,34.69,22.19,1,331,E,WHAT_Qn_E_M,E_M,3,101.71,26,4.71,2.27351589,30,4.69,2.267535798,19,3.19,1.72900887,Agree,1,2,3,3,19,1
15/11/2021 12:09,15/11/2021 12:44,IP Address,169.0.213.55,100,2082,True,15/11/2021 12:44,R_2xWcWoV0yoo0ZyE,-25.87750244,28.16799927,anonymous,EN,29,engine temperature,radio on,wiper on gte 1,h0v0,3,easy,E,E,E,WHAT_Ql,0,24.27,10.9,1,406,E,WHAT_Ql_E_E,E_E,4,86.132,0,0,-3,25,-0.73,-0.226003675,25,-14.1,3.830356747,Disagree,0,5,3,3,20,1
15/11/2021 12:09,15/11/2021 12:44,IP Address,169.0.213.55,100,2082,True,15/11/2021 12:44,R_2xWcWoV0yoo0ZyE,-25.87750244,28.16799927,anonymous,EN,59,electricity consumption,radio on,wiper on gte 1,h0v0,6,medium,M,E,M,WHAT_Ql,5.52,14,38.06,-1,283,E,WHAT_Ql_E_M,E_M,3,112.299,5,0.52,-0.632628934,13,1,0.169925001,37,1.06,0.244887059,Disagree,1,3,3,3,21,1
15/11/2021 12:09,15/11/2021 12:44,IP Address,169.0.213.55,100,2082,True,15/11/2021 12:44,R_2xWcWoV0yoo0ZyE,-25.87750244,28.16799927,anonymous,EN,67,electricity consumption,wiper on,gps on gte 1,h0v0,3,easy,H,M,H,WHAT_Ql,5.15,20.17,38.19,1,352,M,WHAT_Ql_M_E,M_E,3,103.268,3,2.15,1.185866545,20,0.17,-1.76121314,36,2.19,1.211012193,Disagree,0,3,3,3,22,1
15/11/2021 12:09,15/11/2021 12:44,IP Address,169.0.213.55,100,2082,True,15/11/2021 12:44,R_2xWcWoV0yoo0ZyE,-25.87750244,28.16799927,anonymous,EN,29,engine temperature,radio on,wiper on gte 1,h0v0,6,medium,E,H,E,WHAT_Ql,25.92,71.6,37.24,1,435,H,WHAT_Ql_H_M,H_M,3,122.79,23,2.92,1.606442228,69,2.6,1.44625623,33,4.24,2.125981654,Disagree,0,3,3,3,23,1
15/11/2021 12:09,15/11/2021 12:44,IP Address,169.0.213.55,100,2082,True,15/11/2021 12:44,R_2xWcWoV0yoo0ZyE,-25.87750244,28.16799927,anonymous,EN,1,electricity consumption,gps on,wiper on gte 1,h0v0,6,medium,E,M,E,WHAT_Ql,14.95,84.11,17.28,-1,304,M,WHAT_Ql_M_M,M_M,4,98.851,13,1.95,1.053111336,83,1.11,0.304511042,14,3.28,1.767654798,Disagree,1,3,3,3,24,1
15/11/2021 12:09,15/11/2021 12:44,IP Address,169.0.213.55,100,2082,True,15/11/2021 12:44,R_2xWcWoV0yoo0ZyE,-25.87750244,28.16799927,anonymous,EN,1,electricity consumption,gps on,wiper on gte 1,h0v0,3,easy,E,M,E,WHAT_Qn,26.3,42.6,13.33,-1,379,E,WHAT_Qn_E_E,E_E,3,94.698,21,5.3,2.439623138,40,2.6,1.44625623,14,-0.67,-0.330973234,Disagree,1,3,3,3,25,1
15/11/2021 12:09,15/11/2021 12:44,IP Address,169.0.213.55,100,2082,True,15/11/2021 12:44,R_2xWcWoV0yoo0ZyE,-25.87750244,28.16799927,anonymous,EN,1,electricity consumption,gps on,wiper on gte 1,h0v0,9,hard,E,M,E,WHAT_Qn,49.46,42.6,33.03,-1,472,E,WHAT_Qn_E_H,E_H,2,180.844,40,9.46,3.260778432,37,5.6,2.517275693,23,10.03,3.344118335,Disagree,1,2,2,2,26,1
15/11/2021 12:10,15/11/2021 12:53,IP Address,82.33.77.60,100,2560,True,15/11/2021 12:53,R_2348ksaZW4hDFcp,53.41740417,-2.911193848,anonymous,EN,59,electricity consumption,radio on,wiper on gte 1,h0v0,6,medium,M,M,M,WHAT_Ql,0.59,15.58,11.63,-1,250,M,WHAT_Ql_M_M,M_M,4,141.663,17,-16.41,4.04745114,8,7.58,2.945794957,9,2.63,1.462052319,Agree,0,4,4,4,27,1
15/11/2021 12:10,15/11/2021 12:53,IP Address,82.33.77.60,100,2560,True,15/11/2021 12:53,R_2348ksaZW4hDFcp,53.41740417,-2.911193848,anonymous,EN,4,suspension force,gps on,wiper on gte 1,h0v0,3,easy,H,M,E,WHAT_Ql,8.62,58.43,10.19,-1,327,M,WHAT_Ql_M_E,M_E,4,213.181,10,-1.38,0.589763487,63,-4.57,2.231125158,11,-0.81,-0.09696173,Agree,0,3,4,5,28,1
15/11/2021 12:10,15/11/2021 12:53,IP Address,82.33.77.60,100,2560,True,15/11/2021 12:53,R_2348ksaZW4hDFcp,53.41740417,-2.911193848,anonymous,EN,1,electricity consumption,gps on,wiper on gte 1,h0v0,5,medium,E,M,E,WHAT_Qn,43.35,42.6,13.03,-1,408,E,WHAT_Qn_E_M,E_M,2,109.613,45,-1.65,0.827819025,45,-2.4,1.336283388,15,-1.97,1.066950244,Disagree,1,3,3,3,29,1
15/11/2021 12:10,15/11/2021 12:53,IP Address,82.33.77.60,100,2560,True,15/11/2021 12:53,R_2348ksaZW4hDFcp,53.41740417,-2.911193848,anonymous,EN,67,electricity consumption,wiper on,gps on gte 1,h0v0,6,medium,H,E,H,WHAT_Qn,51.15,56.78,51.3,1,277,H,WHAT_Qn_H_M,H_M,2,125.011,50,1.15,0.350497247,60,-3.22,1.742006211,52,-0.7,-0.277533976,Disagree,0,3,3,4,30,1
15/11/2021 12:10,15/11/2021 12:53,IP Address,82.33.77.60,100,2560,True,15/11/2021 12:53,R_2348ksaZW4hDFcp,53.41740417,-2.911193848,anonymous,EN,59,electricity consumption,radio on,wiper on gte 1,h0v0,3,easy,M,M,M,WHAT_Qn,75.46,64.01,19.18,1,354,M,WHAT_Qn_M_E,M_E,4,176.548,75,0.46,-0.77349147,65,-0.99,0.15704371,16,3.18,1.724650272,Disagree,0,4,3,4,31,1
15/11/2021 12:10,15/11/2021 12:53,IP Address,82.33.77.60,100,2560,True,15/11/2021 12:53,R_2348ksaZW4hDFcp,53.41740417,-2.911193848,anonymous,EN,1,electricity consumption,gps on,wiper on gte 1,h0v0,6,medium,E,H,E,WHAT_Qn,37.18,42.6,37.27,-1,439,E,WHAT_Qn_E_M,E_M,3,423.383,40,-2.82,1.558267634,48,-5.4,2.465974465,37,0.27,-1.340075442,Disagree,1,2,2,4,32,1
15/11/2021 12:10,15/11/2021 12:53,IP Address,82.33.77.60,100,2560,True,15/11/2021 12:53,R_2348ksaZW4hDFcp,53.41740417,-2.911193848,anonymous,EN,67,electricity consumption,wiper on,gps on gte 1,h0v0,6,medium,H,M,H,WHAT_Qn,47.3,56.78,25.13,1,310,H,WHAT_Qn_H_M,H_M,2,119.322,45,2.3,1.277984747,55,1.78,0.929790998,28,-2.87,1.582556003,Disagree,0,2,2,4,33,1
15/11/2021 12:10,15/11/2021 12:53,IP Address,82.33.77.60,100,2560,True,15/11/2021 12:53,R_2348ksaZW4hDFcp,53.41740417,-2.911193848,anonymous,EN,29,engine temperature,radio on,wiper on gte 1,h0v0,9,hard,E,E,E,WHAT_Qn,29.25,34.69,26.73,1,405,E,WHAT_Qn_E_H,E_H,3,150.334,28,1.25,0.459431619,35,-0.31,-1.200912694,30,-3.27,1.763411574,Neither agree nor disagree,0,3,4,3,34,1
15/11/2021 12:10,15/11/2021 12:53,IP Address,82.33.77.60,100,2560,True,15/11/2021 12:53,R_2348ksaZW4hDFcp,53.41740417,-2.911193848,anonymous,EN,4,suspension force,gps on,wiper on gte 1,h0v0,6,medium,H,E,E,WHAT_Qn,77.35,76.69,28.61,1,462,H,WHAT_Qn_H_M,H_M,2,109.696,80,-2.65,1.472487771,78,-1.31,0.521050737,28,0.61,-0.444183845,Agree,1,3,3,4,35,1
15/11/2021 12:13,15/11/2021 12:56,IP Address,109.78.253.68,100,2553,True,15/11/2021 12:56,R_2WwzZE0q9QdM5cH,52.66690063,-8.62739563,anonymous,EN,29,engine temperature,radio on,wiper on gte 1,h0v0,9,hard,E,E,E,WHAT_Ql,7.2,24.27,24.69,1,270,E,WHAT_Ql_E_H,E_H,4,136.471,16,-8.8,3.157852169,26,-1.73,0.891419187,30,-5.31,2.442280035,Disagree,0,4,4,4,36,1
15/11/2021 12:13,15/11/2021 12:56,IP Address,109.78.253.68,100,2553,True,15/11/2021 12:56,R_2WwzZE0q9QdM5cH,52.66690063,-8.62739563,anonymous,EN,1,electricity consumption,gps on,wiper on gte 1,h0v0,9,hard,E,M,E,WHAT_Ql,18.69,85.51,23.59,-1,337,M,WHAT_Ql_M_H,M_H,4,276.875,16,2.69,1.493134922,83,2.51,1.397802962,19,4.59,2.237257771,Neither agree nor disagree,0,4,4,4,37,1
15/11/2021 12:13,15/11/2021 12:56,IP Address,109.78.253.68,100,2553,True,15/11/2021 12:56,R_2WwzZE0q9QdM5cH,52.66690063,-8.62739563,anonymous,EN,4,suspension force,gps on,wiper on gte 1,h0v0,9,hard,H,E,E,WHAT_Ql,4.31,33.52,15.88,1,432,E,WHAT_Ql_E_H,E_H,4,111.059,51,-46.69,5.548898953,29,4.52,2.215678597,22,-6.12,2.642701572,Neither agree nor disagree,0,4,4,4,38,1
15/11/2021 12:13,15/11/2021 12:56,IP Address,109.78.253.68,100,2553,True,15/11/2021 12:56,R_2WwzZE0q9QdM5cH,52.66690063,-8.62739563,anonymous,EN,1,electricity consumption,gps on,wiper on gte 1,h0v0,3,easy,E,E,E,WHAT_Ql,27.33,78.73,27.33,1,273,E,WHAT_Ql_E_E,E_E,4,90.86,23,4.33,2.155425432,77,1.73,0.891419187,23,4.33,2.155425432,Disagree,0,4,4,4,39,1
15/11/2021 12:13,15/11/2021 12:56,IP Address,109.78.253.68,100,2553,True,15/11/2021 12:56,R_2WwzZE0q9QdM5cH,52.66690063,-8.62739563,anonymous,EN,29,engine temperature,radio on,wiper on gte 1,h0v0,8,hard,E,H,E,WHAT_Qn,31.14,34.69,22.19,1,364,E,WHAT_Qn_E_H,E_H,4,190.016,35,-3.86,1.994579724,39,-4.31,2.148934105,29,-6.81,2.793895883,Disagree,0,2,4,4,40,1
15/11/2021 12:13,15/11/2021 12:56,IP Address,109.78.253.68,100,2553,True,15/11/2021 12:56,R_2WwzZE0q9QdM5cH,52.66690063,-8.62739563,anonymous,EN,59,electricity consumption,radio on,wiper on gte 1,h0v0,8,hard,M,M,M,WHAT_Qn,69.29,64.01,36.62,-1,459,M,WHAT_Qn_M_H,M_H,4,285.177,63,6.29,2.681449265,70,-5.99,2.612352499,35,1.62,0.803227036,Disagree,1,2,4,4,41,1
15/11/2021 12:13,15/11/2021 12:56,IP Address,109.78.253.68,100,2553,True,15/11/2021 12:56,R_2WwzZE0q9QdM5cH,52.66690063,-8.62739563,anonymous,EN,4,suspension force,gps on,wiper on gte 1,h0v0,3,easy,H,M,E,WHAT_Ql,13.33,41.37,27.45,1,298,M,WHAT_Ql_M_E,M_E,4,152.924,12,1.33,0.541019153,44,-2.63,1.462052319,27,0.45,-0.798366139,Disagree,0,4,4,4,42,1
15/11/2021 12:13,15/11/2021 12:56,IP Address,109.78.253.68,100,2553,True,15/11/2021 12:56,R_2WwzZE0q9QdM5cH,52.66690063,-8.62739563,anonymous,EN,29,engine temperature,radio on,wiper on gte 1,h0v0,9,hard,E,E,E,WHAT_Qn,29.25,34.69,26.73,1,405,E,WHAT_Qn_E_H,E_H,4,131.229,30,-0.75,-0.192645078,38,-3.31,1.780310099,24,2.73,1.513490746,Disagree,0,4,4,4,43,1
15/11/2021 12:13,15/11/2021 12:56,IP Address,109.78.253.68,100,2553,True,15/11/2021 12:56,R_2WwzZE0q9QdM5cH,52.66690063,-8.62739563,anonymous,EN,29,engine temperature,radio on,wiper on gte 1,h0v0,6,medium,E,H,E,WHAT_Ql,32.09,109.46,30.24,1,466,H,WHAT_Ql_H_M,H_M,4,178.264,30,2.09,1.147306699,82,27.46,4.785812075,26,4.24,2.125981654,Disagree,0,4,4,4,44,1
15/11/2021 12:13,15/11/2021 13:01,IP Address,41.246.28.129,100,2902,True,15/11/2021 13:01,R_3MzIamoOuLe5uWx,-29.90559387,30.94050598,anonymous,EN,4,suspension force,gps on,wiper on gte 1,h0v0,6,medium,H,M,E,WHAT_Qn,84.3,76.69,19.89,-1,256,H,WHAT_Qn_H_M,H_M,4,175.076,80,4.3,2.145677455,70,6.69,2.768713657,18,1.89,1.010779839,Disagree,1,3,2,3,45,1
15/11/2021 12:13,15/11/2021 13:01,IP Address,41.246.28.129,100,2902,True,15/11/2021 13:01,R_3MzIamoOuLe5uWx,-29.90559387,30.94050598,anonymous,EN,67,electricity consumption,wiper on,gps on gte 1,h0v0,9,hard,H,E,H,WHAT_Qn,48.07,56.78,23.82,1,351,H,WHAT_Qn_H_H,H_H,3,249.188,55,-6.93,2.818646083,60,-3.22,1.742006211,23,0.82,-0.081613766,Disagree,0,1,3,3,46,1
15/11/2021 12:13,15/11/2021 13:01,IP Address,41.246.28.129,100,2902,True,15/11/2021 13:01,R_3MzIamoOuLe5uWx,-29.90559387,30.94050598,anonymous,EN,59,electricity consumption,radio on,wiper on gte 1,h0v0,8,hard,M,M,M,WHAT_Qn,71.72,64.01,22.38,1,418,M,WHAT_Qn_M_H,M_H,4,496.643,62,9.72,3.299391206,60,4.01,2.047887329,20,2.38,1.324810603,Disagree,0,2,3,3,47,1
15/11/2021 12:13,15/11/2021 13:01,IP Address,41.246.28.129,100,2902,True,15/11/2021 13:01,R_3MzIamoOuLe5uWx,-29.90559387,30.94050598,anonymous,EN,29,engine temperature,radio on,wiper on gte 1,h0v0,3,easy,E,E,E,WHAT_Qn,31.42,34.69,38.5,1,271,E,WHAT_Qn_E_E,E_E,4,248.556,35,-3.58,1.889473543,41,-6.31,2.685940148,40,-1.5,0.700439718,Neither agree nor disagree,0,3,3,4,48,1
15/11/2021 12:13,15/11/2021 13:01,IP Address,41.246.28.129,100,2902,True,15/11/2021 13:01,R_3MzIamoOuLe5uWx,-29.90559387,30.94050598,anonymous,EN,67,electricity consumption,wiper on,gps on gte 1,h0v0,3,easy,H,M,H,WHAT_Ql,5.15,20.17,38.19,1,352,M,WHAT_Ql_M_E,M_E,5,150.276,6,-0.85,-0.036525876,20,0.17,-1.76121314,36,2.19,1.211012193,Agree,1,4,3,3,49,1
15/11/2021 12:13,15/11/2021 13:01,IP Address,41.246.28.129,100,2902,True,15/11/2021 13:01,R_3MzIamoOuLe5uWx,-29.90559387,30.94050598,anonymous,EN,4,suspension force,gps on,wiper on gte 1,h0v0,3,easy,H,M,E,WHAT_Qn,80.22,76.69,38.14,1,433,H,WHAT_Qn_H_E,H_E,4,87.715,75,5.22,2.418189948,70,6.69,2.768713657,33,5.14,2.396433531,Agree,1,3,3,4,50,1
15/11/2021 12:13,15/11/2021 13:01,IP Address,41.246.28.129,100,2902,True,15/11/2021 13:01,R_3MzIamoOuLe5uWx,-29.90559387,30.94050598,anonymous,EN,59,electricity consumption,radio on,wiper on gte 1,h0v0,8,hard,M,E,M,WHAT_Ql,4.33,14,18.54,-1,324,E,WHAT_Ql_E_H,E_H,4,114.617,5,-0.67,-0.330973234,13,1,0.169925001,19,-0.46,-0.77349147,Neither agree nor disagree,0,4,4,4,51,1
15/11/2021 12:13,15/11/2021 13:01,IP Address,41.246.28.129,100,2902,True,15/11/2021 13:01,R_3MzIamoOuLe5uWx,-29.90559387,30.94050598,anonymous,EN,67,electricity consumption,wiper on,gps on gte 1,h0v0,3,easy,H,E,H,WHAT_Ql,0,7.29,38.41,1,381,E,WHAT_Ql_E_E,E_E,3,122.576,0,0,-3,7,0.29,-1.268816758,38,0.41,-0.902389203,Agree,1,5,4,3,52,1
15/11/2021 12:13,15/11/2021 13:01,IP Address,41.246.28.129,100,2902,True,15/11/2021 13:01,R_3MzIamoOuLe5uWx,-29.90559387,30.94050598,anonymous,EN,59,electricity consumption,radio on,wiper on gte 1,h0v0,3,easy,M,M,M,WHAT_Ql,0.19,15.58,7.29,-1,460,M,WHAT_Ql_M_E,M_E,5,204.177,0,0.19,-1.666576266,16,-0.42,-0.875671865,7,0.29,-1.268816758,Disagree,1,5,4,4,53,1
15/11/2021 12:59,15/11/2021 13:43,IP Address,82.26.79.122,100,2614,True,15/11/2021 13:43,R_yDCNGC9BOnYeBih,53.32020569,-2.141296387,anonymous,EN,1,electricity consumption,gps on,wiper on gte 1,h0v0,3,easy,E,E,E,WHAT_Ql,10.28,78.73,31.54,-1,244,E,WHAT_Ql_E_E,E_E,4,78.873,5,5.28,2.434294618,78,0.73,-0.226003675,37,-5.46,2.481557281,Disagree,1,1,5,4,54,1
15/11/2021 12:59,15/11/2021 13:43,IP Address,82.26.79.122,100,2614,True,15/11/2021 13:43,R_yDCNGC9BOnYeBih,53.32020569,-2.141296387,anonymous,EN,67,electricity consumption,wiper on,gps on gte 1,h0v0,9,hard,H,E,H,WHAT_Qn,48.07,56.78,23.82,1,351,H,WHAT_Qn_H_H,H_H,3,412.281,35,13.07,3.721919446,70,-13.22,3.7382274,65,-41.18,5.368244526,Neither agree nor disagree,0,3,2,1,55,1
15/11/2021 12:59,15/11/2021 13:43,IP Address,82.26.79.122,100,2614,True,15/11/2021 13:43,R_yDCNGC9BOnYeBih,53.32020569,-2.141296387,anonymous,EN,59,electricity consumption,radio on,wiper on gte 1,h0v0,8,hard,M,M,M,WHAT_Qn,71.72,64.01,22.38,1,418,M,WHAT_Qn_M_H,M_H,4,83.736,55,16.72,4.074248523,60,4.01,2.047887329,20,2.38,1.324810603,Agree,1,3,2,1,56,1
15/11/2021 12:59,15/11/2021 13:43,IP Address,82.26.79.122,100,2614,True,15/11/2021 13:43,R_yDCNGC9BOnYeBih,53.32020569,-2.141296387,anonymous,EN,1,electricity consumption,gps on,wiper on gte 1,h0v0,3,easy,E,E,E,WHAT_Ql,27.33,78.73,27.33,1,273,E,WHAT_Ql_E_E,E_E,4,148.761,18,9.33,3.241077458,78,0.73,-0.226003675,20,7.33,2.898208353,Disagree,0,2,5,2,57,1
15/11/2021 12:59,15/11/2021 13:43,IP Address,82.26.79.122,100,2614,True,15/11/2021 13:43,R_yDCNGC9BOnYeBih,53.32020569,-2.141296387,anonymous,EN,1,electricity consumption,gps on,wiper on gte 1,h0v0,9,hard,E,M,E,WHAT_Ql,29.67,84.11,35.04,1,378,M,WHAT_Ql_M_H,M_H,5,338.398,35,-5.33,2.447579197,85,-0.89,0.021479727,40,-4.96,2.346247774,Disagree,0,2,4,1,58,1
15/11/2021 12:59,15/11/2021 13:43,IP Address,82.26.79.122,100,2614,True,15/11/2021 13:43,R_yDCNGC9BOnYeBih,53.32020569,-2.141296387,anonymous,EN,1,electricity consumption,gps on,wiper on gte 1,h0v0,6,medium,E,H,E,WHAT_Qn,37.18,42.6,37.27,-1,439,E,WHAT_Qn_E_M,E_M,4,139.452,40,-2.82,1.558267634,50,-7.4,2.911691582,35,2.27,1.260025656,Agree,0,3,2,2,59,1
15/11/2021 12:59,15/11/2021 13:43,IP Address,82.26.79.122,100,2614,True,15/11/2021 13:43,R_yDCNGC9BOnYeBih,53.32020569,-2.141296387,anonymous,EN,4,suspension force,gps on,wiper on gte 1,h0v0,3,easy,H,M,E,WHAT_Ql,13.33,41.37,27.45,1,298,M,WHAT_Ql_M_E,M_E,3,85.199,15,-1.67,0.843983844,45,-3.63,1.908812908,27,0.45,-0.798366139,Disagree,0,2,3,2,60,1
15/11/2021 12:59,15/11/2021 13:43,IP Address,82.26.79.122,100,2614,True,15/11/2021 13:43,R_yDCNGC9BOnYeBih,53.32020569,-2.141296387,anonymous,EN,67,electricity consumption,wiper on,gps on gte 1,h0v0,3,easy,H,E,H,WHAT_Ql,0,7.29,38.41,1,381,E,WHAT_Ql_E_E,E_E,4,96.706,0,0,-3,7,0.29,-1.268816758,30,8.41,3.093391153,Agree,1,5,3,3,61,1
15/11/2021 12:59,15/11/2021 13:43,IP Address,82.26.79.122,100,2614,True,15/11/2021 13:43,R_yDCNGC9BOnYeBih,53.32020569,-2.141296387,anonymous,EN,59,electricity consumption,radio on,wiper on gte 1,h0v0,3,easy,M,M,M,WHAT_Ql,0.19,15.58,7.29,-1,460,M,WHAT_Ql_M_E,M_E,4,296.306,20,-19.81,4.3172317,30,-14.42,3.862451391,20,-12.71,3.682011391,Disagree,1,2,3,3,62,1
15/11/2021 14:00,15/11/2021 14:16,IP Address,124.176.50.45,100,986,True,15/11/2021 14:16,R_2DZhsugGTzRu4kr,-27.46789551,153.0325012,anonymous,EN,1,electricity consumption,gps on,wiper on gte 1,h0v0,3,easy,E,E,E,WHAT_Ql,10.28,78.73,31.54,-1,244,E,WHAT_Ql_E_E,E_E,2,105.909,20,-9.72,3.299391206,78,0.73,-0.226003675,30,1.54,0.735522177,Neither agree nor disagree,0,2,3,0,0,2
15/11/2021 14:00,15/11/2021 14:16,IP Address,124.176.50.45,100,986,True,15/11/2021 14:16,R_2DZhsugGTzRu4kr,-27.46789551,153.0325012,anonymous,EN,67,electricity consumption,wiper on,gps on gte 1,h0v0,9,hard,H,E,H,WHAT_Qn,48.07,56.78,23.82,1,351,H,WHAT_Qn_H_H,H_H,1,28.071,36,12.07,3.608217853,53,3.78,1.965322548,38,-14.18,3.838447593,Neither agree nor disagree,0,1,1,1,1,2
15/11/2021 14:00,15/11/2021 14:16,IP Address,124.176.50.45,100,986,True,15/11/2021 14:16,R_2DZhsugGTzRu4kr,-27.46789551,153.0325012,anonymous,EN,59,electricity consumption,radio on,wiper on gte 1,h0v0,8,hard,M,M,M,WHAT_Qn,71.72,64.01,22.38,1,418,M,WHAT_Qn_M_H,M_H,1,36.013,24,47.72,5.58029626,32,32.01,5.006073567,70,-47.62,5.577277753,Neither agree nor disagree,0,0,1,1,2,2
15/11/2021 14:00,15/11/2021 14:16,IP Address,124.176.50.45,100,986,True,15/11/2021 14:16,R_2DZhsugGTzRu4kr,-27.46789551,153.0325012,anonymous,EN,67,electricity consumption,wiper on,gps on gte 1,h0v0,6,medium,H,E,H,WHAT_Qn,51.15,56.78,51.3,1,277,H,WHAT_Qn_H_M,H_M,0,137.174,55,-3.85,1.99095486,65,-8.22,3.06091205,66,-14.7,3.8899602,Neither agree nor disagree,0,1,1,4,3,2
15/11/2021 14:00,15/11/2021 14:16,IP Address,124.176.50.45,100,986,True,15/11/2021 14:16,R_2DZhsugGTzRu4kr,-27.46789551,153.0325012,anonymous,EN,59,electricity consumption,radio on,wiper on gte 1,h0v0,3,easy,M,M,M,WHAT_Qn,75.46,64.01,19.18,1,354,M,WHAT_Qn_M_E,M_E,0,34.278,55,20.46,4.363521544,40,24.01,4.593054922,35,-15.82,3.995032192,Neither agree nor disagree,0,1,0,0,4,2
15/11/2021 14:00,15/11/2021 14:16,IP Address,124.176.50.45,100,986,True,15/11/2021 14:16,R_2DZhsugGTzRu4kr,-27.46789551,153.0325012,anonymous,EN,67,electricity consumption,wiper on,gps on gte 1,h0v0,9,hard,H,H,H,WHAT_Ql,1.93,21.24,16.73,1,445,H,WHAT_Ql_H_H,H_H,1,22.13,39,-37.07,5.217036793,24,-2.76,1.528571319,28,-11.27,3.510329019,Neither agree nor disagree,0,0,0,1,5,2
15/11/2021 14:00,15/11/2021 14:16,IP Address,124.176.50.45,100,986,True,15/11/2021 14:16,R_2DZhsugGTzRu4kr,-27.46789551,153.0325012,anonymous,EN,67,electricity consumption,wiper on,gps on gte 1,h0v0,6,medium,H,M,H,WHAT_Qn,47.3,56.78,25.13,1,310,H,WHAT_Qn_H_M,H_M,1,64.193,36,11.3,3.51412226,57,-0.22,-1.535331733,20,5.13,2.393690764,Neither agree nor disagree,0,1,1,2,6,2
15/11/2021 14:00,15/11/2021 14:16,IP Address,124.176.50.45,100,986,True,15/11/2021 14:16,R_2DZhsugGTzRu4kr,-27.46789551,153.0325012,anonymous,EN,1,electricity consumption,gps on,wiper on gte 1,h0v0,3,easy,E,M,E,WHAT_Qn,26.3,42.6,13.33,-1,379,E,WHAT_Qn_E_E,E_E,1,29.712,34,-7.7,2.968090752,48,-5.4,2.465974465,67,-53.67,5.749400182,Neither agree nor disagree,0,1,2,1,7,2
15/11/2021 14:00,15/11/2021 14:16,IP Address,124.176.50.45,100,986,True,15/11/2021 14:16,R_2DZhsugGTzRu4kr,-27.46789551,153.0325012,anonymous,EN,59,electricity consumption,radio on,wiper on gte 1,h0v0,3,easy,M,M,M,WHAT_Ql,0.19,15.58,7.29,-1,460,M,WHAT_Ql_M_E,M_E,1,90.162,20,-19.81,4.3172317,35,-19.42,4.28872768,30,-22.71,4.513174885,Neither agree nor disagree,0,3,3,1,8,2
15/11/2021 13:57,15/11/2021 14:20,IP Address,82.31.69.96,100,1392,True,15/11/2021 14:20,R_ZwxOkHCP2410fUl,53.15530396,-0.62159729,anonymous,EN,4,suspension force,gps on,wiper on gte 1,h0v0,6,medium,H,M,E,WHAT_Qn,84.3,76.69,19.89,-1,256,H,WHAT_Qn_H_M,H_M,3,84.548,85,-0.7,-0.277533976,72,4.69,2.267535798,18,1.89,1.010779839,Disagree,1,4,4,5,9,2
15/11/2021 13:57,15/11/2021 14:20,IP Address,82.31.69.96,100,1392,True,15/11/2021 14:20,R_ZwxOkHCP2410fUl,53.15530396,-0.62159729,anonymous,EN,4,suspension force,gps on,wiper on gte 1,h0v0,3,easy,H,M,E,WHAT_Ql,8.62,58.43,10.19,-1,327,M,WHAT_Ql_M_E,M_E,3,60,10,-1.38,0.589763487,10,48.43,5.601547961,10,0.19,-1.666576266,Disagree,1,3,3,3,10,2
15/11/2021 13:57,15/11/2021 14:20,IP Address,82.31.69.96,100,1392,True,15/11/2021 14:20,R_ZwxOkHCP2410fUl,53.15530396,-0.62159729,anonymous,EN,29,engine temperature,radio on,wiper on gte 1,h0v0,3,easy,E,E,E,WHAT_Ql,0,24.27,10.9,1,406,E,WHAT_Ql_E_E,E_E,4,84.418,0,0,-3,24,0.27,-1.340075442,17,-6.1,2.638073837,Disagree,0,5,5,5,11,2
15/11/2021 13:57,15/11/2021 14:20,IP Address,82.31.69.96,100,1392,True,15/11/2021 14:20,R_ZwxOkHCP2410fUl,53.15530396,-0.62159729,anonymous,EN,4,suspension force,gps on,wiper on gte 1,h0v0,9,hard,H,E,E,WHAT_Qn,70.77,76.69,20.7,-1,297,H,WHAT_Qn_H_H,H_H,3,149.704,68,2.77,1.533563348,72,4.69,2.267535798,33,-12.3,3.635173947,Neither agree nor disagree,0,4,4,4,12,2
15/11/2021 13:57,15/11/2021 14:20,IP Address,82.31.69.96,100,1392,True,15/11/2021 14:20,R_ZwxOkHCP2410fUl,53.15530396,-0.62159729,anonymous,EN,1,electricity consumption,gps on,wiper on gte 1,h0v0,9,hard,E,M,E,WHAT_Ql,29.67,84.11,35.04,1,378,M,WHAT_Ql_M_H,M_H,4,85.122,30,-0.33,-1.13606155,85,-0.89,0.021479727,38,-2.96,1.625270489,Disagree,0,4,5,4,13,2
15/11/2021 13:57,15/11/2021 14:20,IP Address,82.31.69.96,100,1392,True,15/11/2021 14:20,R_ZwxOkHCP2410fUl,53.15530396,-0.62159729,anonymous,EN,4,suspension force,gps on,wiper on gte 1,h0v0,3,easy,H,M,E,WHAT_Qn,80.22,76.69,38.14,1,433,H,WHAT_Qn_H_E,H_E,3,72.291,80,0.22,-1.535331733,72,4.69,2.267535798,32,6.14,2.64731451,Disagree,0,4,4,5,14,2
15/11/2021 13:57,15/11/2021 14:20,IP Address,82.31.69.96,100,1392,True,15/11/2021 14:20,R_ZwxOkHCP2410fUl,53.15530396,-0.62159729,anonymous,EN,1,electricity consumption,gps on,wiper on gte 1,h0v0,6,medium,E,M,E,WHAT_Ql,14.95,84.11,17.28,-1,304,M,WHAT_Ql_M_M,M_M,2,150.253,18,-3.05,1.666756592,20,64.11,6.005287694,22,-4.72,2.276496666,Disagree,1,1,4,4,15,2
15/11/2021 13:57,15/11/2021 14:20,IP Address,82.31.69.96,100,1392,True,15/11/2021 14:20,R_ZwxOkHCP2410fUl,53.15530396,-0.62159729,anonymous,EN,29,engine temperature,radio on,wiper on gte 1,h0v0,9,hard,E,E,E,WHAT_Qn,29.25,34.69,26.73,1,405,E,WHAT_Qn_E_H,E_H,3,129.885,27,2.25,1.247927513,32,2.69,1.493134922,20,6.73,2.777156666,Neither agree nor disagree,0,3,3,4,16,2
15/11/2021 13:57,15/11/2021 14:20,IP Address,82.31.69.96,100,1392,True,15/11/2021 14:20,R_ZwxOkHCP2410fUl,53.15530396,-0.62159729,anonymous,EN,1,electricity consumption,gps on,wiper on gte 1,h0v0,9,hard,E,M,E,WHAT_Qn,49.46,42.6,33.03,-1,472,E,WHAT_Qn_E_H,E_H,2,147.817,62,-12.54,3.662775172,42,0.6,-0.4639471,27,6.03,2.621758857,Agree,0,4,4,4,17,2
15/11/2021 14:02,15/11/2021 14:22,IP Address,121.75.127.253,100,1223,True,15/11/2021 14:22,R_STTBmI166EiBsv7,-41.36749268,174.7153015,anonymous,EN,59,electricity consumption,radio on,wiper on gte 1,h0v0,6,medium,M,M,M,WHAT_Ql,0.59,15.58,11.63,-1,250,M,WHAT_Ql_M_M,M_M,4,64.199,1,-0.41,-0.902389203,15,0.58,-0.504304837,10,1.63,0.811471031,Neither agree nor disagree,0,4,4,4,18,2
15/11/2021 14:02,15/11/2021 14:22,IP Address,121.75.127.253,100,1223,True,15/11/2021 14:22,R_STTBmI166EiBsv7,-41.36749268,174.7153015,anonymous,EN,4,suspension force,gps on,wiper on gte 1,h0v0,3,easy,H,M,E,WHAT_Ql,8.62,58.43,10.19,-1,327,M,WHAT_Ql_M_E,M_E,5,62.502,10,-1.38,0.589763487,53,5.43,2.473786912,11,-0.81,-0.09696173,Disagree,1,4,4,4,19,2
15/11/2021 14:02,15/11/2021 14:22,IP Address,121.75.127.253,100,1223,True,15/11/2021 14:22,R_STTBmI166EiBsv7,-41.36749268,174.7153015,anonymous,EN,4,suspension force,gps on,wiper on gte 1,h0v0,9,hard,H,E,E,WHAT_Ql,4.31,33.52,15.88,1,432,E,WHAT_Ql_E_H,E_H,5,74.331,8,-3.69,1.931683057,33,0.52,-0.632628934,24,-8.12,3.043519494,Disagree,0,4,4,4,20,2
15/11/2021 14:02,15/11/2021 14:22,IP Address,121.75.127.253,100,1223,True,15/11/2021 14:22,R_STTBmI166EiBsv7,-41.36749268,174.7153015,anonymous,EN,1,electricity consumption,gps on,wiper on gte 1,h0v0,3,easy,E,E,E,WHAT_Ql,27.33,78.73,27.33,1,273,E,WHAT_Ql_E_E,E_E,5,133.231,30,-2.67,1.482848283,78,0.73,-0.226003675,30,-2.67,1.482848283,Disagree,0,4,5,4,21,2
15/11/2021 14:02,15/11/2021 14:22,IP Address,121.75.127.253,100,1223,True,15/11/2021 14:22,R_STTBmI166EiBsv7,-41.36749268,174.7153015,anonymous,EN,1,electricity consumption,gps on,wiper on gte 1,h0v0,9,hard,E,M,E,WHAT_Ql,29.67,84.11,35.04,1,378,M,WHAT_Ql_M_H,M_H,3,94.498,25,4.67,2.261530815,85,-0.89,0.021479727,35,0.04,-2.59946207,Disagree,0,3,4,3,22,2
15/11/2021 14:02,15/11/2021 14:22,IP Address,121.75.127.253,100,1223,True,15/11/2021 14:22,R_STTBmI166EiBsv7,-41.36749268,174.7153015,anonymous,EN,29,engine temperature,radio on,wiper on gte 1,h0v0,6,medium,E,H,E,WHAT_Ql,25.92,71.6,37.24,1,435,H,WHAT_Ql_H_M,H_M,4,120.866,40,-14.08,3.828326926,80,-8.4,3.091699834,38,-0.76,-0.17625064,Disagree,0,4,4,4,23,2
15/11/2021 14:02,15/11/2021 14:22,IP Address,121.75.127.253,100,1223,True,15/11/2021 14:22,R_STTBmI166EiBsv7,-41.36749268,174.7153015,anonymous,EN,29,engine temperature,radio on,wiper on gte 1,h0v0,3,easy,E,E,E,WHAT_Qn,20.11,34.69,14.43,1,300,E,WHAT_Qn_E_E,E_E,4,80.667,17,3.11,1.693765712,30,4.69,2.267535798,15,-0.57,-0.524915117,Agree,1,4,4,4,24,2
15/11/2021 14:02,15/11/2021 14:22,IP Address,121.75.127.253,100,1223,True,15/11/2021 14:22,R_STTBmI166EiBsv7,-41.36749268,174.7153015,anonymous,EN,67,electricity consumption,wiper on,gps on gte 1,h0v0,3,easy,H,E,H,WHAT_Ql,0,7.29,38.41,1,381,E,WHAT_Ql_E_E,E_E,4,71.369,0,0,-3,8,-0.71,-0.260151897,35,3.41,1.821710215,Neither agree nor disagree,0,5,4,4,25,2
15/11/2021 14:02,15/11/2021 14:22,IP Address,121.75.127.253,100,1223,True,15/11/2021 14:22,R_STTBmI166EiBsv7,-41.36749268,174.7153015,anonymous,EN,29,engine temperature,radio on,wiper on gte 1,h0v0,6,medium,E,H,E,WHAT_Ql,32.09,109.46,30.24,1,466,H,WHAT_Ql_H_M,H_M,4,70.214,32,0.09,-2.217591435,80,29.46,4.88679399,30,0.24,-1.454031631,Disagree,0,4,4,4,26,2
15/11/2021 14:03,15/11/2021 14:33,IP Address,86.27.101.172,100,1812,True,15/11/2021 14:33,R_3JsgqjMCkYbscq0,54.55540466,-1.515106201,anonymous,EN,59,electricity consumption,radio on,wiper on gte 1,h0v0,6,medium,M,M,M,WHAT_Ql,0.59,15.58,11.63,-1,250,M,WHAT_Ql_M_M,M_M,4,83.885,1,-0.41,-0.902389203,13,2.58,1.435628594,13,-1.37,0.580145484,Agree,0,5,4,4,27,2
15/11/2021 14:03,15/11/2021 14:33,IP Address,86.27.101.172,100,1812,True,15/11/2021 14:33,R_3JsgqjMCkYbscq0,54.55540466,-1.515106201,anonymous,EN,59,electricity consumption,radio on,wiper on gte 1,h0v0,3,easy,M,E,M,WHAT_Qn,63.33,64.01,11.04,1,325,M,WHAT_Qn_M_E,M_E,4,145.07,70,-6.67,2.764473551,65,-0.99,0.15704371,8,3.04,1.6622055,Disagree,0,3,2,3,28,2
15/11/2021 14:03,15/11/2021 14:33,IP Address,86.27.101.172,100,1812,True,15/11/2021 14:33,R_3JsgqjMCkYbscq0,54.55540466,-1.515106201,anonymous,EN,67,electricity consumption,wiper on,gps on gte 1,h0v0,6,medium,H,H,H,WHAT_Ql,10.72,21.24,50.85,1,412,H,WHAT_Ql_H_M,H_M,3,170.951,8,2.72,1.508428653,18,3.24,1.750606505,50,0.85,-0.036525876,Agree,1,4,4,4,29,2
15/11/2021 14:03,15/11/2021 14:33,IP Address,86.27.101.172,100,1812,True,15/11/2021 14:33,R_3JsgqjMCkYbscq0,54.55540466,-1.515106201,anonymous,EN,29,engine temperature,radio on,wiper on gte 1,h0v0,3,easy,E,E,E,WHAT_Qn,31.42,34.69,38.5,1,271,E,WHAT_Qn_E_E,E_E,3,103.805,30,1.42,0.627606838,40,-5.31,2.442280035,36,2.5,1.392317423,Disagree,0,2,2,4,30,2
15/11/2021 14:03,15/11/2021 14:33,IP Address,86.27.101.172,100,1812,True,15/11/2021 14:33,R_3JsgqjMCkYbscq0,54.55540466,-1.515106201,anonymous,EN,4,suspension force,gps on,wiper on gte 1,h0v0,6,medium,H,M,E,WHAT_Ql,24.5,75.88,30.78,1,358,M,WHAT_Ql_M_M,M_M,4,305.042,25,-0.5,-0.678071905,75,0.88,0.007195501,30,0.78,-0.144010303,Disagree,0,4,4,3,31,2
15/11/2021 14:03,15/11/2021 14:33,IP Address,86.27.101.172,100,1812,True,15/11/2021 14:33,R_3JsgqjMCkYbscq0,54.55540466,-1.515106201,anonymous,EN,29,engine temperature,radio on,wiper on gte 1,h0v0,6,medium,E,H,E,WHAT_Ql,25.92,71.6,37.24,1,435,H,WHAT_Ql_H_M,H_M,5,175.143,24,1.92,1.032100843,70,1.6,0.786596362,32,5.24,2.423578171,Agree,1,4,4,4,32,2
15/11/2021 14:03,15/11/2021 14:33,IP Address,86.27.101.172,100,1812,True,15/11/2021 14:33,R_3JsgqjMCkYbscq0,54.55540466,-1.515106201,anonymous,EN,1,electricity consumption,gps on,wiper on gte 1,h0v0,6,medium,E,M,E,WHAT_Ql,14.95,84.11,17.28,-1,304,M,WHAT_Ql_M_M,M_M,4,85.404,12,2.95,1.62058641,84,0.11,-2.089267338,15,2.28,1.266036894,Agree,0,4,4,4,33,2
15/11/2021 14:03,15/11/2021 14:33,IP Address,86.27.101.172,100,1812,True,15/11/2021 14:33,R_3JsgqjMCkYbscq0,54.55540466,-1.515106201,anonymous,EN,29,engine temperature,radio on,wiper on gte 1,h0v0,9,hard,E,E,E,WHAT_Qn,29.25,34.69,26.73,1,405,E,WHAT_Qn_E_H,E_H,4,90.376,25,4.25,2.129283017,30,4.69,2.267535798,20,6.73,2.777156666,Disagree,0,3,2,4,34,2
15/11/2021 14:03,15/11/2021 14:33,IP Address,86.27.101.172,100,1812,True,15/11/2021 14:33,R_3JsgqjMCkYbscq0,54.55540466,-1.515106201,anonymous,EN,1,electricity consumption,gps on,wiper on gte 1,h0v0,9,hard,E,M,E,WHAT_Qn,49.46,42.6,33.03,-1,472,E,WHAT_Qn_E_H,E_H,4,81.158,45,4.46,2.196921734,40,2.6,1.44625623,28,5.03,2.365972428,Neither agree nor disagree,0,2,2,3,35,2
15/11/2021 14:05,15/11/2021 14:37,IP Address,217.44.4.9,100,1937,True,15/11/2021 14:37,R_2EFD1teRYjrTJKl,55.83079529,-4.490997314,anonymous,EN,29,engine temperature,radio on,wiper on gte 1,h0v0,9,hard,E,E,E,WHAT_Ql,7.2,24.27,24.69,1,270,E,WHAT_Ql_E_H,E_H,4,339.163,54,-46.8,5.55228484,23,1.27,0.480265122,31,-6.31,2.685940148,Neither agree nor disagree,0,5,5,5,36,2
15/11/2021 14:05,15/11/2021 14:37,IP Address,217.44.4.9,100,1937,True,15/11/2021 14:37,R_2EFD1teRYjrTJKl,55.83079529,-4.490997314,anonymous,EN,29,engine temperature,radio on,wiper on gte 1,h0v0,6,medium,E,H,E,WHAT_Qn,30.71,34.69,22.19,1,331,E,WHAT_Qn_E_M,E_M,5,110.65,34,-3.29,1.771885579,36,-1.31,0.521050737,23,-0.81,-0.09696173,Agree,1,4,4,4,37,2
15/11/2021 14:05,15/11/2021 14:37,IP Address,217.44.4.9,100,1937,True,15/11/2021 14:37,R_2EFD1teRYjrTJKl,55.83079529,-4.490997314,anonymous,EN,59,electricity consumption,radio on,wiper on gte 1,h0v0,8,hard,M,M,M,WHAT_Qn,71.72,64.01,22.38,1,418,M,WHAT_Qn_M_H,M_H,5,166.237,76,-4.28,2.139142019,71,-6.99,2.830863757,20,2.38,1.324810603,Disagree,0,5,4,5,38,2
15/11/2021 14:05,15/11/2021 14:37,IP Address,217.44.4.9,100,1937,True,15/11/2021 14:37,R_2EFD1teRYjrTJKl,55.83079529,-4.490997314,anonymous,EN,29,engine temperature,radio on,wiper on gte 1,h0v0,3,easy,E,E,E,WHAT_Qn,31.42,34.69,38.5,1,271,E,WHAT_Qn_E_E,E_E,5,193.365,15,16.42,4.048323387,25,9.69,3.294988268,35,3.5,1.857980995,Agree,1,5,5,5,39,2
15/11/2021 14:05,15/11/2021 14:37,IP Address,217.44.4.9,100,1937,True,15/11/2021 14:37,R_2EFD1teRYjrTJKl,55.83079529,-4.490997314,anonymous,EN,4,suspension force,gps on,wiper on gte 1,h0v0,6,medium,H,M,E,WHAT_Ql,24.5,75.88,30.78,1,358,M,WHAT_Ql_M_M,M_M,5,108.035,80,-55.5,5.797661526,74,1.88,1.003602237,7,23.78,4.579240501,Disagree,0,5,5,5,40,2
15/11/2021 14:05,15/11/2021 14:37,IP Address,217.44.4.9,100,1937,True,15/11/2021 14:37,R_2EFD1teRYjrTJKl,55.83079529,-4.490997314,anonymous,EN,67,electricity consumption,wiper on,gps on gte 1,h0v0,9,hard,H,H,H,WHAT_Ql,1.93,21.24,16.73,1,445,H,WHAT_Ql_H_H,H_H,5,99.417,37,-35.07,5.137298581,23,-1.76,0.914564523,14,2.73,1.513490746,Agree,1,5,5,5,41,2
15/11/2021 14:05,15/11/2021 14:37,IP Address,217.44.4.9,100,1937,True,15/11/2021 14:37,R_2EFD1teRYjrTJKl,55.83079529,-4.490997314,anonymous,EN,4,suspension force,gps on,wiper on gte 1,h0v0,3,easy,H,M,E,WHAT_Ql,13.33,41.37,27.45,1,298,M,WHAT_Ql_M_E,M_E,4,152.257,69,-55.67,5.802063937,41,0.37,-1.01449957,28,-0.55,-0.567040593,Neither agree nor disagree,0,5,5,5,42,2
15/11/2021 14:05,15/11/2021 14:37,IP Address,217.44.4.9,100,1937,True,15/11/2021 14:37,R_2EFD1teRYjrTJKl,55.83079529,-4.490997314,anonymous,EN,67,electricity consumption,wiper on,gps on gte 1,h0v0,3,easy,H,E,H,WHAT_Ql,0,7.29,38.41,1,381,E,WHAT_Ql_E_E,E_E,5,95.428,47,-47,5.558420713,9,-1.71,0.875780063,38,0.41,-0.902389203,Agree,1,5,5,5,43,2
15/11/2021 14:05,15/11/2021 14:37,IP Address,217.44.4.9,100,1937,True,15/11/2021 14:37,R_2EFD1teRYjrTJKl,55.83079529,-4.490997314,anonymous,EN,67,electricity consumption,wiper on,gps on gte 1,h0v0,9,hard,H,E,H,WHAT_Ql,1.28,7.29,19.74,1,486,E,WHAT_Ql_E_H,E_H,5,59.392,27,-25.72,4.691813297,8,-0.71,-0.260151897,19,0.74,-0.209227962,Agree,1,5,5,5,44,2
15/11/2021 15:00,15/11/2021 15:12,IP Address,94.173.159.5,100,697,True,15/11/2021 15:12,R_1LpAijXYOmxLcrJ,52.5296936,-1.854293823,anonymous,EN,1,electricity consumption,gps on,wiper on gte 1,h0v0,3,easy,E,E,E,WHAT_Ql,10.28,78.73,31.54,-1,244,E,WHAT_Ql_E_E,E_E,4,37.523,100,-89.72,6.489366313,78,0.73,-0.226003675,21,10.54,3.414812061,Agree,0,4,4,4,45,2
15/11/2021 15:00,15/11/2021 15:12,IP Address,94.173.159.5,100,697,True,15/11/2021 15:12,R_1LpAijXYOmxLcrJ,52.5296936,-1.854293823,anonymous,EN,67,electricity consumption,wiper on,gps on gte 1,h0v0,9,hard,H,E,H,WHAT_Qn,48.07,56.78,23.82,1,351,H,WHAT_Qn_H_H,H_H,3,57.083,43,5.07,2.377123749,75,-18.22,4.197314999,33,-9.18,3.21800615,Agree,1,4,3,4,46,2
15/11/2021 15:00,15/11/2021 15:12,IP Address,94.173.159.5,100,697,True,15/11/2021 15:12,R_1LpAijXYOmxLcrJ,52.5296936,-1.854293823,anonymous,EN,59,electricity consumption,radio on,wiper on gte 1,h0v0,8,hard,M,M,M,WHAT_Qn,71.72,64.01,22.38,1,418,M,WHAT_Qn_M_H,M_H,3,32.701,54,17.72,4.157447996,61,3.01,1.648465443,35,-12.62,3.671859468,Agree,1,3,4,4,47,2
15/11/2021 15:00,15/11/2021 15:12,IP Address,94.173.159.5,100,697,True,15/11/2021 15:12,R_1LpAijXYOmxLcrJ,52.5296936,-1.854293823,anonymous,EN,67,electricity consumption,wiper on,gps on gte 1,h0v0,6,medium,H,E,H,WHAT_Qn,51.15,56.78,51.3,1,277,H,WHAT_Qn_H_M,H_M,3,111.081,60,-8.85,3.165911939,84,-27.22,4.773205157,61,-9.7,3.296457407,Neither agree nor disagree,0,3,4,3,48,2
15/11/2021 15:00,15/11/2021 15:12,IP Address,94.173.159.5,100,697,True,15/11/2021 15:12,R_1LpAijXYOmxLcrJ,52.5296936,-1.854293823,anonymous,EN,59,electricity consumption,radio on,wiper on gte 1,h0v0,3,easy,M,M,M,WHAT_Qn,75.46,64.01,19.18,1,354,M,WHAT_Qn_M_E,M_E,3,29.444,57,18.46,4.216066783,51,13.01,3.715344295,30,-10.82,3.452200049,Agree,1,4,4,4,49,2
15/11/2021 15:00,15/11/2021 15:12,IP Address,94.173.159.5,100,697,True,15/11/2021 15:12,R_1LpAijXYOmxLcrJ,52.5296936,-1.854293823,anonymous,EN,59,electricity consumption,radio on,wiper on gte 1,h0v0,8,hard,M,M,M,WHAT_Qn,69.29,64.01,36.62,-1,459,M,WHAT_Qn_M_H,M_H,2,40.992,90,-20.71,4.380937195,59,5.01,2.360364277,36,0.62,-0.424687669,Neither agree nor disagree,0,4,3,4,50,2
15/11/2021 15:00,15/11/2021 15:12,IP Address,94.173.159.5,100,697,True,15/11/2021 15:12,R_1LpAijXYOmxLcrJ,52.5296936,-1.854293823,anonymous,EN,1,electricity consumption,gps on,wiper on gte 1,h0v0,6,medium,E,M,E,WHAT_Ql,14.95,84.11,17.28,-1,304,M,WHAT_Ql_M_M,M_M,2,72.963,16,-1.05,0.232660757,82,2.11,1.160274831,39,-21.72,4.449231201,Neither agree nor disagree,0,3,3,3,51,2
15/11/2021 15:00,15/11/2021 15:12,IP Address,94.173.159.5,100,697,True,15/11/2021 15:12,R_1LpAijXYOmxLcrJ,52.5296936,-1.854293823,anonymous,EN,1,electricity consumption,gps on,wiper on gte 1,h0v0,3,easy,E,M,E,WHAT_Qn,26.3,42.6,13.33,-1,379,E,WHAT_Qn_E_E,E_E,5,45.446,31,-4.7,2.270528942,30,12.6,3.669593751,23,-9.67,3.292045492,Agree,0,3,3,3,52,2
15/11/2021 15:00,15/11/2021 15:12,IP Address,94.173.159.5,100,697,True,15/11/2021 15:12,R_1LpAijXYOmxLcrJ,52.5296936,-1.854293823,anonymous,EN,29,engine temperature,radio on,wiper on gte 1,h0v0,6,medium,E,H,E,WHAT_Ql,32.09,109.46,30.24,1,466,H,WHAT_Ql_H_M,H_M,4,51.059,95,-62.91,5.978081198,73,36.46,5.193180354,40,-9.76,3.305240966,Agree,1,4,4,3,53,2
