StartDate,EndDate,Status,IPAddress,Progress,Duration_in_seconds,Finished,RecordedDate,ResponseId,LocationLatitude,LocationLongitude,DistributionChannel,UserLanguage,idc,drawnQn,drawnQl,queryString,flips,nMasks,dMask,dComplex_Qn,dComplex_Ql,dComplex_Where,focus,bslnA1,bslnA2,bslnA3,bslnB,cntrQ,dComplex_focus,info_focus_dComplex_dMask,info_dComplex_dMask,trustB,t,answerA1,diffA1,answerA2,diffA2,answerA3,diffA3,answerB,correctB,trustA1,trustA2,trustA3,uniqueCntrQuestion,scaling
15/11/2021 10:41,15/11/2021 10:57,IP Address,2.222.108.58,100,963,True,15/11/2021 10:57,R_3lWHByIVfB2Gs7g,53.64129639,-2.669204712,anonymous,EN,59,electricity consumption,radio on,wiper on gte 1,h0v0,6,medium,M,M,M,WHAT_Ql,0.59,15.58,11.63,-1,250,M,WHAT_Ql_M_M,M_M,4,44.176,1,-0.41,12,3.58,8,3.63,Disagree,1,4,4,4,0,0
15/11/2021 10:41,15/11/2021 10:57,IP Address,2.222.108.58,100,963,True,15/11/2021 10:57,R_3lWHByIVfB2Gs7g,53.64129639,-2.669204712,anonymous,EN,29,engine temperature,radio on,wiper on gte 1,h0v0,6,medium,E,H,E,WHAT_Qn,30.71,34.69,22.19,1,331,E,WHAT_Qn_E_M,E_M,4,87.428,35,-4.29,25,9.69,11,11.19,Disagree,0,4,4,4,1,0
15/11/2021 10:41,15/11/2021 10:57,IP Address,2.222.108.58,100,963,True,15/11/2021 10:57,R_3lWHByIVfB2Gs7g,53.64129639,-2.669204712,anonymous,EN,4,suspension force,gps on,wiper on gte 1,h0v0,9,hard,H,E,E,WHAT_Ql,4.31,33.52,15.88,1,432,E,WHAT_Ql_E_H,E_H,3,167.952,4,0.31,27,6.52,50,-34.12,Disagree,0,5,4,4,2,0
15/11/2021 10:41,15/11/2021 10:57,IP Address,2.222.108.58,100,963,True,15/11/2021 10:57,R_3lWHByIVfB2Gs7g,53.64129639,-2.669204712,anonymous,EN,1,electricity consumption,gps on,wiper on gte 1,h0v0,3,easy,E,E,E,WHAT_Ql,27.33,78.73,27.33,1,273,E,WHAT_Ql_E_E,E_E,4,66.826,28,-0.67,78,0.73,26,1.33,Disagree,0,4,4,4,3,0
15/11/2021 10:41,15/11/2021 10:57,IP Address,2.222.108.58,100,963,True,15/11/2021 10:57,R_3lWHByIVfB2Gs7g,53.64129639,-2.669204712,anonymous,EN,67,electricity consumption,wiper on,gps on gte 1,h0v0,3,easy,H,M,H,WHAT_Ql,5.15,20.17,38.19,1,352,M,WHAT_Ql_M_E,M_E,4,105.588,3,2.15,13,7.17,39,-0.81,Agree,1,4,4,4,4,0
15/11/2021 10:41,15/11/2021 10:57,IP Address,2.222.108.58,100,963,True,15/11/2021 10:57,R_3lWHByIVfB2Gs7g,53.64129639,-2.669204712,anonymous,EN,67,electricity consumption,wiper on,gps on gte 1,h0v0,9,hard,H,H,H,WHAT_Ql,1.93,21.24,16.73,1,445,H,WHAT_Ql_H_H,H_H,4,51.499,3,-1.07,10,11.24,16,0.73,Disagree,0,4,4,4,5,0
15/11/2021 10:41,15/11/2021 10:57,IP Address,2.222.108.58,100,963,True,15/11/2021 10:57,R_3lWHByIVfB2Gs7g,53.64129639,-2.669204712,anonymous,EN,29,engine temperature,radio on,wiper on gte 1,h0v0,3,easy,E,E,E,WHAT_Qn,20.11,34.69,14.43,1,300,E,WHAT_Qn_E_E,E_E,3,62.199,20,0.11,35,-0.31,13,1.43,Neither agree nor disagree,0,4,4,4,6,0
15/11/2021 10:41,15/11/2021 10:57,IP Address,2.222.108.58,100,963,True,15/11/2021 10:57,R_3lWHByIVfB2Gs7g,53.64129639,-2.669204712,anonymous,EN,59,electricity consumption,radio on,wiper on gte 1,h0v0,6,medium,M,M,M,WHAT_Qn,67.35,64.01,33.72,1,385,M,WHAT_Qn_M_M,M_M,4,94.24,66,1.35,71,-6.99,26,7.72,Disagree,0,4,4,4,7,0
15/11/2021 10:41,15/11/2021 10:57,IP Address,2.222.108.58,100,963,True,15/11/2021 10:57,R_3lWHByIVfB2Gs7g,53.64129639,-2.669204712,anonymous,EN,29,engine temperature,radio on,wiper on gte 1,h0v0,6,medium,E,H,E,WHAT_Ql,32.09,109.46,30.24,1,466,H,WHAT_Ql_H_M,H_M,4,102.209,27,5.09,80,29.46,23,7.24,Agree,1,4,4,4,8,0
15/11/2021 10:40,15/11/2021 11:01,IP Address,86.180.100.113,100,1228,True,15/11/2021 11:01,R_eYjg7i4wA7I7RF7,51.57440186,-0.713699341,anonymous,EN,1,electricity consumption,gps on,wiper on gte 1,h0v0,3,easy,E,E,E,WHAT_Ql,10.28,78.73,31.54,-1,244,E,WHAT_Ql_E_E,E_E,5,76.401,7,3.28,78,0.73,41,-9.46,Disagree,1,3,5,4,9,0
15/11/2021 10:40,15/11/2021 11:01,IP Address,86.180.100.113,100,1228,True,15/11/2021 11:01,R_eYjg7i4wA7I7RF7,51.57440186,-0.713699341,anonymous,EN,59,electricity consumption,radio on,wiper on gte 1,h0v0,3,easy,M,E,M,WHAT_Qn,63.33,64.01,11.04,1,325,M,WHAT_Qn_M_E,M_E,4,59.524,74,-10.67,66,-1.99,10,1.04,Disagree,0,3,2,3,10,0
15/11/2021 10:40,15/11/2021 11:01,IP Address,86.180.100.113,100,1228,True,15/11/2021 11:01,R_eYjg7i4wA7I7RF7,51.57440186,-0.713699341,anonymous,EN,59,electricity consumption,radio on,wiper on gte 1,h0v0,8,hard,M,M,M,WHAT_Qn,71.72,64.01,22.38,1,418,M,WHAT_Qn_M_H,M_H,4,95.908,64,7.72,70,-5.99,20,2.38,Agree,1,3,2,3,11,0
15/11/2021 10:40,15/11/2021 11:01,IP Address,86.180.100.113,100,1228,True,15/11/2021 11:01,R_eYjg7i4wA7I7RF7,51.57440186,-0.713699341,anonymous,EN,29,engine temperature,radio on,wiper on gte 1,h0v0,3,easy,E,E,E,WHAT_Qn,31.42,34.69,38.5,1,271,E,WHAT_Qn_E_E,E_E,4,53.468,38,-6.58,41,-6.31,35,3.5,Disagree,0,3,3,2,12,0
15/11/2021 10:40,15/11/2021 11:01,IP Address,86.180.100.113,100,1228,True,15/11/2021 11:01,R_eYjg7i4wA7I7RF7,51.57440186,-0.713699341,anonymous,EN,59,electricity consumption,radio on,wiper on gte 1,h0v0,3,easy,M,M,M,WHAT_Qn,75.46,64.01,19.18,1,354,M,WHAT_Qn_M_E,M_E,3,70.922,70,5.46,70,-5.99,15,4.18,Disagree,0,3,2,4,13,0
15/11/2021 10:40,15/11/2021 11:01,IP Address,86.180.100.113,100,1228,True,15/11/2021 11:01,R_eYjg7i4wA7I7RF7,51.57440186,-0.713699341,anonymous,EN,1,electricity consumption,gps on,wiper on gte 1,h0v0,6,medium,E,H,E,WHAT_Qn,37.18,42.6,37.27,-1,439,E,WHAT_Qn_E_M,E_M,4,87.877,40,-2.82,45,-2.4,33,4.27,Disagree,1,2,2,3,14,0
15/11/2021 10:40,15/11/2021 11:01,IP Address,86.180.100.113,100,1228,True,15/11/2021 11:01,R_eYjg7i4wA7I7RF7,51.57440186,-0.713699341,anonymous,EN,67,electricity consumption,wiper on,gps on gte 1,h0v0,6,medium,H,M,H,WHAT_Qn,47.3,56.78,25.13,1,310,H,WHAT_Qn_H_M,H_M,3,222.138,35,12.3,56,0.78,26,-0.87,Disagree,0,3,0,3,15,0
15/11/2021 10:40,15/11/2021 11:01,IP Address,86.180.100.113,100,1228,True,15/11/2021 11:01,R_eYjg7i4wA7I7RF7,51.57440186,-0.713699341,anonymous,EN,4,suspension force,gps on,wiper on gte 1,h0v0,9,hard,H,M,E,WHAT_Ql,9.21,40.19,14.11,1,391,M,WHAT_Ql_M_H,M_H,4,127.668,12,-2.79,43,-2.81,18,-3.89,Disagree,0,3,3,3,16,0
15/11/2021 10:40,15/11/2021 11:01,IP Address,86.180.100.113,100,1228,True,15/11/2021 11:01,R_eYjg7i4wA7I7RF7,51.57440186,-0.713699341,anonymous,EN,59,electricity consumption,radio on,wiper on gte 1,h0v0,3,easy,M,M,M,WHAT_Ql,0.19,15.58,7.29,-1,460,M,WHAT_Ql_M_E,M_E,5,90.915,0,0.19,15,0.58,7,0.29,Agree,0,4,4,3,17,0
15/11/2021 10:39,15/11/2021 11:02,IP Address,69.180.215.111,100,1395,True,15/11/2021 11:02,R_1QcRv3lkjVBir87,36.15789795,-86.8608017,anonymous,EN,4,suspension force,gps on,wiper on gte 1,h0v0,6,medium,H,M,E,WHAT_Qn,84.3,76.69,19.89,-1,256,H,WHAT_Qn_H_M,H_M,5,80.107,82,2.3,73,3.69,18,1.89,Agree,0,5,5,5,18,0
15/11/2021 10:39,15/11/2021 11:02,IP Address,69.180.215.111,100,1395,True,15/11/2021 11:02,R_1QcRv3lkjVBir87,36.15789795,-86.8608017,anonymous,EN,4,suspension force,gps on,wiper on gte 1,h0v0,3,easy,H,M,E,WHAT_Ql,8.62,58.43,10.19,-1,327,M,WHAT_Ql_M_E,M_E,5,91.266,6,2.62,58,0.43,8,2.19,Agree,0,5,5,5,19,0
15/11/2021 10:39,15/11/2021 11:02,IP Address,69.180.215.111,100,1395,True,15/11/2021 11:02,R_1QcRv3lkjVBir87,36.15789795,-86.8608017,anonymous,EN,67,electricity consumption,wiper on,gps on gte 1,h0v0,6,medium,H,H,H,WHAT_Ql,10.72,21.24,50.85,1,412,H,WHAT_Ql_H_M,H_M,5,110.257,11,-0.28,22,-0.76,47,3.85,Neither agree nor disagree,0,5,5,5,20,0
15/11/2021 10:39,15/11/2021 11:02,IP Address,69.180.215.111,100,1395,True,15/11/2021 11:02,R_1QcRv3lkjVBir87,36.15789795,-86.8608017,anonymous,EN,4,suspension force,gps on,wiper on gte 1,h0v0,9,hard,H,E,E,WHAT_Qn,70.77,76.69,20.7,-1,297,H,WHAT_Qn_H_H,H_H,4,128.438,70,0.77,75,1.69,18,2.7,Disagree,1,4,5,5,21,0
15/11/2021 10:39,15/11/2021 11:02,IP Address,69.180.215.111,100,1395,True,15/11/2021 11:02,R_1QcRv3lkjVBir87,36.15789795,-86.8608017,anonymous,EN,4,suspension force,gps on,wiper on gte 1,h0v0,6,medium,H,M,E,WHAT_Ql,24.5,75.88,30.78,1,358,M,WHAT_Ql_M_M,M_M,3,189.598,17,7.5,85,-9.12,25,5.78,Agree,1,2,5,5,22,0
15/11/2021 10:39,15/11/2021 11:02,IP Address,69.180.215.111,100,1395,True,15/11/2021 11:02,R_1QcRv3lkjVBir87,36.15789795,-86.8608017,anonymous,EN,4,suspension force,gps on,wiper on gte 1,h0v0,3,easy,H,M,E,WHAT_Qn,80.22,76.69,38.14,1,433,H,WHAT_Qn_H_E,H_E,5,59.072,78,2.22,69,7.69,32,6.14,Neither agree nor disagree,0,5,5,5,23,0
15/11/2021 10:39,15/11/2021 11:02,IP Address,69.180.215.111,100,1395,True,15/11/2021 11:02,R_1QcRv3lkjVBir87,36.15789795,-86.8608017,anonymous,EN,1,electricity consumption,gps on,wiper on gte 1,h0v0,6,medium,E,M,E,WHAT_Ql,14.95,84.11,17.28,-1,304,M,WHAT_Ql_M_M,M_M,5,138.632,11,3.95,85,-0.89,14,3.28,Neither agree nor disagree,0,4,5,5,24,0
15/11/2021 10:39,15/11/2021 11:02,IP Address,69.180.215.111,100,1395,True,15/11/2021 11:02,R_1QcRv3lkjVBir87,36.15789795,-86.8608017,anonymous,EN,67,electricity consumption,wiper on,gps on gte 1,h0v0,3,easy,H,E,H,WHAT_Ql,0,7.29,38.41,1,381,E,WHAT_Ql_E_E,E_E,5,100.638,0,0,8,-0.71,39,-0.59,Agree,1,5,5,5,25,0
15/11/2021 10:39,15/11/2021 11:02,IP Address,69.180.215.111,100,1395,True,15/11/2021 11:02,R_1QcRv3lkjVBir87,36.15789795,-86.8608017,anonymous,EN,1,electricity consumption,gps on,wiper on gte 1,h0v0,9,hard,E,M,E,WHAT_Qn,49.46,42.6,33.03,-1,472,E,WHAT_Qn_E_H,E_H,3,115.816,50,-0.54,45,-2.4,26,7.03,Agree,0,4,4,5,26,0
15/11/2021 10:47,15/11/2021 11:19,IP Address,77.102.241.7,100,1926,True,15/11/2021 11:19,R_6xnWdwudje2xgiZ,51.61869812,-0.115402222,anonymous,EN,29,engine temperature,radio on,wiper on gte 1,h0v0,9,hard,E,E,E,WHAT_Ql,7.2,24.27,24.69,1,270,E,WHAT_Ql_E_H,E_H,4,142.995,24,-16.8,30,-5.73,24,0.69,Agree,1,3,5,5,27,0
15/11/2021 10:47,15/11/2021 11:19,IP Address,77.102.241.7,100,1926,True,15/11/2021 11:19,R_6xnWdwudje2xgiZ,51.61869812,-0.115402222,anonymous,EN,67,electricity consumption,wiper on,gps on gte 1,h0v0,9,hard,H,E,H,WHAT_Qn,48.07,56.78,23.82,1,351,H,WHAT_Qn_H_H,H_H,0,356.377,38,10.07,61,-4.22,38,-14.18,Neither agree nor disagree,0,1,1,1,28,0
15/11/2021 10:47,15/11/2021 11:19,IP Address,77.102.241.7,100,1926,True,15/11/2021 11:19,R_6xnWdwudje2xgiZ,51.61869812,-0.115402222,anonymous,EN,1,electricity consumption,gps on,wiper on gte 1,h0v0,5,medium,E,M,E,WHAT_Qn,43.35,42.6,13.03,-1,408,E,WHAT_Qn_E_M,E_M,0,71.972,43,0.35,51,-8.4,7,6.03,Neither agree nor disagree,0,0,0,0,29,0
15/11/2021 10:47,15/11/2021 11:19,IP Address,77.102.241.7,100,1926,True,15/11/2021 11:19,R_6xnWdwudje2xgiZ,51.61869812,-0.115402222,anonymous,EN,29,engine temperature,radio on,wiper on gte 1,h0v0,3,easy,E,E,E,WHAT_Qn,31.42,34.69,38.5,1,271,E,WHAT_Qn_E_E,E_E,0,223.371,30,1.42,35,-0.31,32,6.5,Agree,1,0,0,3,30,0
15/11/2021 10:47,15/11/2021 11:19,IP Address,77.102.241.7,100,1926,True,15/11/2021 11:19,R_6xnWdwudje2xgiZ,51.61869812,-0.115402222,anonymous,EN,67,electricity consumption,wiper on,gps on gte 1,h0v0,3,easy,H,M,H,WHAT_Ql,5.15,20.17,38.19,1,352,M,WHAT_Ql_M_E,M_E,2,109.168,10,-4.85,20,0.17,33,5.19,Agree,1,1,2,2,31,0
15/11/2021 10:47,15/11/2021 11:19,IP Address,77.102.241.7,100,1926,True,15/11/2021 11:19,R_6xnWdwudje2xgiZ,51.61869812,-0.115402222,anonymous,EN,67,electricity consumption,wiper on,gps on gte 1,h0v0,9,hard,H,H,H,WHAT_Ql,1.93,21.24,16.73,1,445,H,WHAT_Ql_H_H,H_H,0,75.695,4,-2.07,19,2.24,14,2.73,Disagree,0,0,0,0,32,0
15/11/2021 10:47,15/11/2021 11:19,IP Address,77.102.241.7,100,1926,True,15/11/2021 11:19,R_6xnWdwudje2xgiZ,51.61869812,-0.115402222,anonymous,EN,29,engine temperature,radio on,wiper on gte 1,h0v0,3,easy,E,E,E,WHAT_Qn,20.11,34.69,14.43,1,300,E,WHAT_Qn_E_E,E_E,1,103.826,23,-2.89,26,8.69,23,-8.57,Disagree,0,0,0,1,33,0
15/11/2021 10:47,15/11/2021 11:19,IP Address,77.102.241.7,100,1926,True,15/11/2021 11:19,R_6xnWdwudje2xgiZ,51.61869812,-0.115402222,anonymous,EN,59,electricity consumption,radio on,wiper on gte 1,h0v0,6,medium,M,M,M,WHAT_Qn,67.35,64.01,33.72,1,385,M,WHAT_Qn_M_M,M_M,0,167,63,4.35,60,4.01,26,7.72,Neither agree nor disagree,0,0,0,0,34,0
15/11/2021 10:47,15/11/2021 11:19,IP Address,77.102.241.7,100,1926,True,15/11/2021 11:19,R_6xnWdwudje2xgiZ,51.61869812,-0.115402222,anonymous,EN,59,electricity consumption,radio on,wiper on gte 1,h0v0,3,easy,M,M,M,WHAT_Ql,0.19,15.58,7.29,-1,460,M,WHAT_Ql_M_E,M_E,0,58.593,0,0.19,15,0.58,7,0.29,Neither agree nor disagree,0,4,0,0,35,0
15/11/2021 11:12,15/11/2021 11:34,IP Address,77.168.149.66,100,1338,True,15/11/2021 11:34,R_06PLufXex2iGael,51.26409912,5.708602905,anonymous,EN,29,engine temperature,radio on,wiper on gte 1,h0v0,9,hard,E,E,E,WHAT_Ql,7.2,24.27,24.69,1,270,E,WHAT_Ql_E_H,E_H,2,75.654,9,-1.8,28,-3.73,33,-8.31,Disagree,0,4,4,3,36,0
15/11/2021 11:12,15/11/2021 11:34,IP Address,77.168.149.66,100,1338,True,15/11/2021 11:34,R_06PLufXex2iGael,51.26409912,5.708602905,anonymous,EN,59,electricity consumption,radio on,wiper on gte 1,h0v0,3,easy,M,E,M,WHAT_Qn,63.33,64.01,11.04,1,325,M,WHAT_Qn_M_E,M_E,5,129.263,1,62.33,62,2.01,9,2.04,Disagree,0,1,4,4,37,0
15/11/2021 11:12,15/11/2021 11:34,IP Address,77.168.149.66,100,1338,True,15/11/2021 11:34,R_06PLufXex2iGael,51.26409912,5.708602905,anonymous,EN,67,electricity consumption,wiper on,gps on gte 1,h0v0,6,medium,H,H,H,WHAT_Ql,10.72,21.24,50.85,1,412,H,WHAT_Ql_H_M,H_M,3,68.481,10,0.72,19,2.24,54,-3.15,Disagree,0,4,4,3,38,0
15/11/2021 11:12,15/11/2021 11:34,IP Address,77.168.149.66,100,1338,True,15/11/2021 11:34,R_06PLufXex2iGael,51.26409912,5.708602905,anonymous,EN,4,suspension force,gps on,wiper on gte 1,h0v0,9,hard,H,E,E,WHAT_Qn,70.77,76.69,20.7,-1,297,H,WHAT_Qn_H_H,H_H,5,119.395,79,-8.23,74,2.69,34,-13.3,Disagree,1,4,3,4,39,0
15/11/2021 11:12,15/11/2021 11:34,IP Address,77.168.149.66,100,1338,True,15/11/2021 11:34,R_06PLufXex2iGael,51.26409912,5.708602905,anonymous,EN,4,suspension force,gps on,wiper on gte 1,h0v0,6,medium,H,M,E,WHAT_Ql,24.5,75.88,30.78,1,358,M,WHAT_Ql_M_M,M_M,2,91.334,28,-3.5,78,-2.12,36,-5.22,Agree,1,4,4,3,40,0
15/11/2021 11:12,15/11/2021 11:34,IP Address,77.168.149.66,100,1338,True,15/11/2021 11:34,R_06PLufXex2iGael,51.26409912,5.708602905,anonymous,EN,1,electricity consumption,gps on,wiper on gte 1,h0v0,6,medium,E,H,E,WHAT_Qn,37.18,42.6,37.27,-1,439,E,WHAT_Qn_E_M,E_M,5,84.063,43,-5.82,48,-5.4,32,5.27,Disagree,1,5,4,5,41,0
15/11/2021 11:12,15/11/2021 11:34,IP Address,77.168.149.66,100,1338,True,15/11/2021 11:34,R_06PLufXex2iGael,51.26409912,5.708602905,anonymous,EN,1,electricity consumption,gps on,wiper on gte 1,h0v0,6,medium,E,M,E,WHAT_Ql,14.95,84.11,17.28,-1,304,M,WHAT_Ql_M_M,M_M,5,98.249,14,0.95,84,0.11,19,-1.72,Agree,0,4,4,4,42,0
15/11/2021 11:12,15/11/2021 11:34,IP Address,77.168.149.66,100,1338,True,15/11/2021 11:34,R_06PLufXex2iGael,51.26409912,5.708602905,anonymous,EN,4,suspension force,gps on,wiper on gte 1,h0v0,9,hard,H,M,E,WHAT_Ql,9.21,40.19,14.11,1,391,M,WHAT_Ql_M_H,M_H,4,189.799,8,1.21,39,1.19,13,1.11,Disagree,0,4,3,2,43,0
15/11/2021 11:12,15/11/2021 11:34,IP Address,77.168.149.66,100,1338,True,15/11/2021 11:34,R_06PLufXex2iGael,51.26409912,5.708602905,anonymous,EN,59,electricity consumption,radio on,wiper on gte 1,h0v0,3,easy,M,M,M,WHAT_Ql,0.19,15.58,7.29,-1,460,M,WHAT_Ql_M_E,M_E,2,46.926,0,0.19,12,3.58,8,-0.71,Disagree,1,5,4,4,44,0
15/11/2021 10:37,15/11/2021 11:42,IP Address,102.223.228.154,100,3888,True,15/11/2021 11:42,R_2dXcY4y0CayKleI,-29.12519836,26.16299438,anonymous,EN,29,engine temperature,radio on,wiper on gte 1,h0v0,9,hard,E,E,E,WHAT_Ql,7.2,24.27,24.69,1,270,E,WHAT_Ql_E_H,E_H,2,61.461,10,-2.8,20,4.27,22,2.69,Disagree,0,5,5,5,45,0
15/11/2021 10:37,15/11/2021 11:42,IP Address,102.223.228.154,100,3888,True,15/11/2021 11:42,R_2dXcY4y0CayKleI,-29.12519836,26.16299438,anonymous,EN,29,engine temperature,radio on,wiper on gte 1,h0v0,6,medium,E,H,E,WHAT_Qn,30.71,34.69,22.19,1,331,E,WHAT_Qn_E_M,E_M,4,439.094,45,-14.29,50,-15.31,41,-18.81,Agree,1,3,4,4,46,0
15/11/2021 10:37,15/11/2021 11:42,IP Address,102.223.228.154,100,3888,True,15/11/2021 11:42,R_2dXcY4y0CayKleI,-29.12519836,26.16299438,anonymous,EN,4,suspension force,gps on,wiper on gte 1,h0v0,9,hard,H,E,E,WHAT_Ql,4.31,33.52,15.88,1,432,E,WHAT_Ql_E_H,E_H,3,109.895,15,-10.69,55,-21.48,21,-5.12,Neither agree nor disagree,0,4,3,4,47,0
15/11/2021 10:37,15/11/2021 11:42,IP Address,102.223.228.154,100,3888,True,15/11/2021 11:42,R_2dXcY4y0CayKleI,-29.12519836,26.16299438,anonymous,EN,59,electricity consumption,radio on,wiper on gte 1,h0v0,6,medium,M,E,M,WHAT_Ql,5.52,14,38.06,-1,283,E,WHAT_Ql_E_M,E_M,3,139.631,14,-8.48,30,-16,36,2.06,Neither agree nor disagree,0,4,4,3,48,0
15/11/2021 10:37,15/11/2021 11:42,IP Address,102.223.228.154,100,3888,True,15/11/2021 11:42,R_2dXcY4y0CayKleI,-29.12519836,26.16299438,anonymous,EN,29,engine temperature,radio on,wiper on gte 1,h0v0,8,hard,E,H,E,WHAT_Qn,31.14,34.69,22.19,1,364,E,WHAT_Qn_E_H,E_H,2,310.848,45,-13.86,35,-0.31,65,-42.81,Disagree,0,3,3,1,49,0
15/11/2021 10:37,15/11/2021 11:42,IP Address,102.223.228.154,100,3888,True,15/11/2021 11:42,R_2dXcY4y0CayKleI,-29.12519836,26.16299438,anonymous,EN,29,engine temperature,radio on,wiper on gte 1,h0v0,6,medium,E,H,E,WHAT_Ql,25.92,71.6,37.24,1,435,H,WHAT_Ql_H_M,H_M,4,310.99,30,-4.08,75,-3.4,50,-12.76,Disagree,0,5,4,4,50,0
15/11/2021 10:37,15/11/2021 11:42,IP Address,102.223.228.154,100,3888,True,15/11/2021 11:42,R_2dXcY4y0CayKleI,-29.12519836,26.16299438,anonymous,EN,1,electricity consumption,gps on,wiper on gte 1,h0v0,6,medium,E,M,E,WHAT_Ql,14.95,84.11,17.28,-1,304,M,WHAT_Ql_M_M,M_M,3,174.431,27,-12.05,80,4.11,20,-2.72,Disagree,1,4,5,3,51,0
15/11/2021 10:37,15/11/2021 11:42,IP Address,102.223.228.154,100,3888,True,15/11/2021 11:42,R_2dXcY4y0CayKleI,-29.12519836,26.16299438,anonymous,EN,1,electricity consumption,gps on,wiper on gte 1,h0v0,3,easy,E,M,E,WHAT_Qn,26.3,42.6,13.33,-1,379,E,WHAT_Qn_E_E,E_E,3,123.7,25,1.3,40,2.6,20,-6.67,Agree,0,4,4,5,52,0
15/11/2021 10:37,15/11/2021 11:42,IP Address,102.223.228.154,100,3888,True,15/11/2021 11:42,R_2dXcY4y0CayKleI,-29.12519836,26.16299438,anonymous,EN,4,suspension force,gps on,wiper on gte 1,h0v0,6,medium,H,E,E,WHAT_Qn,77.35,76.69,28.61,1,462,H,WHAT_Qn_H_M,H_M,3,351.415,85,-7.65,70,6.69,35,-6.39,Disagree,0,4,3,4,53,0
15/11/2021 12:11,15/11/2021 12:26,IP Address,82.38.16.79,100,864,True,15/11/2021 12:26,R_1LRVvv8obIBYbeo,51.34880066,-0.032104492,anonymous,EN,67,electricity consumption,wiper on,gps on gte 1,h0v0,3,easy,H,M,H,WHAT_Qn,52.06,56.78,19.63,1,246,H,WHAT_Qn_H_E,H_E,3,68.445,50,2.06,53,3.78,24,-4.37,Disagree,0,4,2,4,0,1
15/11/2021 12:11,15/11/2021 12:26,IP Address,82.38.16.79,100,864,True,15/11/2021 12:26,R_1LRVvv8obIBYbeo,51.34880066,-0.032104492,anonymous,EN,67,electricity consumption,wiper on,gps on gte 1,h0v0,9,hard,H,E,H,WHAT_Qn,48.07,56.78,23.82,1,351,H,WHAT_Qn_H_H,H_H,5,69.678,44,4.07,52,4.78,17,6.82,Disagree,0,2,3,4,1,1
15/11/2021 12:11,15/11/2021 12:26,IP Address,82.38.16.79,100,864,True,15/11/2021 12:26,R_1LRVvv8obIBYbeo,51.34880066,-0.032104492,anonymous,EN,4,suspension force,gps on,wiper on gte 1,h0v0,9,hard,H,E,E,WHAT_Ql,4.31,33.52,15.88,1,432,E,WHAT_Ql_E_H,E_H,3,58.212,4,0.31,30,3.52,18,-2.12,Disagree,0,4,3,4,2,1
15/11/2021 12:11,15/11/2021 12:26,IP Address,82.38.16.79,100,864,True,15/11/2021 12:26,R_1LRVvv8obIBYbeo,51.34880066,-0.032104492,anonymous,EN,59,electricity consumption,radio on,wiper on gte 1,h0v0,6,medium,M,E,M,WHAT_Ql,5.52,14,38.06,-1,283,E,WHAT_Ql_E_M,E_M,3,61.351,27,-21.48,16,-2,27,11.06,Disagree,1,4,3,3,3,1
15/11/2021 12:11,15/11/2021 12:26,IP Address,82.38.16.79,100,864,True,15/11/2021 12:26,R_1LRVvv8obIBYbeo,51.34880066,-0.032104492,anonymous,EN,59,electricity consumption,radio on,wiper on gte 1,h0v0,3,easy,M,M,M,WHAT_Qn,75.46,64.01,19.18,1,354,M,WHAT_Qn_M_E,M_E,3,63.086,72,3.46,62,2.01,15,4.18,Disagree,0,2,3,5,4,1
15/11/2021 12:11,15/11/2021 12:26,IP Address,82.38.16.79,100,864,True,15/11/2021 12:26,R_1LRVvv8obIBYbeo,51.34880066,-0.032104492,anonymous,EN,4,suspension force,gps on,wiper on gte 1,h0v0,3,easy,H,M,E,WHAT_Qn,80.22,76.69,38.14,1,433,H,WHAT_Qn_H_E,H_E,4,45.904,79,1.22,77,-0.31,36,2.14,Disagree,0,1,3,3,5,1
15/11/2021 12:11,15/11/2021 12:26,IP Address,82.38.16.79,100,864,True,15/11/2021 12:26,R_1LRVvv8obIBYbeo,51.34880066,-0.032104492,anonymous,EN,29,engine temperature,radio on,wiper on gte 1,h0v0,3,easy,E,E,E,WHAT_Qn,20.11,34.69,14.43,1,300,E,WHAT_Qn_E_E,E_E,4,62.225,21,-0.89,39,-4.31,14,0.43,Agree,1,4,1,3,6,1
15/11/2021 12:11,15/11/2021 12:26,IP Address,82.38.16.79,100,864,True,15/11/2021 12:26,R_1LRVvv8obIBYbeo,51.34880066,-0.032104492,anonymous,EN,1,electricity consumption,gps on,wiper on gte 1,h0v0,3,easy,E,M,E,WHAT_Qn,26.3,42.6,13.33,-1,379,E,WHAT_Qn_E_E,E_E,3,56.188,23,3.3,36,6.6,17,-3.67,Neither agree nor disagree,0,4,2,3,7,1
15/11/2021 12:11,15/11/2021 12:26,IP Address,82.38.16.79,100,864,True,15/11/2021 12:26,R_1LRVvv8obIBYbeo,51.34880066,-0.032104492,anonymous,EN,4,suspension force,gps on,wiper on gte 1,h0v0,6,medium,H,E,E,WHAT_Qn,77.35,76.69,28.61,1,462,H,WHAT_Qn_H_M,H_M,4,71.46,73,4.35,69,7.69,29,-0.39,Disagree,0,2,2,3,8,1
15/11/2021 12:11,15/11/2021 12:33,IP Address,121.98.33.198,100,1325,True,15/11/2021 12:33,R_1erC7iQFuoUGbtn,-36.8506012,174.7679138,anonymous,EN,1,electricity consumption,gps on,wiper on gte 1,h0v0,3,easy,E,E,E,WHAT_Ql,10.28,78.73,31.54,-1,244,E,WHAT_Ql_E_E,E_E,3,55.46,10,0.28,78,0.73,30,1.54,Disagree,1,4,4,4,9,1
15/11/2021 12:11,15/11/2021 12:33,IP Address,121.98.33.198,100,1325,True,15/11/2021 12:33,R_1erC7iQFuoUGbtn,-36.8506012,174.7679138,anonymous,EN,59,electricity consumption,radio on,wiper on gte 1,h0v0,3,easy,M,E,M,WHAT_Qn,63.33,64.01,11.04,1,325,M,WHAT_Qn_M_E,M_E,4,181.372,75,-11.67,70,-5.99,10,1.04,Disagree,0,4,3,4,10,1
15/11/2021 12:11,15/11/2021 12:33,IP Address,121.98.33.198,100,1325,True,15/11/2021 12:33,R_1erC7iQFuoUGbtn,-36.8506012,174.7679138,anonymous,EN,1,electricity consumption,gps on,wiper on gte 1,h0v0,5,medium,E,M,E,WHAT_Qn,43.35,42.6,13.03,-1,408,E,WHAT_Qn_E_M,E_M,3,122.131,48,-4.65,50,-7.4,9,4.03,Disagree,1,4,3,4,11,1
15/11/2021 12:11,15/11/2021 12:33,IP Address,121.98.33.198,100,1325,True,15/11/2021 12:33,R_1erC7iQFuoUGbtn,-36.8506012,174.7679138,anonymous,EN,1,electricity consumption,gps on,wiper on gte 1,h0v0,3,easy,E,E,E,WHAT_Ql,27.33,78.73,27.33,1,273,E,WHAT_Ql_E_E,E_E,3,62.093,30,-2.67,78,0.73,30,-2.67,Disagree,0,4,4,4,12,1
15/11/2021 12:11,15/11/2021 12:33,IP Address,121.98.33.198,100,1325,True,15/11/2021 12:33,R_1erC7iQFuoUGbtn,-36.8506012,174.7679138,anonymous,EN,29,engine temperature,radio on,wiper on gte 1,h0v0,8,hard,E,H,E,WHAT_Qn,31.14,34.69,22.19,1,364,E,WHAT_Qn_E_H,E_H,3,150.138,30,1.14,36,-1.31,20,2.19,Disagree,0,4,3,4,13,1
15/11/2021 12:11,15/11/2021 12:33,IP Address,121.98.33.198,100,1325,True,15/11/2021 12:33,R_1erC7iQFuoUGbtn,-36.8506012,174.7679138,anonymous,EN,67,electricity consumption,wiper on,gps on gte 1,h0v0,9,hard,H,H,H,WHAT_Ql,1.93,21.24,16.73,1,445,H,WHAT_Ql_H_H,H_H,3,74.878,4,-2.07,17,4.24,16,0.73,Agree,1,4,4,4,14,1
15/11/2021 12:11,15/11/2021 12:33,IP Address,121.98.33.198,100,1325,True,15/11/2021 12:33,R_1erC7iQFuoUGbtn,-36.8506012,174.7679138,anonymous,EN,67,electricity consumption,wiper on,gps on gte 1,h0v0,6,medium,H,M,H,WHAT_Qn,47.3,56.78,25.13,1,310,H,WHAT_Qn_H_M,H_M,3,69.964,55,-7.7,60,-3.22,24,1.13,Disagree,0,3,3,4,15,1
15/11/2021 12:11,15/11/2021 12:33,IP Address,121.98.33.198,100,1325,True,15/11/2021 12:33,R_1erC7iQFuoUGbtn,-36.8506012,174.7679138,anonymous,EN,4,suspension force,gps on,wiper on gte 1,h0v0,9,hard,H,M,E,WHAT_Ql,9.21,40.19,14.11,1,391,M,WHAT_Ql_M_H,M_H,3,67.336,8,1.21,38,2.19,16,-1.89,Disagree,0,4,4,4,16,1
15/11/2021 12:11,15/11/2021 12:33,IP Address,121.98.33.198,100,1325,True,15/11/2021 12:33,R_1erC7iQFuoUGbtn,-36.8506012,174.7679138,anonymous,EN,29,engine temperature,radio on,wiper on gte 1,h0v0,6,medium,E,H,E,WHAT_Ql,32.09,109.46,30.24,1,466,H,WHAT_Ql_H_M,H_M,3,197.286,22,10.09,75,34.46,30,0.24,Neither agree nor disagree,0,4,4,3,17,1
15/11/2021 12:09,15/11/2021 12:44,IP Address,169.0.213.55,100,2082,True,15/11/2021 12:44,R_2xWcWoV0yoo0ZyE,-25.87750244,28.16799927,anonymous,EN,1,electricity consumption,gps on,wiper on gte 1,h0v0,3,easy,E,E,E,WHAT_Ql,10.28,78.73,31.54,-1,244,E,WHAT_Ql_E_E,E_E,3,101.608,13,-2.72,30,48.73,79,-47.46,Disagree,1,3,4,4,18,1
15/11/2021 12:09,15/11/2021 12:44,IP Address,169.0.213.55,100,2082,True,15/11/2021 12:44,R_2xWcWoV0yoo0ZyE,-25.87750244,28.16799927,anonymous,EN,29,engine temperature,radio on,wiper on gte 1,h0v0,6,medium,E,H,E,WHAT_Qn,30.71,34.69,22.19,1,331,E,WHAT_Qn_E_M,E_M,3,101.71,26,4.71,30,4.69,19,3.19,Agree,1,2,3,3,19,1
15/11/2021 12:09,15/11/2021 12:44,IP Address,169.0.213.55,100,2082,True,15/11/2021 12:44,R_2xWcWoV0yoo0ZyE,-25.87750244,28.16799927,anonymous,EN,29,engine temperature,radio on,wiper on gte 1,h0v0,3,easy,E,E,E,WHAT_Ql,0,24.27,10.9,1,406,E,WHAT_Ql_E_E,E_E,4,86.132,0,0,25,-0.73,25,-14.1,Disagree,0,5,3,3,20,1
15/11/2021 12:09,15/11/2021 12:44,IP Address,169.0.213.55,100,2082,True,15/11/2021 12:44,R_2xWcWoV0yoo0ZyE,-25.87750244,28.16799927,anonymous,EN,59,electricity consumption,radio on,wiper on gte 1,h0v0,6,medium,M,E,M,WHAT_Ql,5.52,14,38.06,-1,283,E,WHAT_Ql_E_M,E_M,3,112.299,5,0.52,13,1,37,1.06,Disagree,1,3,3,3,21,1
15/11/2021 12:09,15/11/2021 12:44,IP Address,169.0.213.55,100,2082,True,15/11/2021 12:44,R_2xWcWoV0yoo0ZyE,-25.87750244,28.16799927,anonymous,EN,67,electricity consumption,wiper on,gps on gte 1,h0v0,3,easy,H,M,H,WHAT_Ql,5.15,20.17,38.19,1,352,M,WHAT_Ql_M_E,M_E,3,103.268,3,2.15,20,0.17,36,2.19,Disagree,0,3,3,3,22,1
15/11/2021 12:09,15/11/2021 12:44,IP Address,169.0.213.55,100,2082,True,15/11/2021 12:44,R_2xWcWoV0yoo0ZyE,-25.87750244,28.16799927,anonymous,EN,29,engine temperature,radio on,wiper on gte 1,h0v0,6,medium,E,H,E,WHAT_Ql,25.92,71.6,37.24,1,435,H,WHAT_Ql_H_M,H_M,3,122.79,23,2.92,69,2.6,33,4.24,Disagree,0,3,3,3,23,1
15/11/2021 12:09,15/11/2021 12:44,IP Address,169.0.213.55,100,2082,True,15/11/2021 12:44,R_2xWcWoV0yoo0ZyE,-25.87750244,28.16799927,anonymous,EN,1,electricity consumption,gps on,wiper on gte 1,h0v0,6,medium,E,M,E,WHAT_Ql,14.95,84.11,17.28,-1,304,M,WHAT_Ql_M_M,M_M,4,98.851,13,1.95,83,1.11,14,3.28,Disagree,1,3,3,3,24,1
15/11/2021 12:09,15/11/2021 12:44,IP Address,169.0.213.55,100,2082,True,15/11/2021 12:44,R_2xWcWoV0yoo0ZyE,-25.87750244,28.16799927,anonymous,EN,1,electricity consumption,gps on,wiper on gte 1,h0v0,3,easy,E,M,E,WHAT_Qn,26.3,42.6,13.33,-1,379,E,WHAT_Qn_E_E,E_E,3,94.698,21,5.3,40,2.6,14,-0.67,Disagree,1,3,3,3,25,1
15/11/2021 12:09,15/11/2021 12:44,IP Address,169.0.213.55,100,2082,True,15/11/2021 12:44,R_2xWcWoV0yoo0ZyE,-25.87750244,28.16799927,anonymous,EN,1,electricity consumption,gps on,wiper on gte 1,h0v0,9,hard,E,M,E,WHAT_Qn,49.46,42.6,33.03,-1,472,E,WHAT_Qn_E_H,E_H,2,180.844,40,9.46,37,5.6,23,10.03,Disagree,1,2,2,2,26,1
15/11/2021 12:10,15/11/2021 12:53,IP Address,82.33.77.60,100,2560,True,15/11/2021 12:53,R_2348ksaZW4hDFcp,53.41740417,-2.911193848,anonymous,EN,59,electricity consumption,radio on,wiper on gte 1,h0v0,6,medium,M,M,M,WHAT_Ql,0.59,15.58,11.63,-1,250,M,WHAT_Ql_M_M,M_M,4,141.663,17,-16.41,8,7.58,9,2.63,Agree,0,4,4,4,27,1
15/11/2021 12:10,15/11/2021 12:53,IP Address,82.33.77.60,100,2560,True,15/11/2021 12:53,R_2348ksaZW4hDFcp,53.41740417,-2.911193848,anonymous,EN,4,suspension force,gps on,wiper on gte 1,h0v0,3,easy,H,M,E,WHAT_Ql,8.62,58.43,10.19,-1,327,M,WHAT_Ql_M_E,M_E,4,213.181,10,-1.38,63,-4.57,11,-0.81,Agree,0,3,4,5,28,1
15/11/2021 12:10,15/11/2021 12:53,IP Address,82.33.77.60,100,2560,True,15/11/2021 12:53,R_2348ksaZW4hDFcp,53.41740417,-2.911193848,anonymous,EN,1,electricity consumption,gps on,wiper on gte 1,h0v0,5,medium,E,M,E,WHAT_Qn,43.35,42.6,13.03,-1,408,E,WHAT_Qn_E_M,E_M,2,109.613,45,-1.65,45,-2.4,15,-1.97,Disagree,1,3,3,3,29,1
15/11/2021 12:10,15/11/2021 12:53,IP Address,82.33.77.60,100,2560,True,15/11/2021 12:53,R_2348ksaZW4hDFcp,53.41740417,-2.911193848,anonymous,EN,67,electricity consumption,wiper on,gps on gte 1,h0v0,6,medium,H,E,H,WHAT_Qn,51.15,56.78,51.3,1,277,H,WHAT_Qn_H_M,H_M,2,125.011,50,1.15,60,-3.22,52,-0.7,Disagree,0,3,3,4,30,1
15/11/2021 12:10,15/11/2021 12:53,IP Address,82.33.77.60,100,2560,True,15/11/2021 12:53,R_2348ksaZW4hDFcp,53.41740417,-2.911193848,anonymous,EN,59,electricity consumption,radio on,wiper on gte 1,h0v0,3,easy,M,M,M,WHAT_Qn,75.46,64.01,19.18,1,354,M,WHAT_Qn_M_E,M_E,4,176.548,75,0.46,65,-0.99,16,3.18,Disagree,0,4,3,4,31,1
15/11/2021 12:10,15/11/2021 12:53,IP Address,82.33.77.60,100,2560,True,15/11/2021 12:53,R_2348ksaZW4hDFcp,53.41740417,-2.911193848,anonymous,EN,1,electricity consumption,gps on,wiper on gte 1,h0v0,6,medium,E,H,E,WHAT_Qn,37.18,42.6,37.27,-1,439,E,WHAT_Qn_E_M,E_M,3,423.383,40,-2.82,48,-5.4,37,0.27,Disagree,1,2,2,4,32,1
15/11/2021 12:10,15/11/2021 12:53,IP Address,82.33.77.60,100,2560,True,15/11/2021 12:53,R_2348ksaZW4hDFcp,53.41740417,-2.911193848,anonymous,EN,67,electricity consumption,wiper on,gps on gte 1,h0v0,6,medium,H,M,H,WHAT_Qn,47.3,56.78,25.13,1,310,H,WHAT_Qn_H_M,H_M,2,119.322,45,2.3,55,1.78,28,-2.87,Disagree,0,2,2,4,33,1
15/11/2021 12:10,15/11/2021 12:53,IP Address,82.33.77.60,100,2560,True,15/11/2021 12:53,R_2348ksaZW4hDFcp,53.41740417,-2.911193848,anonymous,EN,29,engine temperature,radio on,wiper on gte 1,h0v0,9,hard,E,E,E,WHAT_Qn,29.25,34.69,26.73,1,405,E,WHAT_Qn_E_H,E_H,3,150.334,28,1.25,35,-0.31,30,-3.27,Neither agree nor disagree,0,3,4,3,34,1
15/11/2021 12:10,15/11/2021 12:53,IP Address,82.33.77.60,100,2560,True,15/11/2021 12:53,R_2348ksaZW4hDFcp,53.41740417,-2.911193848,anonymous,EN,4,suspension force,gps on,wiper on gte 1,h0v0,6,medium,H,E,E,WHAT_Qn,77.35,76.69,28.61,1,462,H,WHAT_Qn_H_M,H_M,2,109.696,80,-2.65,78,-1.31,28,0.61,Agree,1,3,3,4,35,1
15/11/2021 12:13,15/11/2021 12:56,IP Address,109.78.253.68,100,2553,True,15/11/2021 12:56,R_2WwzZE0q9QdM5cH,52.66690063,-8.62739563,anonymous,EN,29,engine temperature,radio on,wiper on gte 1,h0v0,9,hard,E,E,E,WHAT_Ql,7.2,24.27,24.69,1,270,E,WHAT_Ql_E_H,E_H,4,136.471,16,-8.8,26,-1.73,30,-5.31,Disagree,0,4,4,4,36,1
15/11/2021 12:13,15/11/2021 12:56,IP Address,109.78.253.68,100,2553,True,15/11/2021 12:56,R_2WwzZE0q9QdM5cH,52.66690063,-8.62739563,anonymous,EN,1,electricity consumption,gps on,wiper on gte 1,h0v0,9,hard,E,M,E,WHAT_Ql,18.69,85.51,23.59,-1,337,M,WHAT_Ql_M_H,M_H,4,276.875,16,2.69,83,2.51,19,4.59,Neither agree nor disagree,0,4,4,4,37,1
15/11/2021 12:13,15/11/2021 12:56,IP Address,109.78.253.68,100,2553,True,15/11/2021 12:56,R_2WwzZE0q9QdM5cH,52.66690063,-8.62739563,anonymous,EN,4,suspension force,gps on,wiper on gte 1,h0v0,9,hard,H,E,E,WHAT_Ql,4.31,33.52,15.88,1,432,E,WHAT_Ql_E_H,E_H,4,111.059,51,-46.69,29,4.52,22,-6.12,Neither agree nor disagree,0,4,4,4,38,1
15/11/2021 12:13,15/11/2021 12:56,IP Address,109.78.253.68,100,2553,True,15/11/2021 12:56,R_2WwzZE0q9QdM5cH,52.66690063,-8.62739563,anonymous,EN,1,electricity consumption,gps on,wiper on gte 1,h0v0,3,easy,E,E,E,WHAT_Ql,27.33,78.73,27.33,1,273,E,WHAT_Ql_E_E,E_E,4,90.86,23,4.33,77,1.73,23,4.33,Disagree,0,4,4,4,39,1
15/11/2021 12:13,15/11/2021 12:56,IP Address,109.78.253.68,100,2553,True,15/11/2021 12:56,R_2WwzZE0q9QdM5cH,52.66690063,-8.62739563,anonymous,EN,29,engine temperature,radio on,wiper on gte 1,h0v0,8,hard,E,H,E,WHAT_Qn,31.14,34.69,22.19,1,364,E,WHAT_Qn_E_H,E_H,4,190.016,35,-3.86,39,-4.31,29,-6.81,Disagree,0,2,4,4,40,1
15/11/2021 12:13,15/11/2021 12:56,IP Address,109.78.253.68,100,2553,True,15/11/2021 12:56,R_2WwzZE0q9QdM5cH,52.66690063,-8.62739563,anonymous,EN,59,electricity consumption,radio on,wiper on gte 1,h0v0,8,hard,M,M,M,WHAT_Qn,69.29,64.01,36.62,-1,459,M,WHAT_Qn_M_H,M_H,4,285.177,63,6.29,70,-5.99,35,1.62,Disagree,1,2,4,4,41,1
15/11/2021 12:13,15/11/2021 12:56,IP Address,109.78.253.68,100,2553,True,15/11/2021 12:56,R_2WwzZE0q9QdM5cH,52.66690063,-8.62739563,anonymous,EN,4,suspension force,gps on,wiper on gte 1,h0v0,3,easy,H,M,E,WHAT_Ql,13.33,41.37,27.45,1,298,M,WHAT_Ql_M_E,M_E,4,152.924,12,1.33,44,-2.63,27,0.45,Disagree,0,4,4,4,42,1
15/11/2021 12:13,15/11/2021 12:56,IP Address,109.78.253.68,100,2553,True,15/11/2021 12:56,R_2WwzZE0q9QdM5cH,52.66690063,-8.62739563,anonymous,EN,29,engine temperature,radio on,wiper on gte 1,h0v0,9,hard,E,E,E,WHAT_Qn,29.25,34.69,26.73,1,405,E,WHAT_Qn_E_H,E_H,4,131.229,30,-0.75,38,-3.31,24,2.73,Disagree,0,4,4,4,43,1
15/11/2021 12:13,15/11/2021 12:56,IP Address,109.78.253.68,100,2553,True,15/11/2021 12:56,R_2WwzZE0q9QdM5cH,52.66690063,-8.62739563,anonymous,EN,29,engine temperature,radio on,wiper on gte 1,h0v0,6,medium,E,H,E,WHAT_Ql,32.09,109.46,30.24,1,466,H,WHAT_Ql_H_M,H_M,4,178.264,30,2.09,82,27.46,26,4.24,Disagree,0,4,4,4,44,1
15/11/2021 12:13,15/11/2021 13:01,IP Address,41.246.28.129,100,2902,True,15/11/2021 13:01,R_3MzIamoOuLe5uWx,-29.90559387,30.94050598,anonymous,EN,4,suspension force,gps on,wiper on gte 1,h0v0,6,medium,H,M,E,WHAT_Qn,84.3,76.69,19.89,-1,256,H,WHAT_Qn_H_M,H_M,4,175.076,80,4.3,70,6.69,18,1.89,Disagree,1,3,2,3,45,1
15/11/2021 12:13,15/11/2021 13:01,IP Address,41.246.28.129,100,2902,True,15/11/2021 13:01,R_3MzIamoOuLe5uWx,-29.90559387,30.94050598,anonymous,EN,67,electricity consumption,wiper on,gps on gte 1,h0v0,9,hard,H,E,H,WHAT_Qn,48.07,56.78,23.82,1,351,H,WHAT_Qn_H_H,H_H,3,249.188,55,-6.93,60,-3.22,23,0.82,Disagree,0,1,3,3,46,1
15/11/2021 12:13,15/11/2021 13:01,IP Address,41.246.28.129,100,2902,True,15/11/2021 13:01,R_3MzIamoOuLe5uWx,-29.90559387,30.94050598,anonymous,EN,59,electricity consumption,radio on,wiper on gte 1,h0v0,8,hard,M,M,M,WHAT_Qn,71.72,64.01,22.38,1,418,M,WHAT_Qn_M_H,M_H,4,496.643,62,9.72,60,4.01,20,2.38,Disagree,0,2,3,3,47,1
15/11/2021 12:13,15/11/2021 13:01,IP Address,41.246.28.129,100,2902,True,15/11/2021 13:01,R_3MzIamoOuLe5uWx,-29.90559387,30.94050598,anonymous,EN,29,engine temperature,radio on,wiper on gte 1,h0v0,3,easy,E,E,E,WHAT_Qn,31.42,34.69,38.5,1,271,E,WHAT_Qn_E_E,E_E,4,248.556,35,-3.58,41,-6.31,40,-1.5,Neither agree nor disagree,0,3,3,4,48,1
15/11/2021 12:13,15/11/2021 13:01,IP Address,41.246.28.129,100,2902,True,15/11/2021 13:01,R_3MzIamoOuLe5uWx,-29.90559387,30.94050598,anonymous,EN,67,electricity consumption,wiper on,gps on gte 1,h0v0,3,easy,H,M,H,WHAT_Ql,5.15,20.17,38.19,1,352,M,WHAT_Ql_M_E,M_E,5,150.276,6,-0.85,20,0.17,36,2.19,Agree,1,4,3,3,49,1
15/11/2021 12:13,15/11/2021 13:01,IP Address,41.246.28.129,100,2902,True,15/11/2021 13:01,R_3MzIamoOuLe5uWx,-29.90559387,30.94050598,anonymous,EN,4,suspension force,gps on,wiper on gte 1,h0v0,3,easy,H,M,E,WHAT_Qn,80.22,76.69,38.14,1,433,H,WHAT_Qn_H_E,H_E,4,87.715,75,5.22,70,6.69,33,5.14,Agree,1,3,3,4,50,1
15/11/2021 12:13,15/11/2021 13:01,IP Address,41.246.28.129,100,2902,True,15/11/2021 13:01,R_3MzIamoOuLe5uWx,-29.90559387,30.94050598,anonymous,EN,59,electricity consumption,radio on,wiper on gte 1,h0v0,8,hard,M,E,M,WHAT_Ql,4.33,14,18.54,-1,324,E,WHAT_Ql_E_H,E_H,4,114.617,5,-0.67,13,1,19,-0.46,Neither agree nor disagree,0,4,4,4,51,1
15/11/2021 12:13,15/11/2021 13:01,IP Address,41.246.28.129,100,2902,True,15/11/2021 13:01,R_3MzIamoOuLe5uWx,-29.90559387,30.94050598,anonymous,EN,67,electricity consumption,wiper on,gps on gte 1,h0v0,3,easy,H,E,H,WHAT_Ql,0,7.29,38.41,1,381,E,WHAT_Ql_E_E,E_E,3,122.576,0,0,7,0.29,38,0.41,Agree,1,5,4,3,52,1
15/11/2021 12:13,15/11/2021 13:01,IP Address,41.246.28.129,100,2902,True,15/11/2021 13:01,R_3MzIamoOuLe5uWx,-29.90559387,30.94050598,anonymous,EN,59,electricity consumption,radio on,wiper on gte 1,h0v0,3,easy,M,M,M,WHAT_Ql,0.19,15.58,7.29,-1,460,M,WHAT_Ql_M_E,M_E,5,204.177,0,0.19,16,-0.42,7,0.29,Disagree,1,5,4,4,53,1
15/11/2021 12:59,15/11/2021 13:43,IP Address,82.26.79.122,100,2614,True,15/11/2021 13:43,R_yDCNGC9BOnYeBih,53.32020569,-2.141296387,anonymous,EN,1,electricity consumption,gps on,wiper on gte 1,h0v0,3,easy,E,E,E,WHAT_Ql,10.28,78.73,31.54,-1,244,E,WHAT_Ql_E_E,E_E,4,78.873,5,5.28,78,0.73,37,-5.46,Disagree,1,1,5,4,54,1
15/11/2021 12:59,15/11/2021 13:43,IP Address,82.26.79.122,100,2614,True,15/11/2021 13:43,R_yDCNGC9BOnYeBih,53.32020569,-2.141296387,anonymous,EN,67,electricity consumption,wiper on,gps on gte 1,h0v0,9,hard,H,E,H,WHAT_Qn,48.07,56.78,23.82,1,351,H,WHAT_Qn_H_H,H_H,3,412.281,35,13.07,70,-13.22,65,-41.18,Neither agree nor disagree,0,3,2,1,55,1
15/11/2021 12:59,15/11/2021 13:43,IP Address,82.26.79.122,100,2614,True,15/11/2021 13:43,R_yDCNGC9BOnYeBih,53.32020569,-2.141296387,anonymous,EN,59,electricity consumption,radio on,wiper on gte 1,h0v0,8,hard,M,M,M,WHAT_Qn,71.72,64.01,22.38,1,418,M,WHAT_Qn_M_H,M_H,4,83.736,55,16.72,60,4.01,20,2.38,Agree,1,3,2,1,56,1
15/11/2021 12:59,15/11/2021 13:43,IP Address,82.26.79.122,100,2614,True,15/11/2021 13:43,R_yDCNGC9BOnYeBih,53.32020569,-2.141296387,anonymous,EN,1,electricity consumption,gps on,wiper on gte 1,h0v0,3,easy,E,E,E,WHAT_Ql,27.33,78.73,27.33,1,273,E,WHAT_Ql_E_E,E_E,4,148.761,18,9.33,78,0.73,20,7.33,Disagree,0,2,5,2,57,1
15/11/2021 12:59,15/11/2021 13:43,IP Address,82.26.79.122,100,2614,True,15/11/2021 13:43,R_yDCNGC9BOnYeBih,53.32020569,-2.141296387,anonymous,EN,1,electricity consumption,gps on,wiper on gte 1,h0v0,9,hard,E,M,E,WHAT_Ql,29.67,84.11,35.04,1,378,M,WHAT_Ql_M_H,M_H,5,338.398,35,-5.33,85,-0.89,40,-4.96,Disagree,0,2,4,1,58,1
15/11/2021 12:59,15/11/2021 13:43,IP Address,82.26.79.122,100,2614,True,15/11/2021 13:43,R_yDCNGC9BOnYeBih,53.32020569,-2.141296387,anonymous,EN,1,electricity consumption,gps on,wiper on gte 1,h0v0,6,medium,E,H,E,WHAT_Qn,37.18,42.6,37.27,-1,439,E,WHAT_Qn_E_M,E_M,4,139.452,40,-2.82,50,-7.4,35,2.27,Agree,0,3,2,2,59,1
15/11/2021 12:59,15/11/2021 13:43,IP Address,82.26.79.122,100,2614,True,15/11/2021 13:43,R_yDCNGC9BOnYeBih,53.32020569,-2.141296387,anonymous,EN,4,suspension force,gps on,wiper on gte 1,h0v0,3,easy,H,M,E,WHAT_Ql,13.33,41.37,27.45,1,298,M,WHAT_Ql_M_E,M_E,3,85.199,15,-1.67,45,-3.63,27,0.45,Disagree,0,2,3,2,60,1
15/11/2021 12:59,15/11/2021 13:43,IP Address,82.26.79.122,100,2614,True,15/11/2021 13:43,R_yDCNGC9BOnYeBih,53.32020569,-2.141296387,anonymous,EN,67,electricity consumption,wiper on,gps on gte 1,h0v0,3,easy,H,E,H,WHAT_Ql,0,7.29,38.41,1,381,E,WHAT_Ql_E_E,E_E,4,96.706,0,0,7,0.29,30,8.41,Agree,1,5,3,3,61,1
15/11/2021 12:59,15/11/2021 13:43,IP Address,82.26.79.122,100,2614,True,15/11/2021 13:43,R_yDCNGC9BOnYeBih,53.32020569,-2.141296387,anonymous,EN,59,electricity consumption,radio on,wiper on gte 1,h0v0,3,easy,M,M,M,WHAT_Ql,0.19,15.58,7.29,-1,460,M,WHAT_Ql_M_E,M_E,4,296.306,20,-19.81,30,-14.42,20,-12.71,Disagree,1,2,3,3,62,1
15/11/2021 14:00,15/11/2021 14:16,IP Address,124.176.50.45,100,986,True,15/11/2021 14:16,R_2DZhsugGTzRu4kr,-27.46789551,153.0325012,anonymous,EN,1,electricity consumption,gps on,wiper on gte 1,h0v0,3,easy,E,E,E,WHAT_Ql,10.28,78.73,31.54,-1,244,E,WHAT_Ql_E_E,E_E,2,105.909,20,-9.72,78,0.73,30,1.54,Neither agree nor disagree,0,2,3,0,0,2
15/11/2021 14:00,15/11/2021 14:16,IP Address,124.176.50.45,100,986,True,15/11/2021 14:16,R_2DZhsugGTzRu4kr,-27.46789551,153.0325012,anonymous,EN,67,electricity consumption,wiper on,gps on gte 1,h0v0,9,hard,H,E,H,WHAT_Qn,48.07,56.78,23.82,1,351,H,WHAT_Qn_H_H,H_H,1,28.071,36,12.07,53,3.78,38,-14.18,Neither agree nor disagree,0,1,1,1,1,2
15/11/2021 14:00,15/11/2021 14:16,IP Address,124.176.50.45,100,986,True,15/11/2021 14:16,R_2DZhsugGTzRu4kr,-27.46789551,153.0325012,anonymous,EN,59,electricity consumption,radio on,wiper on gte 1,h0v0,8,hard,M,M,M,WHAT_Qn,71.72,64.01,22.38,1,418,M,WHAT_Qn_M_H,M_H,1,36.013,24,47.72,32,32.01,70,-47.62,Neither agree nor disagree,0,0,1,1,2,2
15/11/2021 14:00,15/11/2021 14:16,IP Address,124.176.50.45,100,986,True,15/11/2021 14:16,R_2DZhsugGTzRu4kr,-27.46789551,153.0325012,anonymous,EN,67,electricity consumption,wiper on,gps on gte 1,h0v0,6,medium,H,E,H,WHAT_Qn,51.15,56.78,51.3,1,277,H,WHAT_Qn_H_M,H_M,0,137.174,55,-3.85,65,-8.22,66,-14.7,Neither agree nor disagree,0,1,1,4,3,2
15/11/2021 14:00,15/11/2021 14:16,IP Address,124.176.50.45,100,986,True,15/11/2021 14:16,R_2DZhsugGTzRu4kr,-27.46789551,153.0325012,anonymous,EN,59,electricity consumption,radio on,wiper on gte 1,h0v0,3,easy,M,M,M,WHAT_Qn,75.46,64.01,19.18,1,354,M,WHAT_Qn_M_E,M_E,0,34.278,55,20.46,40,24.01,35,-15.82,Neither agree nor disagree,0,1,0,0,4,2
15/11/2021 14:00,15/11/2021 14:16,IP Address,124.176.50.45,100,986,True,15/11/2021 14:16,R_2DZhsugGTzRu4kr,-27.46789551,153.0325012,anonymous,EN,67,electricity consumption,wiper on,gps on gte 1,h0v0,9,hard,H,H,H,WHAT_Ql,1.93,21.24,16.73,1,445,H,WHAT_Ql_H_H,H_H,1,22.13,39,-37.07,24,-2.76,28,-11.27,Neither agree nor disagree,0,0,0,1,5,2
15/11/2021 14:00,15/11/2021 14:16,IP Address,124.176.50.45,100,986,True,15/11/2021 14:16,R_2DZhsugGTzRu4kr,-27.46789551,153.0325012,anonymous,EN,67,electricity consumption,wiper on,gps on gte 1,h0v0,6,medium,H,M,H,WHAT_Qn,47.3,56.78,25.13,1,310,H,WHAT_Qn_H_M,H_M,1,64.193,36,11.3,57,-0.22,20,5.13,Neither agree nor disagree,0,1,1,2,6,2
15/11/2021 14:00,15/11/2021 14:16,IP Address,124.176.50.45,100,986,True,15/11/2021 14:16,R_2DZhsugGTzRu4kr,-27.46789551,153.0325012,anonymous,EN,1,electricity consumption,gps on,wiper on gte 1,h0v0,3,easy,E,M,E,WHAT_Qn,26.3,42.6,13.33,-1,379,E,WHAT_Qn_E_E,E_E,1,29.712,34,-7.7,48,-5.4,67,-53.67,Neither agree nor disagree,0,1,2,1,7,2
15/11/2021 14:00,15/11/2021 14:16,IP Address,124.176.50.45,100,986,True,15/11/2021 14:16,R_2DZhsugGTzRu4kr,-27.46789551,153.0325012,anonymous,EN,59,electricity consumption,radio on,wiper on gte 1,h0v0,3,easy,M,M,M,WHAT_Ql,0.19,15.58,7.29,-1,460,M,WHAT_Ql_M_E,M_E,1,90.162,20,-19.81,35,-19.42,30,-22.71,Neither agree nor disagree,0,3,3,1,8,2
15/11/2021 13:57,15/11/2021 14:20,IP Address,82.31.69.96,100,1392,True,15/11/2021 14:20,R_ZwxOkHCP2410fUl,53.15530396,-0.62159729,anonymous,EN,4,suspension force,gps on,wiper on gte 1,h0v0,6,medium,H,M,E,WHAT_Qn,84.3,76.69,19.89,-1,256,H,WHAT_Qn_H_M,H_M,3,84.548,85,-0.7,72,4.69,18,1.89,Disagree,1,4,4,5,9,2
15/11/2021 13:57,15/11/2021 14:20,IP Address,82.31.69.96,100,1392,True,15/11/2021 14:20,R_ZwxOkHCP2410fUl,53.15530396,-0.62159729,anonymous,EN,4,suspension force,gps on,wiper on gte 1,h0v0,3,easy,H,M,E,WHAT_Ql,8.62,58.43,10.19,-1,327,M,WHAT_Ql_M_E,M_E,3,60,10,-1.38,10,48.43,10,0.19,Disagree,1,3,3,3,10,2
15/11/2021 13:57,15/11/2021 14:20,IP Address,82.31.69.96,100,1392,True,15/11/2021 14:20,R_ZwxOkHCP2410fUl,53.15530396,-0.62159729,anonymous,EN,29,engine temperature,radio on,wiper on gte 1,h0v0,3,easy,E,E,E,WHAT_Ql,0,24.27,10.9,1,406,E,WHAT_Ql_E_E,E_E,4,84.418,0,0,24,0.27,17,-6.1,Disagree,0,5,5,5,11,2
15/11/2021 13:57,15/11/2021 14:20,IP Address,82.31.69.96,100,1392,True,15/11/2021 14:20,R_ZwxOkHCP2410fUl,53.15530396,-0.62159729,anonymous,EN,4,suspension force,gps on,wiper on gte 1,h0v0,9,hard,H,E,E,WHAT_Qn,70.77,76.69,20.7,-1,297,H,WHAT_Qn_H_H,H_H,3,149.704,68,2.77,72,4.69,33,-12.3,Neither agree nor disagree,0,4,4,4,12,2
15/11/2021 13:57,15/11/2021 14:20,IP Address,82.31.69.96,100,1392,True,15/11/2021 14:20,R_ZwxOkHCP2410fUl,53.15530396,-0.62159729,anonymous,EN,1,electricity consumption,gps on,wiper on gte 1,h0v0,9,hard,E,M,E,WHAT_Ql,29.67,84.11,35.04,1,378,M,WHAT_Ql_M_H,M_H,4,85.122,30,-0.33,85,-0.89,38,-2.96,Disagree,0,4,5,4,13,2
15/11/2021 13:57,15/11/2021 14:20,IP Address,82.31.69.96,100,1392,True,15/11/2021 14:20,R_ZwxOkHCP2410fUl,53.15530396,-0.62159729,anonymous,EN,4,suspension force,gps on,wiper on gte 1,h0v0,3,easy,H,M,E,WHAT_Qn,80.22,76.69,38.14,1,433,H,WHAT_Qn_H_E,H_E,3,72.291,80,0.22,72,4.69,32,6.14,Disagree,0,4,4,5,14,2
15/11/2021 13:57,15/11/2021 14:20,IP Address,82.31.69.96,100,1392,True,15/11/2021 14:20,R_ZwxOkHCP2410fUl,53.15530396,-0.62159729,anonymous,EN,1,electricity consumption,gps on,wiper on gte 1,h0v0,6,medium,E,M,E,WHAT_Ql,14.95,84.11,17.28,-1,304,M,WHAT_Ql_M_M,M_M,2,150.253,18,-3.05,20,64.11,22,-4.72,Disagree,1,1,4,4,15,2
15/11/2021 13:57,15/11/2021 14:20,IP Address,82.31.69.96,100,1392,True,15/11/2021 14:20,R_ZwxOkHCP2410fUl,53.15530396,-0.62159729,anonymous,EN,29,engine temperature,radio on,wiper on gte 1,h0v0,9,hard,E,E,E,WHAT_Qn,29.25,34.69,26.73,1,405,E,WHAT_Qn_E_H,E_H,3,129.885,27,2.25,32,2.69,20,6.73,Neither agree nor disagree,0,3,3,4,16,2
15/11/2021 13:57,15/11/2021 14:20,IP Address,82.31.69.96,100,1392,True,15/11/2021 14:20,R_ZwxOkHCP2410fUl,53.15530396,-0.62159729,anonymous,EN,1,electricity consumption,gps on,wiper on gte 1,h0v0,9,hard,E,M,E,WHAT_Qn,49.46,42.6,33.03,-1,472,E,WHAT_Qn_E_H,E_H,2,147.817,62,-12.54,42,0.6,27,6.03,Agree,0,4,4,4,17,2
15/11/2021 14:02,15/11/2021 14:22,IP Address,121.75.127.253,100,1223,True,15/11/2021 14:22,R_STTBmI166EiBsv7,-41.36749268,174.7153015,anonymous,EN,59,electricity consumption,radio on,wiper on gte 1,h0v0,6,medium,M,M,M,WHAT_Ql,0.59,15.58,11.63,-1,250,M,WHAT_Ql_M_M,M_M,4,64.199,1,-0.41,15,0.58,10,1.63,Neither agree nor disagree,0,4,4,4,18,2
15/11/2021 14:02,15/11/2021 14:22,IP Address,121.75.127.253,100,1223,True,15/11/2021 14:22,R_STTBmI166EiBsv7,-41.36749268,174.7153015,anonymous,EN,4,suspension force,gps on,wiper on gte 1,h0v0,3,easy,H,M,E,WHAT_Ql,8.62,58.43,10.19,-1,327,M,WHAT_Ql_M_E,M_E,5,62.502,10,-1.38,53,5.43,11,-0.81,Disagree,1,4,4,4,19,2
15/11/2021 14:02,15/11/2021 14:22,IP Address,121.75.127.253,100,1223,True,15/11/2021 14:22,R_STTBmI166EiBsv7,-41.36749268,174.7153015,anonymous,EN,4,suspension force,gps on,wiper on gte 1,h0v0,9,hard,H,E,E,WHAT_Ql,4.31,33.52,15.88,1,432,E,WHAT_Ql_E_H,E_H,5,74.331,8,-3.69,33,0.52,24,-8.12,Disagree,0,4,4,4,20,2
15/11/2021 14:02,15/11/2021 14:22,IP Address,121.75.127.253,100,1223,True,15/11/2021 14:22,R_STTBmI166EiBsv7,-41.36749268,174.7153015,anonymous,EN,1,electricity consumption,gps on,wiper on gte 1,h0v0,3,easy,E,E,E,WHAT_Ql,27.33,78.73,27.33,1,273,E,WHAT_Ql_E_E,E_E,5,133.231,30,-2.67,78,0.73,30,-2.67,Disagree,0,4,5,4,21,2
15/11/2021 14:02,15/11/2021 14:22,IP Address,121.75.127.253,100,1223,True,15/11/2021 14:22,R_STTBmI166EiBsv7,-41.36749268,174.7153015,anonymous,EN,1,electricity consumption,gps on,wiper on gte 1,h0v0,9,hard,E,M,E,WHAT_Ql,29.67,84.11,35.04,1,378,M,WHAT_Ql_M_H,M_H,3,94.498,25,4.67,85,-0.89,35,0.04,Disagree,0,3,4,3,22,2
15/11/2021 14:02,15/11/2021 14:22,IP Address,121.75.127.253,100,1223,True,15/11/2021 14:22,R_STTBmI166EiBsv7,-41.36749268,174.7153015,anonymous,EN,29,engine temperature,radio on,wiper on gte 1,h0v0,6,medium,E,H,E,WHAT_Ql,25.92,71.6,37.24,1,435,H,WHAT_Ql_H_M,H_M,4,120.866,40,-14.08,80,-8.4,38,-0.76,Disagree,0,4,4,4,23,2
15/11/2021 14:02,15/11/2021 14:22,IP Address,121.75.127.253,100,1223,True,15/11/2021 14:22,R_STTBmI166EiBsv7,-41.36749268,174.7153015,anonymous,EN,29,engine temperature,radio on,wiper on gte 1,h0v0,3,easy,E,E,E,WHAT_Qn,20.11,34.69,14.43,1,300,E,WHAT_Qn_E_E,E_E,4,80.667,17,3.11,30,4.69,15,-0.57,Agree,1,4,4,4,24,2
15/11/2021 14:02,15/11/2021 14:22,IP Address,121.75.127.253,100,1223,True,15/11/2021 14:22,R_STTBmI166EiBsv7,-41.36749268,174.7153015,anonymous,EN,67,electricity consumption,wiper on,gps on gte 1,h0v0,3,easy,H,E,H,WHAT_Ql,0,7.29,38.41,1,381,E,WHAT_Ql_E_E,E_E,4,71.369,0,0,8,-0.71,35,3.41,Neither agree nor disagree,0,5,4,4,25,2
15/11/2021 14:02,15/11/2021 14:22,IP Address,121.75.127.253,100,1223,True,15/11/2021 14:22,R_STTBmI166EiBsv7,-41.36749268,174.7153015,anonymous,EN,29,engine temperature,radio on,wiper on gte 1,h0v0,6,medium,E,H,E,WHAT_Ql,32.09,109.46,30.24,1,466,H,WHAT_Ql_H_M,H_M,4,70.214,32,0.09,80,29.46,30,0.24,Disagree,0,4,4,4,26,2
15/11/2021 14:03,15/11/2021 14:33,IP Address,86.27.101.172,100,1812,True,15/11/2021 14:33,R_3JsgqjMCkYbscq0,54.55540466,-1.515106201,anonymous,EN,59,electricity consumption,radio on,wiper on gte 1,h0v0,6,medium,M,M,M,WHAT_Ql,0.59,15.58,11.63,-1,250,M,WHAT_Ql_M_M,M_M,4,83.885,1,-0.41,13,2.58,13,-1.37,Agree,0,5,4,4,27,2
15/11/2021 14:03,15/11/2021 14:33,IP Address,86.27.101.172,100,1812,True,15/11/2021 14:33,R_3JsgqjMCkYbscq0,54.55540466,-1.515106201,anonymous,EN,59,electricity consumption,radio on,wiper on gte 1,h0v0,3,easy,M,E,M,WHAT_Qn,63.33,64.01,11.04,1,325,M,WHAT_Qn_M_E,M_E,4,145.07,70,-6.67,65,-0.99,8,3.04,Disagree,0,3,2,3,28,2
15/11/2021 14:03,15/11/2021 14:33,IP Address,86.27.101.172,100,1812,True,15/11/2021 14:33,R_3JsgqjMCkYbscq0,54.55540466,-1.515106201,anonymous,EN,67,electricity consumption,wiper on,gps on gte 1,h0v0,6,medium,H,H,H,WHAT_Ql,10.72,21.24,50.85,1,412,H,WHAT_Ql_H_M,H_M,3,170.951,8,2.72,18,3.24,50,0.85,Agree,1,4,4,4,29,2
15/11/2021 14:03,15/11/2021 14:33,IP Address,86.27.101.172,100,1812,True,15/11/2021 14:33,R_3JsgqjMCkYbscq0,54.55540466,-1.515106201,anonymous,EN,29,engine temperature,radio on,wiper on gte 1,h0v0,3,easy,E,E,E,WHAT_Qn,31.42,34.69,38.5,1,271,E,WHAT_Qn_E_E,E_E,3,103.805,30,1.42,40,-5.31,36,2.5,Disagree,0,2,2,4,30,2
15/11/2021 14:03,15/11/2021 14:33,IP Address,86.27.101.172,100,1812,True,15/11/2021 14:33,R_3JsgqjMCkYbscq0,54.55540466,-1.515106201,anonymous,EN,4,suspension force,gps on,wiper on gte 1,h0v0,6,medium,H,M,E,WHAT_Ql,24.5,75.88,30.78,1,358,M,WHAT_Ql_M_M,M_M,4,305.042,25,-0.5,75,0.88,30,0.78,Disagree,0,4,4,3,31,2
15/11/2021 14:03,15/11/2021 14:33,IP Address,86.27.101.172,100,1812,True,15/11/2021 14:33,R_3JsgqjMCkYbscq0,54.55540466,-1.515106201,anonymous,EN,29,engine temperature,radio on,wiper on gte 1,h0v0,6,medium,E,H,E,WHAT_Ql,25.92,71.6,37.24,1,435,H,WHAT_Ql_H_M,H_M,5,175.143,24,1.92,70,1.6,32,5.24,Agree,1,4,4,4,32,2
15/11/2021 14:03,15/11/2021 14:33,IP Address,86.27.101.172,100,1812,True,15/11/2021 14:33,R_3JsgqjMCkYbscq0,54.55540466,-1.515106201,anonymous,EN,1,electricity consumption,gps on,wiper on gte 1,h0v0,6,medium,E,M,E,WHAT_Ql,14.95,84.11,17.28,-1,304,M,WHAT_Ql_M_M,M_M,4,85.404,12,2.95,84,0.11,15,2.28,Agree,0,4,4,4,33,2
15/11/2021 14:03,15/11/2021 14:33,IP Address,86.27.101.172,100,1812,True,15/11/2021 14:33,R_3JsgqjMCkYbscq0,54.55540466,-1.515106201,anonymous,EN,29,engine temperature,radio on,wiper on gte 1,h0v0,9,hard,E,E,E,WHAT_Qn,29.25,34.69,26.73,1,405,E,WHAT_Qn_E_H,E_H,4,90.376,25,4.25,30,4.69,20,6.73,Disagree,0,3,2,4,34,2
15/11/2021 14:03,15/11/2021 14:33,IP Address,86.27.101.172,100,1812,True,15/11/2021 14:33,R_3JsgqjMCkYbscq0,54.55540466,-1.515106201,anonymous,EN,1,electricity consumption,gps on,wiper on gte 1,h0v0,9,hard,E,M,E,WHAT_Qn,49.46,42.6,33.03,-1,472,E,WHAT_Qn_E_H,E_H,4,81.158,45,4.46,40,2.6,28,5.03,Neither agree nor disagree,0,2,2,3,35,2
15/11/2021 14:05,15/11/2021 14:37,IP Address,217.44.4.9,100,1937,True,15/11/2021 14:37,R_2EFD1teRYjrTJKl,55.83079529,-4.490997314,anonymous,EN,29,engine temperature,radio on,wiper on gte 1,h0v0,9,hard,E,E,E,WHAT_Ql,7.2,24.27,24.69,1,270,E,WHAT_Ql_E_H,E_H,4,339.163,54,-46.8,23,1.27,31,-6.31,Neither agree nor disagree,0,5,5,5,36,2
15/11/2021 14:05,15/11/2021 14:37,IP Address,217.44.4.9,100,1937,True,15/11/2021 14:37,R_2EFD1teRYjrTJKl,55.83079529,-4.490997314,anonymous,EN,29,engine temperature,radio on,wiper on gte 1,h0v0,6,medium,E,H,E,WHAT_Qn,30.71,34.69,22.19,1,331,E,WHAT_Qn_E_M,E_M,5,110.65,34,-3.29,36,-1.31,23,-0.81,Agree,1,4,4,4,37,2
15/11/2021 14:05,15/11/2021 14:37,IP Address,217.44.4.9,100,1937,True,15/11/2021 14:37,R_2EFD1teRYjrTJKl,55.83079529,-4.490997314,anonymous,EN,59,electricity consumption,radio on,wiper on gte 1,h0v0,8,hard,M,M,M,WHAT_Qn,71.72,64.01,22.38,1,418,M,WHAT_Qn_M_H,M_H,5,166.237,76,-4.28,71,-6.99,20,2.38,Disagree,0,5,4,5,38,2
15/11/2021 14:05,15/11/2021 14:37,IP Address,217.44.4.9,100,1937,True,15/11/2021 14:37,R_2EFD1teRYjrTJKl,55.83079529,-4.490997314,anonymous,EN,29,engine temperature,radio on,wiper on gte 1,h0v0,3,easy,E,E,E,WHAT_Qn,31.42,34.69,38.5,1,271,E,WHAT_Qn_E_E,E_E,5,193.365,15,16.42,25,9.69,35,3.5,Agree,1,5,5,5,39,2
15/11/2021 14:05,15/11/2021 14:37,IP Address,217.44.4.9,100,1937,True,15/11/2021 14:37,R_2EFD1teRYjrTJKl,55.83079529,-4.490997314,anonymous,EN,4,suspension force,gps on,wiper on gte 1,h0v0,6,medium,H,M,E,WHAT_Ql,24.5,75.88,30.78,1,358,M,WHAT_Ql_M_M,M_M,5,108.035,80,-55.5,74,1.88,7,23.78,Disagree,0,5,5,5,40,2
15/11/2021 14:05,15/11/2021 14:37,IP Address,217.44.4.9,100,1937,True,15/11/2021 14:37,R_2EFD1teRYjrTJKl,55.83079529,-4.490997314,anonymous,EN,67,electricity consumption,wiper on,gps on gte 1,h0v0,9,hard,H,H,H,WHAT_Ql,1.93,21.24,16.73,1,445,H,WHAT_Ql_H_H,H_H,5,99.417,37,-35.07,23,-1.76,14,2.73,Agree,1,5,5,5,41,2
15/11/2021 14:05,15/11/2021 14:37,IP Address,217.44.4.9,100,1937,True,15/11/2021 14:37,R_2EFD1teRYjrTJKl,55.83079529,-4.490997314,anonymous,EN,4,suspension force,gps on,wiper on gte 1,h0v0,3,easy,H,M,E,WHAT_Ql,13.33,41.37,27.45,1,298,M,WHAT_Ql_M_E,M_E,4,152.257,69,-55.67,41,0.37,28,-0.55,Neither agree nor disagree,0,5,5,5,42,2
15/11/2021 14:05,15/11/2021 14:37,IP Address,217.44.4.9,100,1937,True,15/11/2021 14:37,R_2EFD1teRYjrTJKl,55.83079529,-4.490997314,anonymous,EN,67,electricity consumption,wiper on,gps on gte 1,h0v0,3,easy,H,E,H,WHAT_Ql,0,7.29,38.41,1,381,E,WHAT_Ql_E_E,E_E,5,95.428,47,-47,9,-1.71,38,0.41,Agree,1,5,5,5,43,2
15/11/2021 14:05,15/11/2021 14:37,IP Address,217.44.4.9,100,1937,True,15/11/2021 14:37,R_2EFD1teRYjrTJKl,55.83079529,-4.490997314,anonymous,EN,67,electricity consumption,wiper on,gps on gte 1,h0v0,9,hard,H,E,H,WHAT_Ql,1.28,7.29,19.74,1,486,E,WHAT_Ql_E_H,E_H,5,59.392,27,-25.72,8,-0.71,19,0.74,Agree,1,5,5,5,44,2
15/11/2021 15:00,15/11/2021 15:12,IP Address,94.173.159.5,100,697,True,15/11/2021 15:12,R_1LpAijXYOmxLcrJ,52.5296936,-1.854293823,anonymous,EN,1,electricity consumption,gps on,wiper on gte 1,h0v0,3,easy,E,E,E,WHAT_Ql,10.28,78.73,31.54,-1,244,E,WHAT_Ql_E_E,E_E,4,37.523,100,-89.72,78,0.73,21,10.54,Agree,0,4,4,4,45,2
15/11/2021 15:00,15/11/2021 15:12,IP Address,94.173.159.5,100,697,True,15/11/2021 15:12,R_1LpAijXYOmxLcrJ,52.5296936,-1.854293823,anonymous,EN,67,electricity consumption,wiper on,gps on gte 1,h0v0,9,hard,H,E,H,WHAT_Qn,48.07,56.78,23.82,1,351,H,WHAT_Qn_H_H,H_H,3,57.083,43,5.07,75,-18.22,33,-9.18,Agree,1,4,3,4,46,2
15/11/2021 15:00,15/11/2021 15:12,IP Address,94.173.159.5,100,697,True,15/11/2021 15:12,R_1LpAijXYOmxLcrJ,52.5296936,-1.854293823,anonymous,EN,59,electricity consumption,radio on,wiper on gte 1,h0v0,8,hard,M,M,M,WHAT_Qn,71.72,64.01,22.38,1,418,M,WHAT_Qn_M_H,M_H,3,32.701,54,17.72,61,3.01,35,-12.62,Agree,1,3,4,4,47,2
15/11/2021 15:00,15/11/2021 15:12,IP Address,94.173.159.5,100,697,True,15/11/2021 15:12,R_1LpAijXYOmxLcrJ,52.5296936,-1.854293823,anonymous,EN,67,electricity consumption,wiper on,gps on gte 1,h0v0,6,medium,H,E,H,WHAT_Qn,51.15,56.78,51.3,1,277,H,WHAT_Qn_H_M,H_M,3,111.081,60,-8.85,84,-27.22,61,-9.7,Neither agree nor disagree,0,3,4,3,48,2
15/11/2021 15:00,15/11/2021 15:12,IP Address,94.173.159.5,100,697,True,15/11/2021 15:12,R_1LpAijXYOmxLcrJ,52.5296936,-1.854293823,anonymous,EN,59,electricity consumption,radio on,wiper on gte 1,h0v0,3,easy,M,M,M,WHAT_Qn,75.46,64.01,19.18,1,354,M,WHAT_Qn_M_E,M_E,3,29.444,57,18.46,51,13.01,30,-10.82,Agree,1,4,4,4,49,2
15/11/2021 15:00,15/11/2021 15:12,IP Address,94.173.159.5,100,697,True,15/11/2021 15:12,R_1LpAijXYOmxLcrJ,52.5296936,-1.854293823,anonymous,EN,59,electricity consumption,radio on,wiper on gte 1,h0v0,8,hard,M,M,M,WHAT_Qn,69.29,64.01,36.62,-1,459,M,WHAT_Qn_M_H,M_H,2,40.992,90,-20.71,59,5.01,36,0.62,Neither agree nor disagree,0,4,3,4,50,2
15/11/2021 15:00,15/11/2021 15:12,IP Address,94.173.159.5,100,697,True,15/11/2021 15:12,R_1LpAijXYOmxLcrJ,52.5296936,-1.854293823,anonymous,EN,1,electricity consumption,gps on,wiper on gte 1,h0v0,6,medium,E,M,E,WHAT_Ql,14.95,84.11,17.28,-1,304,M,WHAT_Ql_M_M,M_M,2,72.963,16,-1.05,82,2.11,39,-21.72,Neither agree nor disagree,0,3,3,3,51,2
15/11/2021 15:00,15/11/2021 15:12,IP Address,94.173.159.5,100,697,True,15/11/2021 15:12,R_1LpAijXYOmxLcrJ,52.5296936,-1.854293823,anonymous,EN,1,electricity consumption,gps on,wiper on gte 1,h0v0,3,easy,E,M,E,WHAT_Qn,26.3,42.6,13.33,-1,379,E,WHAT_Qn_E_E,E_E,5,45.446,31,-4.7,30,12.6,23,-9.67,Agree,0,3,3,3,52,2
15/11/2021 15:00,15/11/2021 15:12,IP Address,94.173.159.5,100,697,True,15/11/2021 15:12,R_1LpAijXYOmxLcrJ,52.5296936,-1.854293823,anonymous,EN,29,engine temperature,radio on,wiper on gte 1,h0v0,6,medium,E,H,E,WHAT_Ql,32.09,109.46,30.24,1,466,H,WHAT_Ql_H_M,H_M,4,51.059,95,-62.91,73,36.46,40,-9.76,Agree,1,4,4,3,53,2
