StartDate,EndDate,Status,IPAddress,Progress,Duration_in_seconds,Finished,RecordedDate,ResponseId,LocationLatitude,LocationLongitude,DistributionChannel,UserLanguage,idc,drawnQn,drawnQl,queryString,flips,nMasks,dMask,dComplex_Qn,dComplex_Ql,dComplex_Where,focus,bslnA1,bslnA2,bslnA3,bslnB,cntrQ,dComplex_focus,info_focus_dComplex_dMask,info_dComplex_dMask,trustB,t,answerA1,diffA1,answerA2,diffA2,answerA3,diffA3,answerB,correctB,trustA1,trustA2,trustA3,uniqueCntrQuestion,distractor
14/11/2021 16:44,14/11/2021 16:57,IP Address,90.255.120.156,100,743,True,14/11/2021 16:57,R_3mb1YLlUzpSou3o,53.58659363,-2.435394287,anonymous,EN,67,electricity consumption,wiper on,gps on gte 1,h0v0,3,easy,H,M,H,WHAT_Qn,52.06,56.78,19.63,1,246,H,WHAT_Qn_H_E,H_E,5,44.955,55,-2.94,60,-3.22,20,-0.37,Neither agree nor disagree,0,5,5,5,0,n
14/11/2021 16:44,14/11/2021 16:57,IP Address,90.255.120.156,100,743,True,14/11/2021 16:57,R_3mb1YLlUzpSou3o,53.58659363,-2.435394287,anonymous,EN,59,electricity consumption,radio on,wiper on gte 1,h0v0,3,easy,M,E,M,WHAT_Qn,63.33,64.01,11.04,1,325,M,WHAT_Qn_M_E,M_E,5,55.353,65,-1.67,70,-5.99,10,1.04,Disagree,0,5,2,5,1,n
14/11/2021 16:44,14/11/2021 16:57,IP Address,90.255.120.156,100,743,True,14/11/2021 16:57,R_3mb1YLlUzpSou3o,53.58659363,-2.435394287,anonymous,EN,1,electricity consumption,gps on,wiper on gte 1,h0v0,5,medium,E,M,E,WHAT_Qn,43.35,42.6,13.03,-1,408,E,WHAT_Qn_E_M,E_M,5,57.128,51,-7.65,44,-1.4,11,2.03,Disagree,1,5,5,5,2,n
14/11/2021 16:44,14/11/2021 16:57,IP Address,90.255.120.156,100,743,True,14/11/2021 16:57,R_3mb1YLlUzpSou3o,53.58659363,-2.435394287,anonymous,EN,1,electricity consumption,gps on,wiper on gte 1,h0v0,3,easy,E,E,E,WHAT_Ql,27.33,78.73,27.33,1,273,E,WHAT_Ql_E_E,E_E,5,53.544,29,-1.67,29,49.73,29,-1.67,Agree,1,5,5,5,3,n
14/11/2021 16:44,14/11/2021 16:57,IP Address,90.255.120.156,100,743,True,14/11/2021 16:57,R_3mb1YLlUzpSou3o,53.58659363,-2.435394287,anonymous,EN,59,electricity consumption,radio on,wiper on gte 1,h0v0,3,easy,M,M,M,WHAT_Ql,2.56,15.58,16.37,1,354,M,WHAT_Ql_M_E,M_E,5,81.111,2,0.56,15,0.58,15,1.37,Agree,1,5,3,5,4,n
14/11/2021 16:44,14/11/2021 16:57,IP Address,90.255.120.156,100,743,True,14/11/2021 16:57,R_3mb1YLlUzpSou3o,53.58659363,-2.435394287,anonymous,EN,59,electricity consumption,radio on,wiper on gte 1,h0v0,8,hard,M,M,M,WHAT_Ql,5.71,15.58,33.33,1,459,M,WHAT_Ql_M_H,M_H,2,69.805,5,0.71,15,0.58,28,5.33,Disagree,0,5,5,5,5,n
14/11/2021 16:44,14/11/2021 16:57,IP Address,90.255.120.156,100,743,True,14/11/2021 16:57,R_3mb1YLlUzpSou3o,53.58659363,-2.435394287,anonymous,EN,67,electricity consumption,wiper on,gps on gte 1,h0v0,6,medium,H,M,H,WHERE,27.96,25.28,25.19,-1,310,H,WHERE_H_M,H_M,5,61.342,43,-15.04,29,-3.72,29,-3.81,Neither agree nor disagree,0,4,3,4,6,n
14/11/2021 16:44,14/11/2021 16:57,IP Address,90.255.120.156,100,743,True,14/11/2021 16:57,R_3mb1YLlUzpSou3o,53.58659363,-2.435394287,anonymous,EN,1,electricity consumption,gps on,wiper on gte 1,h0v0,3,easy,E,M,E,WHERE,13.46,15.53,13.37,-1,379,E,WHERE_E_E,E_E,4,78.083,74,-60.54,50,-34.47,20,-6.63,Neither agree nor disagree,0,4,3,4,120,n
14/11/2021 16:44,14/11/2021 16:57,IP Address,90.255.120.156,100,743,True,14/11/2021 16:57,R_3mb1YLlUzpSou3o,53.58659363,-2.435394287,anonymous,EN,59,electricity consumption,radio on,wiper on gte 1,h0v0,3,easy,M,M,M,WHERE,65.92,38.08,7.87,1,460,M,WHERE_M_E,M_E,4,102.925,8,57.92,25,13.08,8,-0.13,Agree,1,4,3,4,121,n
14/11/2021 16:56,14/11/2021 19:20,IP Address,208.110.122.44,100,8609,True,14/11/2021 19:20,R_25MkQnaPt2yen3H,49.87159729,-97.13639832,anonymous,EN,29,engine temperature,radio on,wiper on gte 1,h0v0,9,hard,E,E,E,WHAT_Qn,27.13,34.69,24.33,-1,270,E,WHAT_Qn_E_H,E_H,4,976.711,25,2.13,40,-5.31,25,-0.67,Disagree,1,3,3,3,67,n
14/11/2021 16:56,14/11/2021 19:20,IP Address,208.110.122.44,100,8609,True,14/11/2021 19:20,R_25MkQnaPt2yen3H,49.87159729,-97.13639832,anonymous,EN,1,electricity consumption,gps on,wiper on gte 1,h0v0,9,hard,E,M,E,WHAT_Qn,46.44,42.6,28.48,-1,337,E,WHAT_Qn_E_H,E_H,3,245.889,45,1.44,45,-2.4,30,-1.52,Disagree,1,3,3,3,68,n
14/11/2021 16:56,14/11/2021 19:20,IP Address,208.110.122.44,100,8609,True,14/11/2021 19:20,R_25MkQnaPt2yen3H,49.87159729,-97.13639832,anonymous,EN,67,electricity consumption,wiper on,gps on gte 1,h0v0,6,medium,H,H,H,WHAT_Qn,55.88,56.78,49.47,1,412,H,WHAT_Qn_H_M,H_M,3,303.617,50,5.88,44,12.78,45,4.47,Agree,1,3,4,3,69,n
14/11/2021 16:56,14/11/2021 19:20,IP Address,208.110.122.44,100,8609,True,14/11/2021 19:20,R_25MkQnaPt2yen3H,49.87159729,-97.13639832,anonymous,EN,59,electricity consumption,radio on,wiper on gte 1,h0v0,6,medium,M,E,M,WHAT_Ql,5.52,14,38.06,-1,283,E,WHAT_Ql_E_M,E_M,4,110.22,5,0.52,20,-6,37,1.06,Agree,0,4,3,3,70,n
14/11/2021 16:56,14/11/2021 19:20,IP Address,208.110.122.44,100,8609,True,14/11/2021 19:20,R_25MkQnaPt2yen3H,49.87159729,-97.13639832,anonymous,EN,67,electricity consumption,wiper on,gps on gte 1,h0v0,3,easy,H,M,H,WHAT_Ql,5.15,20.17,38.19,1,352,M,WHAT_Ql_M_E,M_E,4,196.176,55,-49.85,22,-1.83,33,5.19,Agree,1,3,3,3,71,n
14/11/2021 16:56,14/11/2021 19:20,IP Address,208.110.122.44,100,8609,True,14/11/2021 19:20,R_25MkQnaPt2yen3H,49.87159729,-97.13639832,anonymous,EN,1,electricity consumption,gps on,wiper on gte 1,h0v0,6,medium,E,H,E,WHAT_Ql,34.11,88.08,35.51,1,439,H,WHAT_Ql_H_M,H_M,4,397.612,27,7.11,86,2.08,25,10.51,Disagree,0,3,3,3,72,n
14/11/2021 16:56,14/11/2021 19:20,IP Address,208.110.122.44,100,8609,True,14/11/2021 19:20,R_25MkQnaPt2yen3H,49.87159729,-97.13639832,anonymous,EN,29,engine temperature,radio on,wiper on gte 1,h0v0,3,easy,E,E,E,WHERE,13.01,14.86,14.47,-1,300,E,WHERE_E_E,E_E,3,98.599,20,-6.99,35,-20.14,20,-5.53,Disagree,1,3,3,0,73,n
14/11/2021 16:56,14/11/2021 19:20,IP Address,208.110.122.44,100,8609,True,14/11/2021 19:20,R_25MkQnaPt2yen3H,49.87159729,-97.13639832,anonymous,EN,59,electricity consumption,radio on,wiper on gte 1,h0v0,8,hard,M,E,M,WHERE,36.12,38.08,18.65,1,324,M,WHERE_M_H,M_H,4,9.667,27,9.12,20,18.08,45,-26.35,Disagree,0,4,5,5,74,n
14/11/2021 16:56,14/11/2021 19:20,IP Address,208.110.122.44,100,8609,True,14/11/2021 19:20,R_25MkQnaPt2yen3H,49.87159729,-97.13639832,anonymous,EN,67,electricity consumption,wiper on,gps on gte 1,h0v0,3,easy,H,E,H,WHERE,16.29,25.28,34.9,-1,381,H,WHERE_H_E,H_E,5,431.395,11,5.29,39,-13.72,20,14.9,Disagree,1,4,5,5,75,n
14/11/2021 16:56,14/11/2021 19:20,IP Address,208.110.122.44,100,8609,True,14/11/2021 19:20,R_25MkQnaPt2yen3H,49.87159729,-97.13639832,anonymous,EN,67,electricity consumption,wiper on,gps on gte 1,h0v0,9,hard,H,E,H,WHERE,25.62,25.28,21.25,1,486,H,WHERE_H_H,H_H,4,15.889,34,-8.38,74,-48.72,28,-6.75,Disagree,0,5,3,4,76,n
14/11/2021 17:09,14/11/2021 17:49,IP Address,68.197.138.127,100,2425,True,14/11/2021 17:49,R_1lcylWI15Pv4mO7,40.5980072,-73.94670105,anonymous,EN,59,electricity consumption,radio on,wiper on gte 1,h0v0,6,medium,M,M,M,WHAT_Qn,66.66,64.01,12.5,-1,250,M,WHAT_Qn_M_M,M_M,5,199.139,75,-8.34,70,-5.99,15,-2.5,Disagree,1,4,3,4,31,n
14/11/2021 17:09,14/11/2021 17:49,IP Address,68.197.138.127,100,2425,True,14/11/2021 17:49,R_1lcylWI15Pv4mO7,40.5980072,-73.94670105,anonymous,EN,67,electricity consumption,wiper on,gps on gte 1,h0v0,9,hard,H,E,H,WHAT_Qn,48.07,56.78,23.82,1,351,H,WHAT_Qn_H_H,H_H,5,150.492,57,-8.93,60,-3.22,26,-2.18,Disagree,0,3,3,4,32,n
14/11/2021 17:09,14/11/2021 17:49,IP Address,68.197.138.127,100,2425,True,14/11/2021 17:49,R_1lcylWI15Pv4mO7,40.5980072,-73.94670105,anonymous,EN,29,engine temperature,radio on,wiper on gte 1,h0v0,3,easy,E,E,E,WHAT_Qn,35.04,34.69,12.03,-1,406,E,WHAT_Qn_E_E,E_E,5,162.042,40,-4.96,39,-4.31,9,3.03,Disagree,1,4,3,4,33,n
14/11/2021 17:09,14/11/2021 17:49,IP Address,68.197.138.127,100,2425,True,14/11/2021 17:49,R_1lcylWI15Pv4mO7,40.5980072,-73.94670105,anonymous,EN,29,engine temperature,radio on,wiper on gte 1,h0v0,3,easy,E,E,E,WHAT_Ql,0,24.27,36,1,271,E,WHAT_Ql_E_E,E_E,5,120.531,0,0,22,2.27,32,4,Agree,1,5,5,4,34,n
14/11/2021 17:09,14/11/2021 17:49,IP Address,68.197.138.127,100,2425,True,14/11/2021 17:49,R_1lcylWI15Pv4mO7,40.5980072,-73.94670105,anonymous,EN,4,suspension force,gps on,wiper on gte 1,h0v0,6,medium,H,M,E,WHAT_Ql,24.5,75.88,30.78,1,358,M,WHAT_Ql_M_M,M_M,3,272.592,24,0.5,75,0.88,38,-7.22,Neither agree nor disagree,0,4,4,3,35,n
14/11/2021 17:09,14/11/2021 17:49,IP Address,68.197.138.127,100,2425,True,14/11/2021 17:49,R_1lcylWI15Pv4mO7,40.5980072,-73.94670105,anonymous,EN,29,engine temperature,radio on,wiper on gte 1,h0v0,6,medium,E,H,E,WHAT_Ql,25.92,71.6,37.24,1,435,H,WHAT_Ql_H_M,H_M,2,232.971,39,-13.08,66,5.6,43,-5.76,Agree,1,4,4,4,36,n
14/11/2021 17:09,14/11/2021 17:49,IP Address,68.197.138.127,100,2425,True,14/11/2021 17:49,R_1lcylWI15Pv4mO7,40.5980072,-73.94670105,anonymous,EN,4,suspension force,gps on,wiper on gte 1,h0v0,3,easy,H,M,E,WHERE,12.67,19.96,24.86,-1,298,E,WHERE_E_E,E_E,2,145.851,15,-2.33,29,-9.04,26,-1.14,Agree,0,4,2,4,37,n
14/11/2021 17:09,14/11/2021 17:49,IP Address,68.197.138.127,100,2425,True,14/11/2021 17:49,R_1lcylWI15Pv4mO7,40.5980072,-73.94670105,anonymous,EN,4,suspension force,gps on,wiper on gte 1,h0v0,9,hard,H,M,E,WHERE,22.92,19.96,16.93,-1,391,E,WHERE_E_H,E_H,5,94.822,22,0.92,24,-4.04,13,3.93,Agree,0,5,4,5,38,n
14/11/2021 17:09,14/11/2021 17:49,IP Address,68.197.138.127,100,2425,True,14/11/2021 17:49,R_1lcylWI15Pv4mO7,40.5980072,-73.94670105,anonymous,EN,67,electricity consumption,wiper on,gps on gte 1,h0v0,9,hard,H,E,H,WHERE,25.62,25.28,21.25,1,486,H,WHERE_H_H,H_H,4,198.527,27,-1.38,23,2.28,21,0.25,Neither agree nor disagree,0,3,4,5,39,n
14/11/2021 17:13,14/11/2021 17:48,IP Address,173.183.92.121,100,2125,True,14/11/2021 17:48,R_r1EPmLqmZoSrl5v,50.70329285,-119.2682953,anonymous,EN,59,electricity consumption,radio on,wiper on gte 1,h0v0,6,medium,M,M,M,WHAT_Qn,66.66,64.01,12.5,-1,250,M,WHAT_Qn_M_M,M_M,1,147.674,70,-3.34,65,-0.99,12,0.5,Neither agree nor disagree,0,3,3,3,23,n
14/11/2021 17:13,14/11/2021 17:48,IP Address,173.183.92.121,100,2125,True,14/11/2021 17:48,R_r1EPmLqmZoSrl5v,50.70329285,-119.2682953,anonymous,EN,29,engine temperature,radio on,wiper on gte 1,h0v0,6,medium,E,H,E,WHAT_Qn,30.71,34.69,22.19,1,331,E,WHAT_Qn_E_M,E_M,3,204.088,20,10.71,40,-5.31,20,2.19,Agree,1,2,2,4,24,n
14/11/2021 17:13,14/11/2021 17:48,IP Address,173.183.92.121,100,2125,True,14/11/2021 17:48,R_r1EPmLqmZoSrl5v,50.70329285,-119.2682953,anonymous,EN,67,electricity consumption,wiper on,gps on gte 1,h0v0,6,medium,H,H,H,WHAT_Qn,55.88,56.78,49.47,1,412,H,WHAT_Qn_H_M,H_M,3,155.442,60,-4.12,55,1.78,45,4.47,Agree,1,3,2,3,25,n
14/11/2021 17:13,14/11/2021 17:48,IP Address,173.183.92.121,100,2125,True,14/11/2021 17:48,R_r1EPmLqmZoSrl5v,50.70329285,-119.2682953,anonymous,EN,67,electricity consumption,wiper on,gps on gte 1,h0v0,6,medium,H,E,H,WHAT_Ql,3,7.29,51.71,1,277,E,WHAT_Ql_E_M,E_M,5,134.654,5,-2,5,2.29,50,1.71,Disagree,0,4,4,3,26,n
14/11/2021 17:13,14/11/2021 17:48,IP Address,173.183.92.121,100,2125,True,14/11/2021 17:48,R_r1EPmLqmZoSrl5v,50.70329285,-119.2682953,anonymous,EN,67,electricity consumption,wiper on,gps on gte 1,h0v0,3,easy,H,M,H,WHAT_Ql,5.15,20.17,38.19,1,352,M,WHAT_Ql_M_E,M_E,4,109.853,3,2.15,20,0.17,35,3.19,Agree,1,4,4,3,27,n
14/11/2021 17:13,14/11/2021 17:48,IP Address,173.183.92.121,100,2125,True,14/11/2021 17:48,R_r1EPmLqmZoSrl5v,50.70329285,-119.2682953,anonymous,EN,4,suspension force,gps on,wiper on gte 1,h0v0,3,easy,H,M,E,WHAT_Ql,17.84,52.74,33.33,-1,433,M,WHAT_Ql_M_E,M_E,3,111.593,15,2.84,55,-2.26,33,0.33,Neither agree nor disagree,0,4,4,4,28,n
14/11/2021 17:13,14/11/2021 17:48,IP Address,173.183.92.121,100,2125,True,14/11/2021 17:48,R_r1EPmLqmZoSrl5v,50.70329285,-119.2682953,anonymous,EN,67,electricity consumption,wiper on,gps on gte 1,h0v0,3,easy,H,E,H,WHERE,16.29,25.28,34.9,-1,381,H,WHERE_H_E,H_E,4,102.596,55,-38.71,60,-34.72,35,-0.1,Agree,0,3,4,4,29,n
14/11/2021 17:13,14/11/2021 17:48,IP Address,173.183.92.121,100,2125,True,14/11/2021 17:48,R_r1EPmLqmZoSrl5v,50.70329285,-119.2682953,anonymous,EN,4,suspension force,gps on,wiper on gte 1,h0v0,6,medium,H,E,E,WHERE,18.83,19.96,28.68,1,462,E,WHERE_E_M,E_M,5,117.571,10,8.83,40,-20.04,36,-7.32,Agree,1,3,4,4,30,n
14/11/2021 17:14,14/11/2021 17:47,IP Address,152.3.43.51,100,1968,True,14/11/2021 17:47,R_3DdnwAdELqRGdYk,36.02510071,-78.92169952,anonymous,EN,1,electricity consumption,gps on,wiper on gte 1,h0v0,3,easy,E,E,E,WHAT_Qn,51.75,42.6,34.84,1,244,E,WHAT_Qn_E_E,E_E,4,163.899,43,8.75,40,2.6,30,4.84,Agree,1,5,5,5,14,n
14/11/2021 17:14,14/11/2021 17:47,IP Address,152.3.43.51,100,1968,True,14/11/2021 17:47,R_3DdnwAdELqRGdYk,36.02510071,-78.92169952,anonymous,EN,1,electricity consumption,gps on,wiper on gte 1,h0v0,9,hard,E,M,E,WHAT_Qn,46.44,42.6,28.48,-1,337,E,WHAT_Qn_E_H,E_H,4,115.549,45,1.44,48,-5.4,20,8.48,Agree,0,5,5,5,15,n
14/11/2021 17:14,14/11/2021 17:47,IP Address,152.3.43.51,100,1968,True,14/11/2021 17:47,R_3DdnwAdELqRGdYk,36.02510071,-78.92169952,anonymous,EN,4,suspension force,gps on,wiper on gte 1,h0v0,9,hard,H,E,E,WHAT_Qn,73.21,76.69,16.62,-1,432,H,WHAT_Qn_H_H,H_H,4,285.478,65,8.21,75,1.69,13,3.62,Neither agree nor disagree,0,5,5,5,16,n
14/11/2021 17:14,14/11/2021 17:47,IP Address,152.3.43.51,100,1968,True,14/11/2021 17:47,R_3DdnwAdELqRGdYk,36.02510071,-78.92169952,anonymous,EN,59,electricity consumption,radio on,wiper on gte 1,h0v0,6,medium,M,E,M,WHAT_Ql,5.52,14,38.06,-1,283,E,WHAT_Ql_E_M,E_M,5,76.53,4,1.52,14,0,34,4.06,Agree,0,5,4,5,17,n
14/11/2021 17:14,14/11/2021 17:47,IP Address,152.3.43.51,100,1968,True,14/11/2021 17:47,R_3DdnwAdELqRGdYk,36.02510071,-78.92169952,anonymous,EN,29,engine temperature,radio on,wiper on gte 1,h0v0,8,hard,E,H,E,WHAT_Ql,19.95,109.46,21.19,1,364,H,WHAT_Ql_H_H,H_H,5,191.788,15,4.95,78,31.46,18,3.19,Agree,1,5,5,5,18,n
14/11/2021 17:14,14/11/2021 17:47,IP Address,152.3.43.51,100,1968,True,14/11/2021 17:47,R_3DdnwAdELqRGdYk,36.02510071,-78.92169952,anonymous,EN,67,electricity consumption,wiper on,gps on gte 1,h0v0,9,hard,H,H,H,WHAT_Ql,1.93,21.24,16.73,1,445,H,WHAT_Ql_H_H,H_H,5,79.273,1,0.93,20,1.24,18,-1.27,Agree,1,5,5,5,19,n
14/11/2021 17:14,14/11/2021 17:47,IP Address,152.3.43.51,100,1968,True,14/11/2021 17:47,R_3DdnwAdELqRGdYk,36.02510071,-78.92169952,anonymous,EN,1,electricity consumption,gps on,wiper on gte 1,h0v0,6,medium,E,M,E,WHERE,14.04,15.53,18.54,1,304,E,WHERE_E_M,E_M,5,145.2,17,-2.96,20,-4.47,16,2.54,Neither agree nor disagree,0,3,4,5,20,n
14/11/2021 17:14,14/11/2021 17:47,IP Address,152.3.43.51,100,1968,True,14/11/2021 17:47,R_3DdnwAdELqRGdYk,36.02510071,-78.92169952,anonymous,EN,29,engine temperature,radio on,wiper on gte 1,h0v0,9,hard,E,E,E,WHERE,15.64,14.86,26.8,-1,405,E,WHERE_E_H,E_H,3,52.312,20,-4.36,15,-0.14,26,0.8,Disagree,1,2,4,4,21,n
14/11/2021 17:14,14/11/2021 17:47,IP Address,152.3.43.51,100,1968,True,14/11/2021 17:47,R_3DdnwAdELqRGdYk,36.02510071,-78.92169952,anonymous,EN,59,electricity consumption,radio on,wiper on gte 1,h0v0,3,easy,M,M,M,WHERE,65.92,38.08,7.87,1,460,M,WHERE_M_E,M_E,5,58.592,59,6.92,38,0.08,10,-2.13,Disagree,0,5,3,5,22,n
14/11/2021 17:20,14/11/2021 17:45,IP Address,41.10.39.198,100,1499,True,14/11/2021 17:45,R_2t8R5KRgqgOEQie,-34.04859924,18.48109436,anonymous,EN,29,engine temperature,radio on,wiper on gte 1,h0v0,9,hard,E,E,E,WHAT_Qn,27.13,34.69,24.33,-1,270,E,WHAT_Qn_E_H,E_H,5,92.811,27,0.13,40,-5.31,35,-10.67,Agree,0,3,4,4,7,n
14/11/2021 17:20,14/11/2021 17:45,IP Address,41.10.39.198,100,1499,True,14/11/2021 17:45,R_2t8R5KRgqgOEQie,-34.04859924,18.48109436,anonymous,EN,4,suspension force,gps on,wiper on gte 1,h0v0,3,easy,H,M,E,WHAT_Qn,68.95,76.69,9.8,-1,327,H,WHAT_Qn_H_E,H_E,5,147.75,17,51.95,75,1.69,11,-1.2,Disagree,1,1,5,4,8,n
14/11/2021 17:20,14/11/2021 17:45,IP Address,41.10.39.198,100,1499,True,14/11/2021 17:45,R_2t8R5KRgqgOEQie,-34.04859924,18.48109436,anonymous,EN,59,electricity consumption,radio on,wiper on gte 1,h0v0,8,hard,M,M,M,WHAT_Qn,71.72,64.01,22.38,1,418,M,WHAT_Qn_M_H,M_H,5,127.683,17,54.72,25,39.01,33,-10.62,Disagree,0,3,4,4,9,n
14/11/2021 17:20,14/11/2021 17:45,IP Address,41.10.39.198,100,1499,True,14/11/2021 17:45,R_2t8R5KRgqgOEQie,-34.04859924,18.48109436,anonymous,EN,4,suspension force,gps on,wiper on gte 1,h0v0,9,hard,H,E,E,WHAT_Ql,4.31,33.52,18.23,1,297,E,WHAT_Ql_E_H,E_H,3,90.357,65,-60.69,40,-6.48,25,-6.77,Agree,1,2,4,4,10,n
14/11/2021 17:20,14/11/2021 17:45,IP Address,41.10.39.198,100,1499,True,14/11/2021 17:45,R_2t8R5KRgqgOEQie,-34.04859924,18.48109436,anonymous,EN,1,electricity consumption,gps on,wiper on gte 1,h0v0,9,hard,E,M,E,WHAT_Ql,29.67,84.11,35.04,1,378,M,WHAT_Ql_M_H,M_H,5,115.868,33,-3.33,85,-0.89,33,2.04,Disagree,0,2,5,4,11,n
14/11/2021 17:20,14/11/2021 17:45,IP Address,41.10.39.198,100,1499,True,14/11/2021 17:45,R_2t8R5KRgqgOEQie,-34.04859924,18.48109436,anonymous,EN,1,electricity consumption,gps on,wiper on gte 1,h0v0,6,medium,E,H,E,WHAT_Ql,34.11,88.08,35.51,1,439,H,WHAT_Ql_H_M,H_M,5,91.315,80,-45.89,88,0.08,39,-3.49,Disagree,0,3,5,4,12,n
14/11/2021 17:20,14/11/2021 17:45,IP Address,41.10.39.198,100,1499,True,14/11/2021 17:45,R_2t8R5KRgqgOEQie,-34.04859924,18.48109436,anonymous,EN,29,engine temperature,radio on,wiper on gte 1,h0v0,3,easy,E,E,E,WHERE,13.01,14.86,14.47,-1,300,E,WHERE_E_E,E_E,4,76.159,10,3.01,60,-45.14,12,2.47,Disagree,1,4,4,5,13,n
14/11/2021 17:30,14/11/2021 19:04,IP Address,86.188.116.168,100,5618,True,14/11/2021 19:04,R_24BpJd62r7pV4Uo,51.55070496,-0.053695679,anonymous,EN,4,suspension force,gps on,wiper on gte 1,h0v0,6,medium,H,M,E,WHAT_Qn,84.3,76.69,19.89,-1,256,H,WHAT_Qn_H_M,H_M,1,499.465,80,4.3,75,1.69,20,-0.11,Disagree,1,1,1,1,58,n
14/11/2021 17:30,14/11/2021 19:04,IP Address,86.188.116.168,100,5618,True,14/11/2021 19:04,R_24BpJd62r7pV4Uo,51.55070496,-0.053695679,anonymous,EN,29,engine temperature,radio on,wiper on gte 1,h0v0,6,medium,E,H,E,WHAT_Qn,30.71,34.69,22.19,1,331,E,WHAT_Qn_E_M,E_M,1,762.965,30,0.71,50,-15.31,25,-2.81,Disagree,0,1,1,1,59,n
14/11/2021 17:30,14/11/2021 19:04,IP Address,86.188.116.168,100,5618,True,14/11/2021 19:04,R_24BpJd62r7pV4Uo,51.55070496,-0.053695679,anonymous,EN,59,electricity consumption,radio on,wiper on gte 1,h0v0,8,hard,M,M,M,WHAT_Qn,71.72,64.01,22.38,1,418,M,WHAT_Qn_M_H,M_H,1,502.174,70,1.72,71,-6.99,20,2.38,Disagree,0,1,0,1,60,n
14/11/2021 17:30,14/11/2021 19:04,IP Address,86.188.116.168,100,5618,True,14/11/2021 19:04,R_24BpJd62r7pV4Uo,51.55070496,-0.053695679,anonymous,EN,29,engine temperature,radio on,wiper on gte 1,h0v0,3,easy,E,E,E,WHAT_Ql,0,24.27,36,1,271,E,WHAT_Ql_E_E,E_E,0,818.094,53,-53,25,-0.73,35,1,Neither agree nor disagree,0,0,0,0,61,n
14/11/2021 17:30,14/11/2021 19:04,IP Address,86.188.116.168,100,5618,True,14/11/2021 19:04,R_24BpJd62r7pV4Uo,51.55070496,-0.053695679,anonymous,EN,29,engine temperature,radio on,wiper on gte 1,h0v0,8,hard,E,H,E,WHAT_Ql,19.95,109.46,21.19,1,364,H,WHAT_Ql_H_H,H_H,1,538.204,17,2.95,78,31.46,20,1.19,Disagree,0,1,1,1,62,n
14/11/2021 17:30,14/11/2021 19:04,IP Address,86.188.116.168,100,5618,True,14/11/2021 19:04,R_24BpJd62r7pV4Uo,51.55070496,-0.053695679,anonymous,EN,29,engine temperature,radio on,wiper on gte 1,h0v0,6,medium,E,H,E,WHAT_Ql,25.92,71.6,37.24,1,435,H,WHAT_Ql_H_M,H_M,1,533.524,20,5.92,81,-9.4,35,2.24,Agree,1,1,1,1,63,n
14/11/2021 17:30,14/11/2021 19:04,IP Address,86.188.116.168,100,5618,True,14/11/2021 19:04,R_24BpJd62r7pV4Uo,51.55070496,-0.053695679,anonymous,EN,1,electricity consumption,gps on,wiper on gte 1,h0v0,6,medium,E,M,E,WHERE,14.04,15.53,18.54,1,304,E,WHERE_E_M,E_M,0,379.166,30,-15.96,40,-24.47,20,-1.46,Neither agree nor disagree,0,0,0,1,64,n
14/11/2021 17:30,14/11/2021 19:04,IP Address,86.188.116.168,100,5618,True,14/11/2021 19:04,R_24BpJd62r7pV4Uo,51.55070496,-0.053695679,anonymous,EN,59,electricity consumption,radio on,wiper on gte 1,h0v0,6,medium,M,M,M,WHERE,31.47,38.08,33.81,1,385,M,WHERE_M_M,M_M,3,118.243,10,21.47,5,33.08,25,8.81,Disagree,0,0,1,2,65,n
14/11/2021 17:30,14/11/2021 19:04,IP Address,86.188.116.168,100,5618,True,14/11/2021 19:04,R_24BpJd62r7pV4Uo,51.55070496,-0.053695679,anonymous,EN,59,electricity consumption,radio on,wiper on gte 1,h0v0,3,easy,M,M,M,WHERE,65.92,38.08,7.87,1,460,M,WHERE_M_E,M_E,2,152.039,30,35.92,10,28.08,4,3.87,Neither agree nor disagree,0,0,1,2,66,n
14/11/2021 17:53,14/11/2021 18:21,IP Address,81.109.139.250,100,1670,True,14/11/2021 18:21,R_1CcHek1VPSgQzFn,52.95379639,-1.157104492,anonymous,EN,67,electricity consumption,wiper on,gps on gte 1,h0v0,3,easy,H,M,H,WHAT_Qn,52.06,56.78,19.63,1,246,H,WHAT_Qn_H_E,H_E,2,121.8,50,2.06,30,26.78,20,-0.37,Agree,1,0,1,1,40,n
14/11/2021 17:53,14/11/2021 18:21,IP Address,81.109.139.250,100,1670,True,14/11/2021 18:21,R_1CcHek1VPSgQzFn,52.95379639,-1.157104492,anonymous,EN,59,electricity consumption,radio on,wiper on gte 1,h0v0,3,easy,M,E,M,WHAT_Qn,63.33,64.01,11.04,1,325,M,WHAT_Qn_M_E,M_E,2,88.326,11,52.33,20,44.01,7,4.04,Neither agree nor disagree,0,0,1,3,41,n
14/11/2021 17:53,14/11/2021 18:21,IP Address,81.109.139.250,100,1670,True,14/11/2021 18:21,R_1CcHek1VPSgQzFn,52.95379639,-1.157104492,anonymous,EN,29,engine temperature,radio on,wiper on gte 1,h0v0,3,easy,E,E,E,WHAT_Qn,35.04,34.69,12.03,-1,406,E,WHAT_Qn_E_E,E_E,2,70.443,15,20.04,20,14.69,10,2.03,Disagree,1,2,1,2,42,n
14/11/2021 17:53,14/11/2021 18:21,IP Address,81.109.139.250,100,1670,True,14/11/2021 18:21,R_1CcHek1VPSgQzFn,52.95379639,-1.157104492,anonymous,EN,67,electricity consumption,wiper on,gps on gte 1,h0v0,6,medium,H,E,H,WHAT_Ql,3,7.29,51.71,1,277,E,WHAT_Ql_E_M,E_M,3,160.492,45,-42,5,2.29,50,1.71,Disagree,0,2,1,2,43,n
14/11/2021 17:53,14/11/2021 18:21,IP Address,81.109.139.250,100,1670,True,14/11/2021 18:21,R_1CcHek1VPSgQzFn,52.95379639,-1.157104492,anonymous,EN,4,suspension force,gps on,wiper on gte 1,h0v0,6,medium,H,M,E,WHAT_Ql,24.5,75.88,30.78,1,358,M,WHAT_Ql_M_M,M_M,2,108.977,25,-0.5,74,1.88,40,-9.22,Disagree,0,2,2,2,44,n
14/11/2021 17:53,14/11/2021 18:21,IP Address,81.109.139.250,100,1670,True,14/11/2021 18:21,R_1CcHek1VPSgQzFn,52.95379639,-1.157104492,anonymous,EN,4,suspension force,gps on,wiper on gte 1,h0v0,3,easy,H,M,E,WHAT_Ql,17.84,52.74,33.33,-1,433,M,WHAT_Ql_M_E,M_E,2,122.664,23,-5.16,53,-0.26,40,-6.67,Disagree,1,4,3,2,45,n
14/11/2021 17:53,14/11/2021 18:21,IP Address,81.109.139.250,100,1670,True,14/11/2021 18:21,R_1CcHek1VPSgQzFn,52.95379639,-1.157104492,anonymous,EN,67,electricity consumption,wiper on,gps on gte 1,h0v0,6,medium,H,M,H,WHERE,27.96,25.28,25.19,-1,310,H,WHERE_H_M,H_M,1,110.484,70,-42.04,50,-24.72,12,13.19,Neither agree nor disagree,0,1,0,2,46,n
14/11/2021 17:53,14/11/2021 18:21,IP Address,81.109.139.250,100,1670,True,14/11/2021 18:21,R_1CcHek1VPSgQzFn,52.95379639,-1.157104492,anonymous,EN,59,electricity consumption,radio on,wiper on gte 1,h0v0,8,hard,M,E,M,WHERE,36.12,38.08,18.65,1,324,M,WHERE_M_H,M_H,2,162.207,38,-1.88,30,8.08,15,3.65,Neither agree nor disagree,0,3,3,3,47,n
14/11/2021 17:53,14/11/2021 18:21,IP Address,81.109.139.250,100,1670,True,14/11/2021 18:21,R_1CcHek1VPSgQzFn,52.95379639,-1.157104492,anonymous,EN,1,electricity consumption,gps on,wiper on gte 1,h0v0,3,easy,E,M,E,WHERE,13.46,15.53,13.37,-1,379,E,WHERE_E_E,E_E,2,194.243,18,-4.54,25,-9.47,15,-1.63,Neither agree nor disagree,0,3,2,4,48,n
14/11/2021 17:53,14/11/2021 18:21,IP Address,81.109.139.250,100,1670,True,14/11/2021 18:21,R_1CcHek1VPSgQzFn,52.95379639,-1.157104492,anonymous,EN,1,electricity consumption,gps on,wiper on gte 1,h0v0,9,hard,E,M,E,WHERE,13.19,15.53,33.13,1,472,E,WHERE_E_H,E_H,2,170.505,8,5.19,13,2.53,33,0.13,Agree,1,4,2,4,49,n
14/11/2021 18:04,14/11/2021 18:25,IP Address,102.65.188.195,100,1257,True,14/11/2021 18:25,R_1HklygKSQklSY8C,-29.90559387,30.94050598,anonymous,EN,1,electricity consumption,gps on,wiper on gte 1,h0v0,3,easy,E,E,E,WHAT_Qn,51.75,42.6,34.84,1,244,E,WHAT_Qn_E_E,E_E,5,135.49,50,1.75,58,-15.4,27,7.84,Disagree,0,3,3,5,50,n
14/11/2021 18:04,14/11/2021 18:25,IP Address,102.65.188.195,100,1257,True,14/11/2021 18:25,R_1HklygKSQklSY8C,-29.90559387,30.94050598,anonymous,EN,4,suspension force,gps on,wiper on gte 1,h0v0,3,easy,H,M,E,WHAT_Qn,68.95,76.69,9.8,-1,327,H,WHAT_Qn_H_E,H_E,5,185.03,61,7.95,78,-1.31,7,2.8,Disagree,1,5,4,5,51,n
14/11/2021 18:04,14/11/2021 18:25,IP Address,102.65.188.195,100,1257,True,14/11/2021 18:25,R_1HklygKSQklSY8C,-29.90559387,30.94050598,anonymous,EN,4,suspension force,gps on,wiper on gte 1,h0v0,9,hard,H,E,E,WHAT_Qn,73.21,76.69,16.62,-1,432,H,WHAT_Qn_H_H,H_H,4,16.527,25,48.21,34,42.69,47,-30.38,Disagree,1,3,2,4,52,n
14/11/2021 18:04,14/11/2021 18:25,IP Address,102.65.188.195,100,1257,True,14/11/2021 18:25,R_1HklygKSQklSY8C,-29.90559387,30.94050598,anonymous,EN,4,suspension force,gps on,wiper on gte 1,h0v0,9,hard,H,E,E,WHAT_Ql,4.31,33.52,18.23,1,297,E,WHAT_Ql_E_H,E_H,4,111.614,50,-45.69,38,-4.48,20,-1.77,Disagree,0,3,5,5,53,n
14/11/2021 18:04,14/11/2021 18:25,IP Address,102.65.188.195,100,1257,True,14/11/2021 18:25,R_1HklygKSQklSY8C,-29.90559387,30.94050598,anonymous,EN,59,electricity consumption,radio on,wiper on gte 1,h0v0,3,easy,M,M,M,WHAT_Ql,2.56,15.58,16.37,1,354,M,WHAT_Ql_M_E,M_E,5,11.952,15,-12.44,56,-40.42,16,0.37,Neither agree nor disagree,0,2,3,3,54,n
14/11/2021 18:04,14/11/2021 18:25,IP Address,102.65.188.195,100,1257,True,14/11/2021 18:25,R_1HklygKSQklSY8C,-29.90559387,30.94050598,anonymous,EN,67,electricity consumption,wiper on,gps on gte 1,h0v0,9,hard,H,H,H,WHAT_Ql,1.93,21.24,16.73,1,445,H,WHAT_Ql_H_H,H_H,3,91.054,2,-0.07,19,2.24,15,1.73,Neither agree nor disagree,0,3,4,2,55,n
14/11/2021 18:04,14/11/2021 18:25,IP Address,102.65.188.195,100,1257,True,14/11/2021 18:25,R_1HklygKSQklSY8C,-29.90559387,30.94050598,anonymous,EN,59,electricity consumption,radio on,wiper on gte 1,h0v0,6,medium,M,M,M,WHERE,31.47,38.08,33.81,1,385,M,WHERE_M_M,M_M,4,294.74,35,-3.53,41,-2.92,25,8.81,Disagree,0,2,2,4,56,n
14/11/2021 18:04,14/11/2021 18:25,IP Address,102.65.188.195,100,1257,True,14/11/2021 18:25,R_1HklygKSQklSY8C,-29.90559387,30.94050598,anonymous,EN,29,engine temperature,radio on,wiper on gte 1,h0v0,6,medium,E,H,E,WHERE,11.85,14.86,31.36,-1,466,E,WHERE_E_M,E_M,4,162.807,22,-10.15,30,-15.14,28,3.36,Disagree,1,2,2,4,57,n
14/11/2021 19:17,14/11/2021 19:38,IP Address,66.45.129.142,100,1245,True,14/11/2021 19:38,R_3POklkV8FCag4bn,38.9683075,-95.26950073,anonymous,EN,4,suspension force,gps on,wiper on gte 1,h0v0,6,medium,H,M,E,WHAT_Qn,84.3,76.69,19.89,-1,256,H,WHAT_Qn_H_M,H_M,3,115.257,80,4.3,75,1.69,15,4.89,Neither agree nor disagree,0,4,3,4,77,n
14/11/2021 19:17,14/11/2021 19:38,IP Address,66.45.129.142,100,1245,True,14/11/2021 19:38,R_3POklkV8FCag4bn,38.9683075,-95.26950073,anonymous,EN,1,electricity consumption,gps on,wiper on gte 1,h0v0,9,hard,E,M,E,WHAT_Qn,46.44,42.6,28.48,-1,337,E,WHAT_Qn_E_H,E_H,3,60.19,50,-3.56,40,2.6,20,8.48,Disagree,1,3,3,4,78,n
14/11/2021 19:17,14/11/2021 19:38,IP Address,66.45.129.142,100,1245,True,14/11/2021 19:38,R_3POklkV8FCag4bn,38.9683075,-95.26950073,anonymous,EN,1,electricity consumption,gps on,wiper on gte 1,h0v0,5,medium,E,M,E,WHAT_Qn,43.35,42.6,13.03,-1,408,E,WHAT_Qn_E_M,E_M,5,71.552,40,3.35,35,7.6,10,3.03,Disagree,1,3,4,4,79,n
14/11/2021 19:17,14/11/2021 19:38,IP Address,66.45.129.142,100,1245,True,14/11/2021 19:38,R_3POklkV8FCag4bn,38.9683075,-95.26950073,anonymous,EN,59,electricity consumption,radio on,wiper on gte 1,h0v0,6,medium,M,E,M,WHAT_Ql,5.52,14,38.06,-1,283,E,WHAT_Ql_E_M,E_M,5,85.958,4,1.52,15,-1,28,10.06,Disagree,1,4,4,4,80,n
14/11/2021 19:17,14/11/2021 19:38,IP Address,66.45.129.142,100,1245,True,14/11/2021 19:38,R_3POklkV8FCag4bn,38.9683075,-95.26950073,anonymous,EN,1,electricity consumption,gps on,wiper on gte 1,h0v0,9,hard,E,M,E,WHAT_Ql,29.67,84.11,35.04,1,378,M,WHAT_Ql_M_H,M_H,5,121.355,28,1.67,84,0.11,31,4.04,Disagree,0,3,4,4,81,n
14/11/2021 19:17,14/11/2021 19:38,IP Address,66.45.129.142,100,1245,True,14/11/2021 19:38,R_3POklkV8FCag4bn,38.9683075,-95.26950073,anonymous,EN,59,electricity consumption,radio on,wiper on gte 1,h0v0,8,hard,M,M,M,WHAT_Ql,5.71,15.58,33.33,1,459,M,WHAT_Ql_M_H,M_H,5,111.638,4,1.71,12,3.58,28,5.33,Agree,1,4,4,4,82,n
14/11/2021 19:17,14/11/2021 19:38,IP Address,66.45.129.142,100,1245,True,14/11/2021 19:38,R_3POklkV8FCag4bn,38.9683075,-95.26950073,anonymous,EN,4,suspension force,gps on,wiper on gte 1,h0v0,3,easy,H,M,E,WHERE,12.67,19.96,24.86,-1,298,E,WHERE_E_E,E_E,4,67.408,25,-12.33,45,-25.04,24,0.86,Neither agree nor disagree,0,4,3,4,83,n
14/11/2021 19:17,14/11/2021 19:38,IP Address,66.45.129.142,100,1245,True,14/11/2021 19:38,R_3POklkV8FCag4bn,38.9683075,-95.26950073,anonymous,EN,29,engine temperature,radio on,wiper on gte 1,h0v0,9,hard,E,E,E,WHERE,15.64,14.86,26.8,-1,405,E,WHERE_E_H,E_H,3,244.779,10,5.64,40,-25.14,27,-0.2,Agree,0,2,3,4,84,n
14/11/2021 19:17,14/11/2021 19:38,IP Address,66.45.129.142,100,1245,True,14/11/2021 19:38,R_3POklkV8FCag4bn,38.9683075,-95.26950073,anonymous,EN,1,electricity consumption,gps on,wiper on gte 1,h0v0,9,hard,E,M,E,WHERE,13.19,15.53,33.13,1,472,E,WHERE_E_H,E_H,4,114.864,20,-6.81,20,-4.47,30,3.13,Agree,1,3,3,3,85,n
14/11/2021 19:25,14/11/2021 19:56,IP Address,41.13.116.30,100,1886,True,14/11/2021 19:56,R_3qqVDahYTzMRpJc,-25.75990295,28.26040649,anonymous,EN,29,engine temperature,radio on,wiper on gte 1,h0v0,9,hard,E,E,E,WHAT_Qn,27.13,34.69,24.33,-1,270,E,WHAT_Qn_E_H,E_H,4,67.603,23,4.13,51,-16.31,21,3.33,Neither agree nor disagree,0,1,0,2,95,n
14/11/2021 19:25,14/11/2021 19:56,IP Address,41.13.116.30,100,1886,True,14/11/2021 19:56,R_3qqVDahYTzMRpJc,-25.75990295,28.26040649,anonymous,EN,67,electricity consumption,wiper on,gps on gte 1,h0v0,9,hard,H,E,H,WHAT_Qn,48.07,56.78,23.82,1,351,H,WHAT_Qn_H_H,H_H,4,65.282,43,5.07,56,0.78,27,-3.18,Neither agree nor disagree,0,0,1,3,96,n
14/11/2021 19:25,14/11/2021 19:56,IP Address,41.13.116.30,100,1886,True,14/11/2021 19:56,R_3qqVDahYTzMRpJc,-25.75990295,28.26040649,anonymous,EN,67,electricity consumption,wiper on,gps on gte 1,h0v0,6,medium,H,H,H,WHAT_Qn,55.88,56.78,49.47,1,412,H,WHAT_Qn_H_M,H_M,4,142.568,53,2.88,50,6.78,48,1.47,Disagree,0,0,1,2,97,n
14/11/2021 19:25,14/11/2021 19:56,IP Address,41.13.116.30,100,1886,True,14/11/2021 19:56,R_3qqVDahYTzMRpJc,-25.75990295,28.26040649,anonymous,EN,1,electricity consumption,gps on,wiper on gte 1,h0v0,3,easy,E,E,E,WHAT_Ql,27.33,78.73,27.33,1,273,E,WHAT_Ql_E_E,E_E,5,144.221,38,-10.67,78,0.73,38,-10.67,Neither agree nor disagree,0,5,5,5,98,n
14/11/2021 19:25,14/11/2021 19:56,IP Address,41.13.116.30,100,1886,True,14/11/2021 19:56,R_3qqVDahYTzMRpJc,-25.75990295,28.26040649,anonymous,EN,1,electricity consumption,gps on,wiper on gte 1,h0v0,9,hard,E,M,E,WHAT_Ql,29.67,84.11,35.04,1,378,M,WHAT_Ql_M_H,M_H,3,208.663,23,6.67,83,1.11,43,-7.96,Neither agree nor disagree,0,3,4,4,99,n
14/11/2021 19:25,14/11/2021 19:56,IP Address,41.13.116.30,100,1886,True,14/11/2021 19:56,R_3qqVDahYTzMRpJc,-25.75990295,28.26040649,anonymous,EN,1,electricity consumption,gps on,wiper on gte 1,h0v0,6,medium,E,H,E,WHAT_Ql,34.11,88.08,35.51,1,439,H,WHAT_Ql_H_M,H_M,4,138.18,46,-11.89,90,-1.92,33,2.51,Neither agree nor disagree,0,3,3,3,100,n
14/11/2021 19:25,14/11/2021 19:56,IP Address,41.13.116.30,100,1886,True,14/11/2021 19:56,R_3qqVDahYTzMRpJc,-25.75990295,28.26040649,anonymous,EN,1,electricity consumption,gps on,wiper on gte 1,h0v0,3,easy,E,M,E,WHERE,13.46,15.53,13.37,-1,379,E,WHERE_E_E,E_E,1,96.252,15,-1.54,5,10.53,13,0.37,Disagree,1,2,3,3,101,n
14/11/2021 19:25,14/11/2021 19:56,IP Address,41.13.116.30,100,1886,True,14/11/2021 19:56,R_3qqVDahYTzMRpJc,-25.75990295,28.26040649,anonymous,EN,4,suspension force,gps on,wiper on gte 1,h0v0,6,medium,H,E,E,WHERE,18.83,19.96,28.68,1,462,E,WHERE_E_M,E_M,1,86.297,15,3.83,17,2.96,26,2.68,Neither agree nor disagree,0,2,1,3,102,n
14/11/2021 19:25,14/11/2021 19:56,IP Address,41.13.116.30,100,1886,True,14/11/2021 19:56,R_3qqVDahYTzMRpJc,-25.75990295,28.26040649,anonymous,EN,59,electricity consumption,radio on,wiper on gte 1,h0v0,8,hard,M,E,M,WHERE,36.12,38.08,18.65,1,324,M,WHERE_M_H,M_H,1,222.507,30,6.12,51,-12.92,20,-1.35,Disagree,0,1,1,1,122,n
14/11/2021 19:27,14/11/2021 19:48,IP Address,122.60.183.233,100,1252,True,14/11/2021 19:48,R_3My8tu6DyJo8Xst,-36.8506012,174.7679138,anonymous,EN,1,electricity consumption,gps on,wiper on gte 1,h0v0,3,easy,E,E,E,WHAT_Qn,51.75,42.6,34.84,1,244,E,WHAT_Qn_E_E,E_E,1,153.052,45,6.75,40,2.6,32,2.84,Neither agree nor disagree,0,2,2,3,86,n
14/11/2021 19:27,14/11/2021 19:48,IP Address,122.60.183.233,100,1252,True,14/11/2021 19:48,R_3My8tu6DyJo8Xst,-36.8506012,174.7679138,anonymous,EN,4,suspension force,gps on,wiper on gte 1,h0v0,3,easy,H,M,E,WHAT_Qn,68.95,76.69,9.8,-1,327,H,WHAT_Qn_H_E,H_E,3,74.831,70,-1.05,80,-3.31,8,1.8,Disagree,1,2,2,3,87,n
14/11/2021 19:27,14/11/2021 19:48,IP Address,122.60.183.233,100,1252,True,14/11/2021 19:48,R_3My8tu6DyJo8Xst,-36.8506012,174.7679138,anonymous,EN,4,suspension force,gps on,wiper on gte 1,h0v0,9,hard,H,E,E,WHAT_Qn,73.21,76.69,16.62,-1,432,H,WHAT_Qn_H_H,H_H,3,75.701,70,3.21,80,-3.31,22,-5.38,Disagree,1,3,3,2,88,n
14/11/2021 19:27,14/11/2021 19:48,IP Address,122.60.183.233,100,1252,True,14/11/2021 19:48,R_3My8tu6DyJo8Xst,-36.8506012,174.7679138,anonymous,EN,29,engine temperature,radio on,wiper on gte 1,h0v0,3,easy,E,E,E,WHAT_Ql,0,24.27,36,1,271,E,WHAT_Ql_E_E,E_E,3,76.7,0,0,24,0.27,35,1,Agree,1,5,3,3,89,n
14/11/2021 19:27,14/11/2021 19:48,IP Address,122.60.183.233,100,1252,True,14/11/2021 19:48,R_3My8tu6DyJo8Xst,-36.8506012,174.7679138,anonymous,EN,59,electricity consumption,radio on,wiper on gte 1,h0v0,3,easy,M,M,M,WHAT_Ql,2.56,15.58,16.37,1,354,M,WHAT_Ql_M_E,M_E,1,95.779,3,-0.44,15,0.58,16,0.37,Neither agree nor disagree,0,4,3,3,90,n
14/11/2021 19:27,14/11/2021 19:48,IP Address,122.60.183.233,100,1252,True,14/11/2021 19:48,R_3My8tu6DyJo8Xst,-36.8506012,174.7679138,anonymous,EN,67,electricity consumption,wiper on,gps on gte 1,h0v0,9,hard,H,H,H,WHAT_Ql,1.93,21.24,16.73,1,445,H,WHAT_Ql_H_H,H_H,1,85.865,1,0.93,22,-0.76,18,-1.27,Neither agree nor disagree,0,3,3,3,91,n
14/11/2021 19:27,14/11/2021 19:48,IP Address,122.60.183.233,100,1252,True,14/11/2021 19:48,R_3My8tu6DyJo8Xst,-36.8506012,174.7679138,anonymous,EN,29,engine temperature,radio on,wiper on gte 1,h0v0,3,easy,E,E,E,WHERE,13.01,14.86,14.47,-1,300,E,WHERE_E_E,E_E,1,55.277,10,3.01,20,-5.14,14,0.47,Neither agree nor disagree,0,4,2,3,92,n
14/11/2021 19:27,14/11/2021 19:48,IP Address,122.60.183.233,100,1252,True,14/11/2021 19:48,R_3My8tu6DyJo8Xst,-36.8506012,174.7679138,anonymous,EN,67,electricity consumption,wiper on,gps on gte 1,h0v0,3,easy,H,E,H,WHERE,16.29,25.28,34.9,-1,381,H,WHERE_H_E,H_E,4,83.261,15,1.29,43,-17.72,60,-25.1,Disagree,1,3,3,4,93,n
14/11/2021 19:27,14/11/2021 19:48,IP Address,122.60.183.233,100,1252,True,14/11/2021 19:48,R_3My8tu6DyJo8Xst,-36.8506012,174.7679138,anonymous,EN,67,electricity consumption,wiper on,gps on gte 1,h0v0,9,hard,H,E,H,WHERE,25.62,25.28,21.25,1,486,H,WHERE_H_H,H_H,4,61.696,64,-38.38,17,8.28,20,1.25,Disagree,0,3,4,5,94,n
14/11/2021 19:49,14/11/2021 20:06,IP Address,203.96.129.178,100,1020,True,14/11/2021 20:06,R_117n9vwpy7C2kJS,-36.8506012,174.7679138,anonymous,EN,67,electricity consumption,wiper on,gps on gte 1,h0v0,3,easy,H,M,H,WHAT_Qn,52.06,56.78,19.63,1,246,H,WHAT_Qn_H_E,H_E,5,107.114,58,-5.94,53,3.78,22,-2.37,Disagree,0,4,3,4,103,n
14/11/2021 19:49,14/11/2021 20:06,IP Address,203.96.129.178,100,1020,True,14/11/2021 20:06,R_117n9vwpy7C2kJS,-36.8506012,174.7679138,anonymous,EN,1,electricity consumption,gps on,wiper on gte 1,h0v0,9,hard,E,M,E,WHAT_Qn,46.44,42.6,28.48,-1,337,E,WHAT_Qn_E_H,E_H,4,48.671,43,3.44,40,2.6,20,8.48,Disagree,1,4,4,4,104,n
14/11/2021 19:49,14/11/2021 20:06,IP Address,203.96.129.178,100,1020,True,14/11/2021 20:06,R_117n9vwpy7C2kJS,-36.8506012,174.7679138,anonymous,EN,4,suspension force,gps on,wiper on gte 1,h0v0,9,hard,H,E,E,WHAT_Qn,73.21,76.69,16.62,-1,432,H,WHAT_Qn_H_H,H_H,3,77.22,75,-1.79,73,3.69,16,0.62,Disagree,1,4,4,4,105,n
14/11/2021 19:49,14/11/2021 20:06,IP Address,203.96.129.178,100,1020,True,14/11/2021 20:06,R_117n9vwpy7C2kJS,-36.8506012,174.7679138,anonymous,EN,67,electricity consumption,wiper on,gps on gte 1,h0v0,6,medium,H,E,H,WHAT_Ql,3,7.29,51.71,1,277,E,WHAT_Ql_E_M,E_M,5,51.628,6,-3,9,-1.71,54,-2.29,Disagree,0,5,5,5,106,n
14/11/2021 19:49,14/11/2021 20:06,IP Address,203.96.129.178,100,1020,True,14/11/2021 20:06,R_117n9vwpy7C2kJS,-36.8506012,174.7679138,anonymous,EN,29,engine temperature,radio on,wiper on gte 1,h0v0,8,hard,E,H,E,WHAT_Ql,19.95,109.46,21.19,1,364,H,WHAT_Ql_H_H,H_H,4,72.519,22,-2.05,71,38.46,24,-2.81,Disagree,0,5,4,4,107,n
14/11/2021 19:49,14/11/2021 20:06,IP Address,203.96.129.178,100,1020,True,14/11/2021 20:06,R_117n9vwpy7C2kJS,-36.8506012,174.7679138,anonymous,EN,29,engine temperature,radio on,wiper on gte 1,h0v0,6,medium,E,H,E,WHAT_Ql,25.92,71.6,37.24,1,435,H,WHAT_Ql_H_M,H_M,3,70.267,44,-18.08,73,-1.4,31,6.24,Disagree,0,4,4,4,108,n
14/11/2021 19:49,14/11/2021 20:06,IP Address,203.96.129.178,100,1020,True,14/11/2021 20:06,R_117n9vwpy7C2kJS,-36.8506012,174.7679138,anonymous,EN,67,electricity consumption,wiper on,gps on gte 1,h0v0,6,medium,H,M,H,WHERE,27.96,25.28,25.19,-1,310,H,WHERE_H_M,H_M,2,80.871,26,1.96,21,4.28,23,2.19,Disagree,1,3,2,5,109,n
14/11/2021 19:49,14/11/2021 20:06,IP Address,203.96.129.178,100,1020,True,14/11/2021 20:06,R_117n9vwpy7C2kJS,-36.8506012,174.7679138,anonymous,EN,29,engine temperature,radio on,wiper on gte 1,h0v0,9,hard,E,E,E,WHERE,15.64,14.86,26.8,-1,405,E,WHERE_E_H,E_H,3,139.709,28,-12.36,30,-15.14,21,5.8,Disagree,1,3,5,4,110,n
14/11/2021 19:49,14/11/2021 20:06,IP Address,203.96.129.178,100,1020,True,14/11/2021 20:06,R_117n9vwpy7C2kJS,-36.8506012,174.7679138,anonymous,EN,29,engine temperature,radio on,wiper on gte 1,h0v0,6,medium,E,H,E,WHERE,11.85,14.86,31.36,-1,466,E,WHERE_E_M,E_M,5,97.858,13,-1.15,25,-10.14,17,14.36,Agree,0,3,4,4,111,n
14/11/2021 19:49,14/11/2021 20:06,IP Address,203.96.129.178,100,1020,True,14/11/2021 20:06,R_117n9vwpy7C2kJS,-36.8506012,174.7679138,anonymous,EN,29,engine temperature,radio on,wiper on gte 1,h0v0,9,hard,E,E,E,WHERE,15.64,14.86,26.8,-1,405,E,WHERE_E_H,E_H,1,180.536,5,10.64,12,2.86,30,-3.2,Disagree,1,1,1,1,123,n
14/11/2021 20:09,14/11/2021 21:05,IP Address,24.64.84.140,100,3378,True,14/11/2021 21:05,R_11hXMxJsu4s1UkX,49.8374939,-110.516098,anonymous,EN,1,electricity consumption,gps on,wiper on gte 1,h0v0,3,easy,E,E,E,WHAT_Qn,51.75,42.6,34.84,1,244,E,WHAT_Qn_E_E,E_E,2,407.377,63,-11.25,62,-19.4,32,2.84,Disagree,0,1,1,1,112,n
14/11/2021 20:09,14/11/2021 21:05,IP Address,24.64.84.140,100,3378,True,14/11/2021 21:05,R_11hXMxJsu4s1UkX,49.8374939,-110.516098,anonymous,EN,29,engine temperature,radio on,wiper on gte 1,h0v0,6,medium,E,H,E,WHAT_Qn,30.71,34.69,22.19,1,331,E,WHAT_Qn_E_M,E_M,4,477.995,25,5.71,29,5.69,68,-45.81,Agree,1,1,1,2,113,n
14/11/2021 20:09,14/11/2021 21:05,IP Address,24.64.84.140,100,3378,True,14/11/2021 21:05,R_11hXMxJsu4s1UkX,49.8374939,-110.516098,anonymous,EN,1,electricity consumption,gps on,wiper on gte 1,h0v0,5,medium,E,M,E,WHAT_Qn,43.35,42.6,13.03,-1,408,E,WHAT_Qn_E_M,E_M,0,168.985,18,25.35,40,2.6,18,-4.97,Neither agree nor disagree,0,0,1,1,114,n
14/11/2021 20:09,14/11/2021 21:05,IP Address,24.64.84.140,100,3378,True,14/11/2021 21:05,R_11hXMxJsu4s1UkX,49.8374939,-110.516098,anonymous,EN,4,suspension force,gps on,wiper on gte 1,h0v0,9,hard,H,E,E,WHAT_Ql,4.31,33.52,18.23,1,297,E,WHAT_Ql_E_H,E_H,1,231.021,55,-50.69,35,-1.48,20,-1.77,Agree,1,1,2,2,115,n
14/11/2021 20:09,14/11/2021 21:05,IP Address,24.64.84.140,100,3378,True,14/11/2021 21:05,R_11hXMxJsu4s1UkX,49.8374939,-110.516098,anonymous,EN,59,electricity consumption,radio on,wiper on gte 1,h0v0,3,easy,M,M,M,WHAT_Ql,2.56,15.58,16.37,1,354,M,WHAT_Ql_M_E,M_E,2,245.457,2,0.56,16,-0.42,15,1.37,Agree,1,1,1,1,116,n
14/11/2021 20:09,14/11/2021 21:05,IP Address,24.64.84.140,100,3378,True,14/11/2021 21:05,R_11hXMxJsu4s1UkX,49.8374939,-110.516098,anonymous,EN,1,electricity consumption,gps on,wiper on gte 1,h0v0,6,medium,E,H,E,WHAT_Ql,34.11,88.08,35.51,1,439,H,WHAT_Ql_H_M,H_M,2,291.302,100,-65.89,80,8.08,59,-23.49,Disagree,0,1,1,2,117,n
14/11/2021 20:09,14/11/2021 21:05,IP Address,24.64.84.140,100,3378,True,14/11/2021 21:05,R_11hXMxJsu4s1UkX,49.8374939,-110.516098,anonymous,EN,67,electricity consumption,wiper on,gps on gte 1,h0v0,3,easy,H,E,H,WHERE,16.29,25.28,34.9,-1,381,H,WHERE_H_E,H_E,0,73.57,17,-0.71,25,0.28,33,1.9,Neither agree nor disagree,0,1,1,5,118,n
14/11/2021 20:09,14/11/2021 21:05,IP Address,24.64.84.140,100,3378,True,14/11/2021 21:05,R_11hXMxJsu4s1UkX,49.8374939,-110.516098,anonymous,EN,4,suspension force,gps on,wiper on gte 1,h0v0,6,medium,H,E,E,WHERE,18.83,19.96,28.68,1,462,E,WHERE_E_M,E_M,1,106.558,26,-7.17,21,-1.04,19,9.68,Neither agree nor disagree,0,1,0,4,119,n
14/11/2021 20:09,14/11/2021 21:05,IP Address,24.64.84.140,100,3378,True,14/11/2021 21:05,R_11hXMxJsu4s1UkX,49.8374939,-110.516098,anonymous,EN,67,electricity consumption,wiper on,gps on gte 1,h0v0,9,hard,H,E,H,WHERE,25.62,25.28,21.25,1,486,H,WHERE_H_H,H_H,1,282.31,10,15.62,50,-24.72,21,0.25,Disagree,0,1,1,1,124,n
15/11/2021 03:19,15/11/2021 04:00,IP Address,68.48.149.184,100,2471,True,15/11/2021 04:00,R_pgYt2Q9MKcDDhRv,43.01010132,-85.75930023,anonymous,EN,59,electricity consumption,radio on,wiper on gte 1,h0v0,6,medium,M,M,M,WHAT_Qn,66.66,64.01,12.5,-1,250,M,WHAT_Qn_M_M,M_M,2,202.411,70,-3.34,68,-3.99,15,-2.5,Disagree,1,1,1,2,0,h
15/11/2021 03:19,15/11/2021 04:00,IP Address,68.48.149.184,100,2471,True,15/11/2021 04:00,R_pgYt2Q9MKcDDhRv,43.01010132,-85.75930023,anonymous,EN,67,electricity consumption,wiper on,gps on gte 1,h0v0,9,hard,H,E,H,WHAT_Qn,48.07,56.78,23.82,1,351,H,WHAT_Qn_H_H,H_H,0,171.263,47,1.07,55,1.78,27,-3.18,Neither agree nor disagree,0,1,1,1,1,h
15/11/2021 03:19,15/11/2021 04:00,IP Address,68.48.149.184,100,2471,True,15/11/2021 04:00,R_pgYt2Q9MKcDDhRv,43.01010132,-85.75930023,anonymous,EN,4,suspension force,gps on,wiper on gte 1,h0v0,9,hard,H,E,E,WHAT_Qn,73.21,76.69,16.62,-1,432,H,WHAT_Qn_H_H,H_H,1,212.85,73,0.21,73,3.69,17,-0.38,Disagree,1,1,1,1,2,h
15/11/2021 03:19,15/11/2021 04:00,IP Address,68.48.149.184,100,2471,True,15/11/2021 04:00,R_pgYt2Q9MKcDDhRv,43.01010132,-85.75930023,anonymous,EN,59,electricity consumption,radio on,wiper on gte 1,h0v0,6,medium,M,E,M,WHAT_Ql,5.52,14,38.06,-1,283,E,WHAT_Ql_E_M,E_M,3,291.346,4,1.52,17,-3,34,4.06,Agree,0,3,2,2,3,h
15/11/2021 03:19,15/11/2021 04:00,IP Address,68.48.149.184,100,2471,True,15/11/2021 04:00,R_pgYt2Q9MKcDDhRv,43.01010132,-85.75930023,anonymous,EN,67,electricity consumption,wiper on,gps on gte 1,h0v0,3,easy,H,M,H,WHAT_Ql,5.15,20.17,38.19,1,352,M,WHAT_Ql_M_E,M_E,3,129.579,4,1.15,21,-0.83,37,1.19,Disagree,0,2,1,1,4,h
15/11/2021 03:19,15/11/2021 04:00,IP Address,68.48.149.184,100,2471,True,15/11/2021 04:00,R_pgYt2Q9MKcDDhRv,43.01010132,-85.75930023,anonymous,EN,1,electricity consumption,gps on,wiper on gte 1,h0v0,6,medium,E,H,E,WHAT_Ql,34.11,88.08,35.51,1,439,H,WHAT_Ql_H_M,H_M,2,279.554,34,0.11,87,1.08,35,0.51,Disagree,0,3,2,3,5,h
15/11/2021 03:19,15/11/2021 04:00,IP Address,68.48.149.184,100,2471,True,15/11/2021 04:00,R_pgYt2Q9MKcDDhRv,43.01010132,-85.75930023,anonymous,EN,67,electricity consumption,wiper on,gps on gte 1,h0v0,6,medium,H,M,H,WHERE,27.96,25.28,25.19,-1,310,H,WHERE_H_M,H_M,1,133.499,40,-12.04,30,-4.72,35,-9.81,Neither agree nor disagree,0,1,0,1,6,h
15/11/2021 03:19,15/11/2021 04:00,IP Address,68.48.149.184,100,2471,True,15/11/2021 04:00,R_pgYt2Q9MKcDDhRv,43.01010132,-85.75930023,anonymous,EN,1,electricity consumption,gps on,wiper on gte 1,h0v0,3,easy,E,M,E,WHERE,13.46,15.53,13.37,-1,379,E,WHERE_E_E,E_E,2,163.182,10,3.46,25,-9.47,20,-6.63,Neither agree nor disagree,0,2,0,1,7,h
15/11/2021 03:19,15/11/2021 04:00,IP Address,68.48.149.184,100,2471,True,15/11/2021 04:00,R_pgYt2Q9MKcDDhRv,43.01010132,-85.75930023,anonymous,EN,67,electricity consumption,wiper on,gps on gte 1,h0v0,9,hard,H,E,H,WHERE,25.62,25.28,21.25,1,486,H,WHERE_H_H,H_H,1,349.966,25,0.62,20,5.28,30,-8.75,Neither agree nor disagree,0,1,1,2,8,h
15/11/2021 04:18,15/11/2021 04:40,IP Address,86.4.224.122,100,1320,True,15/11/2021 04:40,R_3D6zIPM3ZLUl4wa,54.96629333,-1.609298706,anonymous,EN,1,electricity consumption,gps on,wiper on gte 1,h0v0,3,easy,E,E,E,WHAT_Qn,51.75,42.6,34.84,1,244,E,WHAT_Qn_E_E,E_E,3,117.79,58,-6.25,45,-2.4,33,1.84,Neither agree nor disagree,0,3,1,3,18,h
15/11/2021 04:18,15/11/2021 04:40,IP Address,86.4.224.122,100,1320,True,15/11/2021 04:40,R_3D6zIPM3ZLUl4wa,54.96629333,-1.609298706,anonymous,EN,1,electricity consumption,gps on,wiper on gte 1,h0v0,9,hard,E,M,E,WHAT_Qn,46.44,42.6,28.48,-1,337,E,WHAT_Qn_E_H,E_H,3,112.176,50,-3.56,37,5.6,23,5.48,Agree,0,3,2,3,19,h
15/11/2021 04:18,15/11/2021 04:40,IP Address,86.4.224.122,100,1320,True,15/11/2021 04:40,R_3D6zIPM3ZLUl4wa,54.96629333,-1.609298706,anonymous,EN,29,engine temperature,radio on,wiper on gte 1,h0v0,3,easy,E,E,E,WHAT_Qn,35.04,34.69,12.03,-1,406,E,WHAT_Qn_E_E,E_E,2,55.548,37,-1.96,44,-9.31,10,2.03,Disagree,1,2,1,3,20,h
15/11/2021 04:18,15/11/2021 04:40,IP Address,86.4.224.122,100,1320,True,15/11/2021 04:40,R_3D6zIPM3ZLUl4wa,54.96629333,-1.609298706,anonymous,EN,4,suspension force,gps on,wiper on gte 1,h0v0,9,hard,H,E,E,WHAT_Ql,4.31,33.52,18.23,1,297,E,WHAT_Ql_E_H,E_H,4,106.924,5,-0.69,34,-0.48,22,-3.77,Agree,1,4,4,2,21,h
15/11/2021 04:18,15/11/2021 04:40,IP Address,86.4.224.122,100,1320,True,15/11/2021 04:40,R_3D6zIPM3ZLUl4wa,54.96629333,-1.609298706,anonymous,EN,1,electricity consumption,gps on,wiper on gte 1,h0v0,9,hard,E,M,E,WHAT_Ql,29.67,84.11,35.04,1,378,M,WHAT_Ql_M_H,M_H,4,164.342,34,-4.33,85,-0.89,33,2.04,Agree,1,3,4,2,22,h
15/11/2021 04:18,15/11/2021 04:40,IP Address,86.4.224.122,100,1320,True,15/11/2021 04:40,R_3D6zIPM3ZLUl4wa,54.96629333,-1.609298706,anonymous,EN,4,suspension force,gps on,wiper on gte 1,h0v0,3,easy,H,M,E,WHAT_Ql,17.84,52.74,33.33,-1,433,M,WHAT_Ql_M_E,M_E,3,99.927,15,2.84,55,-2.26,9,24.33,Neither agree nor disagree,0,2,4,1,23,h
15/11/2021 04:18,15/11/2021 04:40,IP Address,86.4.224.122,100,1320,True,15/11/2021 04:40,R_3D6zIPM3ZLUl4wa,54.96629333,-1.609298706,anonymous,EN,59,electricity consumption,radio on,wiper on gte 1,h0v0,8,hard,M,E,M,WHERE,36.12,38.08,18.65,1,324,M,WHERE_M_H,M_H,0,88.207,10,26.12,60,-21.92,12,6.65,Neither agree nor disagree,0,2,2,0,24,h
15/11/2021 04:18,15/11/2021 04:40,IP Address,86.4.224.122,100,1320,True,15/11/2021 04:40,R_3D6zIPM3ZLUl4wa,54.96629333,-1.609298706,anonymous,EN,4,suspension force,gps on,wiper on gte 1,h0v0,9,hard,H,M,E,WHERE,22.92,19.96,16.93,-1,391,E,WHERE_E_H,E_H,2,52.834,7,15.92,36,-16.04,11,5.93,Disagree,1,0,3,0,25,h
15/11/2021 04:18,15/11/2021 04:40,IP Address,86.4.224.122,100,1320,True,15/11/2021 04:40,R_3D6zIPM3ZLUl4wa,54.96629333,-1.609298706,anonymous,EN,29,engine temperature,radio on,wiper on gte 1,h0v0,6,medium,E,H,E,WHERE,11.85,14.86,31.36,-1,466,E,WHERE_E_M,E_M,1,54.723,16,-4.15,34,-19.14,24,7.36,Agree,0,1,0,2,26,h
15/11/2021 04:19,15/11/2021 04:35,IP Address,31.51.140.227,100,946,True,15/11/2021 04:35,R_2zdMWAKrP7ECpUn,51.61149597,-0.249603271,anonymous,EN,67,electricity consumption,wiper on,gps on gte 1,h0v0,3,easy,H,M,H,WHAT_Qn,52.06,56.78,19.63,1,246,H,WHAT_Qn_H_E,H_E,2,49.418,50,2.06,50,6.78,21,-1.37,Disagree,0,2,2,2,9,h
15/11/2021 04:19,15/11/2021 04:35,IP Address,31.51.140.227,100,946,True,15/11/2021 04:35,R_2zdMWAKrP7ECpUn,51.61149597,-0.249603271,anonymous,EN,29,engine temperature,radio on,wiper on gte 1,h0v0,6,medium,E,H,E,WHAT_Qn,30.71,34.69,22.19,1,331,E,WHAT_Qn_E_M,E_M,1,55.067,35,-4.29,53,-18.31,30,-7.81,Neither agree nor disagree,0,0,1,1,10,h
15/11/2021 04:19,15/11/2021 04:35,IP Address,31.51.140.227,100,946,True,15/11/2021 04:35,R_2zdMWAKrP7ECpUn,51.61149597,-0.249603271,anonymous,EN,59,electricity consumption,radio on,wiper on gte 1,h0v0,8,hard,M,M,M,WHAT_Qn,71.72,64.01,22.38,1,418,M,WHAT_Qn_M_H,M_H,2,56.287,62,9.72,86,-21.99,18,4.38,Disagree,0,1,1,2,11,h
15/11/2021 04:19,15/11/2021 04:35,IP Address,31.51.140.227,100,946,True,15/11/2021 04:35,R_2zdMWAKrP7ECpUn,51.61149597,-0.249603271,anonymous,EN,29,engine temperature,radio on,wiper on gte 1,h0v0,3,easy,E,E,E,WHAT_Ql,0,24.27,36,1,271,E,WHAT_Ql_E_E,E_E,2,54.8,69,-69,24,0.27,41,-5,Neither agree nor disagree,0,1,1,2,12,h
15/11/2021 04:19,15/11/2021 04:35,IP Address,31.51.140.227,100,946,True,15/11/2021 04:35,R_2zdMWAKrP7ECpUn,51.61149597,-0.249603271,anonymous,EN,29,engine temperature,radio on,wiper on gte 1,h0v0,8,hard,E,H,E,WHAT_Ql,19.95,109.46,21.19,1,364,H,WHAT_Ql_H_H,H_H,1,197.707,77,-57.05,71,38.46,17,4.19,Agree,1,1,1,1,13,h
15/11/2021 04:19,15/11/2021 04:35,IP Address,31.51.140.227,100,946,True,15/11/2021 04:35,R_2zdMWAKrP7ECpUn,51.61149597,-0.249603271,anonymous,EN,29,engine temperature,radio on,wiper on gte 1,h0v0,6,medium,E,H,E,WHAT_Ql,25.92,71.6,37.24,1,435,H,WHAT_Ql_H_M,H_M,2,128.455,40,-14.08,81,-9.4,30,7.24,Disagree,0,3,3,3,14,h
15/11/2021 04:19,15/11/2021 04:35,IP Address,31.51.140.227,100,946,True,15/11/2021 04:35,R_2zdMWAKrP7ECpUn,51.61149597,-0.249603271,anonymous,EN,1,electricity consumption,gps on,wiper on gte 1,h0v0,6,medium,E,M,E,WHERE,14.04,15.53,18.54,1,304,E,WHERE_E_M,E_M,3,50.149,13,1.04,8,7.53,14,4.54,Agree,1,1,1,2,15,h
15/11/2021 04:19,15/11/2021 04:35,IP Address,31.51.140.227,100,946,True,15/11/2021 04:35,R_2zdMWAKrP7ECpUn,51.61149597,-0.249603271,anonymous,EN,67,electricity consumption,wiper on,gps on gte 1,h0v0,3,easy,H,E,H,WHERE,16.29,25.28,34.9,-1,381,H,WHERE_H_E,H_E,1,58.856,6,10.29,11,14.28,40,-5.1,Neither agree nor disagree,0,1,1,1,16,h
15/11/2021 04:19,15/11/2021 04:35,IP Address,31.51.140.227,100,946,True,15/11/2021 04:35,R_2zdMWAKrP7ECpUn,51.61149597,-0.249603271,anonymous,EN,1,electricity consumption,gps on,wiper on gte 1,h0v0,9,hard,E,M,E,WHERE,13.19,15.53,33.13,1,472,E,WHERE_E_H,E_H,1,52.487,10,3.19,10,5.53,34,-0.87,Agree,1,1,1,1,17,h
15/11/2021 04:31,15/11/2021 04:49,IP Address,81.109.109.110,100,1063,True,15/11/2021 04:49,R_PCiqOW03OuhyR1v,54.53959656,-5.975006104,anonymous,EN,29,engine temperature,radio on,wiper on gte 1,h0v0,9,hard,E,E,E,WHAT_Qn,27.13,34.69,24.33,-1,270,E,WHAT_Qn_E_H,E_H,3,51.6,36,-8.87,34,0.69,48,-23.67,Neither agree nor disagree,0,3,3,3,27,h
15/11/2021 04:31,15/11/2021 04:49,IP Address,81.109.109.110,100,1063,True,15/11/2021 04:49,R_PCiqOW03OuhyR1v,54.53959656,-5.975006104,anonymous,EN,59,electricity consumption,radio on,wiper on gte 1,h0v0,3,easy,M,E,M,WHAT_Qn,63.33,64.01,11.04,1,325,M,WHAT_Qn_M_E,M_E,3,134.946,82,-18.67,64,0.01,6,5.04,Disagree,0,3,3,3,28,h
15/11/2021 04:31,15/11/2021 04:49,IP Address,81.109.109.110,100,1063,True,15/11/2021 04:49,R_PCiqOW03OuhyR1v,54.53959656,-5.975006104,anonymous,EN,1,electricity consumption,gps on,wiper on gte 1,h0v0,5,medium,E,M,E,WHAT_Qn,43.35,42.6,13.03,-1,408,E,WHAT_Qn_E_M,E_M,2,118.382,55,-11.65,60,-17.4,25,-11.97,Disagree,1,3,2,2,29,h
15/11/2021 04:31,15/11/2021 04:49,IP Address,81.109.109.110,100,1063,True,15/11/2021 04:49,R_PCiqOW03OuhyR1v,54.53959656,-5.975006104,anonymous,EN,1,electricity consumption,gps on,wiper on gte 1,h0v0,3,easy,E,E,E,WHAT_Ql,27.33,78.73,27.33,1,273,E,WHAT_Ql_E_E,E_E,4,73.152,26,1.33,77,1.73,26,1.33,Disagree,0,4,4,4,30,h
15/11/2021 04:31,15/11/2021 04:49,IP Address,81.109.109.110,100,1063,True,15/11/2021 04:49,R_PCiqOW03OuhyR1v,54.53959656,-5.975006104,anonymous,EN,59,electricity consumption,radio on,wiper on gte 1,h0v0,3,easy,M,M,M,WHAT_Ql,2.56,15.58,16.37,1,354,M,WHAT_Ql_M_E,M_E,4,48.587,5,-2.44,16,-0.42,17,-0.63,Agree,1,4,4,4,31,h
15/11/2021 04:31,15/11/2021 04:49,IP Address,81.109.109.110,100,1063,True,15/11/2021 04:49,R_PCiqOW03OuhyR1v,54.53959656,-5.975006104,anonymous,EN,59,electricity consumption,radio on,wiper on gte 1,h0v0,8,hard,M,M,M,WHAT_Ql,5.71,15.58,33.33,1,459,M,WHAT_Ql_M_H,M_H,5,108.735,8,-2.29,23,-7.42,33,0.33,Disagree,0,3,3,3,32,h
15/11/2021 04:31,15/11/2021 04:49,IP Address,81.109.109.110,100,1063,True,15/11/2021 04:49,R_PCiqOW03OuhyR1v,54.53959656,-5.975006104,anonymous,EN,4,suspension force,gps on,wiper on gte 1,h0v0,3,easy,H,M,E,WHERE,12.67,19.96,24.86,-1,298,E,WHERE_E_E,E_E,3,41.065,8,4.67,40,-20.04,16,8.86,Neither agree nor disagree,0,3,3,3,33,h
15/11/2021 04:31,15/11/2021 04:49,IP Address,81.109.109.110,100,1063,True,15/11/2021 04:49,R_PCiqOW03OuhyR1v,54.53959656,-5.975006104,anonymous,EN,59,electricity consumption,radio on,wiper on gte 1,h0v0,6,medium,M,M,M,WHERE,31.47,38.08,33.81,1,385,M,WHERE_M_M,M_M,3,63.532,17,14.47,45,-6.92,19,14.81,Agree,1,3,3,3,34,h
15/11/2021 04:31,15/11/2021 04:49,IP Address,81.109.109.110,100,1063,True,15/11/2021 04:49,R_PCiqOW03OuhyR1v,54.53959656,-5.975006104,anonymous,EN,4,suspension force,gps on,wiper on gte 1,h0v0,6,medium,H,E,E,WHERE,18.83,19.96,28.68,1,462,E,WHERE_E_M,E_M,2,88.085,10,8.83,40,-20.04,19,9.68,Neither agree nor disagree,0,4,3,3,35,h
15/11/2021 04:38,15/11/2021 05:10,IP Address,197.90.171.56,100,1905,True,15/11/2021 05:10,R_z1qjtxG78u44aid,-26.38110352,27.83760071,anonymous,EN,67,electricity consumption,wiper on,gps on gte 1,h0v0,3,easy,H,M,H,WHAT_Qn,52.06,56.78,19.63,1,246,H,WHAT_Qn_H_E,H_E,5,96.354,33,19.06,51,5.78,34,-14.37,Neither agree nor disagree,0,5,4,3,36,h
15/11/2021 04:38,15/11/2021 05:10,IP Address,197.90.171.56,100,1905,True,15/11/2021 05:10,R_z1qjtxG78u44aid,-26.38110352,27.83760071,anonymous,EN,29,engine temperature,radio on,wiper on gte 1,h0v0,6,medium,E,H,E,WHAT_Qn,30.71,34.69,22.19,1,331,E,WHAT_Qn_E_M,E_M,3,112.629,40,-9.29,35,-0.31,30,-7.81,Disagree,0,4,3,4,37,h
15/11/2021 04:38,15/11/2021 05:10,IP Address,197.90.171.56,100,1905,True,15/11/2021 05:10,R_z1qjtxG78u44aid,-26.38110352,27.83760071,anonymous,EN,1,electricity consumption,gps on,wiper on gte 1,h0v0,5,medium,E,M,E,WHAT_Qn,43.35,42.6,13.03,-1,408,E,WHAT_Qn_E_M,E_M,4,117.155,11,32.35,25,17.6,18,-4.97,Agree,0,3,4,3,38,h
15/11/2021 04:38,15/11/2021 05:10,IP Address,197.90.171.56,100,1905,True,15/11/2021 05:10,R_z1qjtxG78u44aid,-26.38110352,27.83760071,anonymous,EN,29,engine temperature,radio on,wiper on gte 1,h0v0,3,easy,E,E,E,WHAT_Ql,0,24.27,36,1,271,E,WHAT_Ql_E_E,E_E,5,118.885,31,-31,24,0.27,31,5,Agree,1,2,3,4,39,h
15/11/2021 04:38,15/11/2021 05:10,IP Address,197.90.171.56,100,1905,True,15/11/2021 05:10,R_z1qjtxG78u44aid,-26.38110352,27.83760071,anonymous,EN,59,electricity consumption,radio on,wiper on gte 1,h0v0,3,easy,M,M,M,WHAT_Ql,2.56,15.58,16.37,1,354,M,WHAT_Ql_M_E,M_E,3,92.989,29,-26.44,27,-11.42,27,-10.63,Neither agree nor disagree,0,5,4,3,40,h
15/11/2021 04:38,15/11/2021 05:10,IP Address,197.90.171.56,100,1905,True,15/11/2021 05:10,R_z1qjtxG78u44aid,-26.38110352,27.83760071,anonymous,EN,67,electricity consumption,wiper on,gps on gte 1,h0v0,9,hard,H,H,H,WHAT_Ql,1.93,21.24,16.73,1,445,H,WHAT_Ql_H_H,H_H,4,105.726,30,-28.07,16,5.24,17,-0.27,Agree,1,4,4,4,41,h
15/11/2021 04:38,15/11/2021 05:10,IP Address,197.90.171.56,100,1905,True,15/11/2021 05:10,R_z1qjtxG78u44aid,-26.38110352,27.83760071,anonymous,EN,4,suspension force,gps on,wiper on gte 1,h0v0,3,easy,H,M,E,WHERE,12.67,19.96,24.86,-1,298,E,WHERE_E_E,E_E,3,128.637,14,-1.33,8,11.96,40,-15.14,Neither agree nor disagree,0,3,5,3,42,h
15/11/2021 04:38,15/11/2021 05:10,IP Address,197.90.171.56,100,1905,True,15/11/2021 05:10,R_z1qjtxG78u44aid,-26.38110352,27.83760071,anonymous,EN,1,electricity consumption,gps on,wiper on gte 1,h0v0,3,easy,E,M,E,WHERE,13.46,15.53,13.37,-1,379,E,WHERE_E_E,E_E,4,75.025,11,2.46,8,7.53,7,6.37,Disagree,1,4,3,4,43,h
15/11/2021 04:38,15/11/2021 05:10,IP Address,197.90.171.56,100,1905,True,15/11/2021 05:10,R_z1qjtxG78u44aid,-26.38110352,27.83760071,anonymous,EN,29,engine temperature,radio on,wiper on gte 1,h0v0,6,medium,E,H,E,WHERE,11.85,14.86,31.36,-1,466,E,WHERE_E_M,E_M,3,93.932,8,3.85,8,6.86,38,-6.64,Agree,0,3,4,3,44,h
15/11/2021 04:50,15/11/2021 05:11,IP Address,197.228.220.128,100,1279,True,15/11/2021 05:11,R_3Ibfdqw0O0UZoE7,-26.38110352,27.83760071,anonymous,EN,29,engine temperature,radio on,wiper on gte 1,h0v0,9,hard,E,E,E,WHAT_Qn,27.13,34.69,24.33,-1,270,E,WHAT_Qn_E_H,E_H,4,135.482,36,-8.87,48,-13.31,25,-0.67,Disagree,1,3,3,4,45,h
15/11/2021 04:50,15/11/2021 05:11,IP Address,197.228.220.128,100,1279,True,15/11/2021 05:11,R_3Ibfdqw0O0UZoE7,-26.38110352,27.83760071,anonymous,EN,1,electricity consumption,gps on,wiper on gte 1,h0v0,9,hard,E,M,E,WHAT_Qn,46.44,42.6,28.48,-1,337,E,WHAT_Qn_E_H,E_H,2,64.28,40,6.44,38,4.6,26,2.48,Disagree,1,3,3,4,46,h
15/11/2021 04:50,15/11/2021 05:11,IP Address,197.228.220.128,100,1279,True,15/11/2021 05:11,R_3Ibfdqw0O0UZoE7,-26.38110352,27.83760071,anonymous,EN,67,electricity consumption,wiper on,gps on gte 1,h0v0,6,medium,H,H,H,WHAT_Qn,55.88,56.78,49.47,1,412,H,WHAT_Qn_H_M,H_M,2,110.654,65,-9.12,54,2.78,47,2.47,Agree,1,4,3,4,47,h
15/11/2021 04:50,15/11/2021 05:11,IP Address,197.228.220.128,100,1279,True,15/11/2021 05:11,R_3Ibfdqw0O0UZoE7,-26.38110352,27.83760071,anonymous,EN,67,electricity consumption,wiper on,gps on gte 1,h0v0,6,medium,H,E,H,WHAT_Ql,3,7.29,51.71,1,277,E,WHAT_Ql_E_M,E_M,2,113.376,7,-4,9,-1.71,46,5.71,Agree,1,4,4,4,48,h
15/11/2021 04:50,15/11/2021 05:11,IP Address,197.228.220.128,100,1279,True,15/11/2021 05:11,R_3Ibfdqw0O0UZoE7,-26.38110352,27.83760071,anonymous,EN,4,suspension force,gps on,wiper on gte 1,h0v0,6,medium,H,M,E,WHAT_Ql,24.5,75.88,30.78,1,358,M,WHAT_Ql_M_M,M_M,2,169.081,26,-1.5,75,0.88,31,-0.22,Agree,1,4,4,4,49,h
15/11/2021 04:50,15/11/2021 05:11,IP Address,197.228.220.128,100,1279,True,15/11/2021 05:11,R_3Ibfdqw0O0UZoE7,-26.38110352,27.83760071,anonymous,EN,59,electricity consumption,radio on,wiper on gte 1,h0v0,8,hard,M,M,M,WHAT_Ql,5.71,15.58,33.33,1,459,M,WHAT_Ql_M_H,M_H,3,154.584,5,0.71,21,-5.42,33,0.33,Disagree,0,4,4,3,50,h
15/11/2021 04:50,15/11/2021 05:11,IP Address,197.228.220.128,100,1279,True,15/11/2021 05:11,R_3Ibfdqw0O0UZoE7,-26.38110352,27.83760071,anonymous,EN,67,electricity consumption,wiper on,gps on gte 1,h0v0,6,medium,H,M,H,WHERE,27.96,25.28,25.19,-1,310,H,WHERE_H_M,H_M,2,46.234,25,2.96,49,-23.72,26,-0.81,Agree,0,1,1,2,51,h
15/11/2021 04:50,15/11/2021 05:11,IP Address,197.228.220.128,100,1279,True,15/11/2021 05:11,R_3Ibfdqw0O0UZoE7,-26.38110352,27.83760071,anonymous,EN,59,electricity consumption,radio on,wiper on gte 1,h0v0,6,medium,M,M,M,WHERE,31.47,38.08,33.81,1,385,M,WHERE_M_M,M_M,2,79.727,46,-14.53,79,-40.92,33,0.81,Disagree,0,2,1,3,52,h
15/11/2021 04:50,15/11/2021 05:11,IP Address,197.228.220.128,100,1279,True,15/11/2021 05:11,R_3Ibfdqw0O0UZoE7,-26.38110352,27.83760071,anonymous,EN,1,electricity consumption,gps on,wiper on gte 1,h0v0,9,hard,E,M,E,WHERE,13.19,15.53,33.13,1,472,E,WHERE_E_H,E_H,2,54.293,29,-15.81,42,-26.47,25,8.13,Neither agree nor disagree,0,2,1,3,53,h
15/11/2021 05:09,15/11/2021 05:40,IP Address,81.178.156.178,100,1886,True,15/11/2021 05:40,R_3jZEffad1Ie287Y,53.43460083,-2.908905029,anonymous,EN,1,electricity consumption,gps on,wiper on gte 1,h0v0,3,easy,E,E,E,WHAT_Qn,51.75,42.6,34.84,1,244,E,WHAT_Qn_E_E,E_E,5,144.26,50,1.75,50,-7.4,30,4.84,Disagree,0,3,3,4,54,h
15/11/2021 05:09,15/11/2021 05:40,IP Address,81.178.156.178,100,1886,True,15/11/2021 05:40,R_3jZEffad1Ie287Y,53.43460083,-2.908905029,anonymous,EN,67,electricity consumption,wiper on,gps on gte 1,h0v0,9,hard,H,E,H,WHAT_Qn,48.07,56.78,23.82,1,351,H,WHAT_Qn_H_H,H_H,5,100.855,50,-1.93,55,1.78,20,3.82,Disagree,0,3,3,4,55,h
15/11/2021 05:09,15/11/2021 05:40,IP Address,81.178.156.178,100,1886,True,15/11/2021 05:40,R_3jZEffad1Ie287Y,53.43460083,-2.908905029,anonymous,EN,29,engine temperature,radio on,wiper on gte 1,h0v0,3,easy,E,E,E,WHAT_Qn,35.04,34.69,12.03,-1,406,E,WHAT_Qn_E_E,E_E,4,94.303,30,5.04,37,-2.31,10,2.03,Disagree,1,3,3,4,56,h
15/11/2021 05:09,15/11/2021 05:40,IP Address,81.178.156.178,100,1886,True,15/11/2021 05:40,R_3jZEffad1Ie287Y,53.43460083,-2.908905029,anonymous,EN,4,suspension force,gps on,wiper on gte 1,h0v0,9,hard,H,E,E,WHAT_Ql,4.31,33.52,18.23,1,297,E,WHAT_Ql_E_H,E_H,5,119.426,1,3.31,16,17.52,34,-15.77,Disagree,0,4,4,4,57,h
15/11/2021 05:09,15/11/2021 05:40,IP Address,81.178.156.178,100,1886,True,15/11/2021 05:40,R_3jZEffad1Ie287Y,53.43460083,-2.908905029,anonymous,EN,29,engine temperature,radio on,wiper on gte 1,h0v0,8,hard,E,H,E,WHAT_Ql,19.95,109.46,21.19,1,364,H,WHAT_Ql_H_H,H_H,5,128.785,20,-0.05,66,43.46,21,0.19,Agree,1,4,4,4,58,h
15/11/2021 05:09,15/11/2021 05:40,IP Address,81.178.156.178,100,1886,True,15/11/2021 05:40,R_3jZEffad1Ie287Y,53.43460083,-2.908905029,anonymous,EN,29,engine temperature,radio on,wiper on gte 1,h0v0,6,medium,E,H,E,WHAT_Ql,25.92,71.6,37.24,1,435,H,WHAT_Ql_H_M,H_M,5,125.679,33,-7.08,71,0.6,37,0.24,Disagree,0,4,4,4,59,h
15/11/2021 05:09,15/11/2021 05:40,IP Address,81.178.156.178,100,1886,True,15/11/2021 05:40,R_3jZEffad1Ie287Y,53.43460083,-2.908905029,anonymous,EN,59,electricity consumption,radio on,wiper on gte 1,h0v0,8,hard,M,E,M,WHERE,36.12,38.08,18.65,1,324,M,WHERE_M_H,M_H,5,143.949,35,1.12,51,-12.92,16,2.65,Disagree,0,3,3,3,60,h
15/11/2021 05:09,15/11/2021 05:40,IP Address,81.178.156.178,100,1886,True,15/11/2021 05:40,R_3jZEffad1Ie287Y,53.43460083,-2.908905029,anonymous,EN,4,suspension force,gps on,wiper on gte 1,h0v0,9,hard,H,M,E,WHERE,22.92,19.96,16.93,-1,391,E,WHERE_E_H,E_H,5,110.001,21,1.92,30,-10.04,10,6.93,Disagree,1,3,3,2,61,h
15/11/2021 05:09,15/11/2021 05:40,IP Address,81.178.156.178,100,1886,True,15/11/2021 05:40,R_3jZEffad1Ie287Y,53.43460083,-2.908905029,anonymous,EN,59,electricity consumption,radio on,wiper on gte 1,h0v0,3,easy,M,M,M,WHERE,65.92,38.08,7.87,1,460,M,WHERE_M_E,M_E,5,169.977,69,-3.08,25,13.08,5,2.87,Disagree,0,4,3,4,62,h
15/11/2021 05:23,15/11/2021 05:44,IP Address,41.71.84.225,100,1288,True,15/11/2021 05:44,R_6y6oqenE14XplTz,-34.04859924,18.48109436,anonymous,EN,4,suspension force,gps on,wiper on gte 1,h0v0,6,medium,H,M,E,WHAT_Qn,84.3,76.69,19.89,-1,256,H,WHAT_Qn_H_M,H_M,4,83.955,80,4.3,85,-8.31,22,-2.11,Disagree,1,4,4,3,63,h
15/11/2021 05:23,15/11/2021 05:44,IP Address,41.71.84.225,100,1288,True,15/11/2021 05:44,R_6y6oqenE14XplTz,-34.04859924,18.48109436,anonymous,EN,4,suspension force,gps on,wiper on gte 1,h0v0,3,easy,H,M,E,WHAT_Qn,68.95,76.69,9.8,-1,327,H,WHAT_Qn_H_E,H_E,3,124.772,74,-5.05,78,-1.31,20,-10.2,Neither agree nor disagree,0,4,4,5,64,h
15/11/2021 05:23,15/11/2021 05:44,IP Address,41.71.84.225,100,1288,True,15/11/2021 05:44,R_6y6oqenE14XplTz,-34.04859924,18.48109436,anonymous,EN,67,electricity consumption,wiper on,gps on gte 1,h0v0,6,medium,H,H,H,WHAT_Qn,55.88,56.78,49.47,1,412,H,WHAT_Qn_H_M,H_M,5,77.022,70,-14.12,63,-6.22,45,4.47,Disagree,0,3,4,4,65,h
15/11/2021 05:23,15/11/2021 05:44,IP Address,41.71.84.225,100,1288,True,15/11/2021 05:44,R_6y6oqenE14XplTz,-34.04859924,18.48109436,anonymous,EN,1,electricity consumption,gps on,wiper on gte 1,h0v0,3,easy,E,E,E,WHAT_Ql,27.33,78.73,27.33,1,273,E,WHAT_Ql_E_E,E_E,5,101.554,30,-2.67,78,0.73,30,-2.67,Disagree,0,3,5,4,66,h
15/11/2021 05:23,15/11/2021 05:44,IP Address,41.71.84.225,100,1288,True,15/11/2021 05:44,R_6y6oqenE14XplTz,-34.04859924,18.48109436,anonymous,EN,67,electricity consumption,wiper on,gps on gte 1,h0v0,3,easy,H,M,H,WHAT_Ql,5.15,20.17,38.19,1,352,M,WHAT_Ql_M_E,M_E,3,128.94,5,0.15,31,-10.83,46,-7.81,Disagree,0,2,4,4,67,h
15/11/2021 05:23,15/11/2021 05:44,IP Address,41.71.84.225,100,1288,True,15/11/2021 05:44,R_6y6oqenE14XplTz,-34.04859924,18.48109436,anonymous,EN,1,electricity consumption,gps on,wiper on gte 1,h0v0,6,medium,E,H,E,WHAT_Ql,34.11,88.08,35.51,1,439,H,WHAT_Ql_H_M,H_M,5,117.112,40,-5.89,45,43.08,30,5.51,Agree,1,4,5,3,68,h
15/11/2021 05:23,15/11/2021 05:44,IP Address,41.71.84.225,100,1288,True,15/11/2021 05:44,R_6y6oqenE14XplTz,-34.04859924,18.48109436,anonymous,EN,1,electricity consumption,gps on,wiper on gte 1,h0v0,6,medium,E,M,E,WHERE,14.04,15.53,18.54,1,304,E,WHERE_E_M,E_M,0,88.829,15,-0.96,25,-9.47,10,8.54,Neither agree nor disagree,0,3,4,3,69,h
15/11/2021 05:23,15/11/2021 05:44,IP Address,41.71.84.225,100,1288,True,15/11/2021 05:44,R_6y6oqenE14XplTz,-34.04859924,18.48109436,anonymous,EN,29,engine temperature,radio on,wiper on gte 1,h0v0,9,hard,E,E,E,WHERE,15.64,14.86,26.8,-1,405,E,WHERE_E_H,E_H,0,76.774,21,-5.36,25,-10.14,29,-2.2,Neither agree nor disagree,0,3,3,4,70,h
15/11/2021 05:23,15/11/2021 05:44,IP Address,41.71.84.225,100,1288,True,15/11/2021 05:44,R_6y6oqenE14XplTz,-34.04859924,18.48109436,anonymous,EN,67,electricity consumption,wiper on,gps on gte 1,h0v0,9,hard,H,E,H,WHERE,25.62,25.28,21.25,1,486,H,WHERE_H_H,H_H,0,109.156,13,12.62,50,-24.72,31,-9.75,Neither agree nor disagree,0,1,4,3,71,h
15/11/2021 05:27,15/11/2021 05:45,IP Address,86.8.47.167,100,1058,True,15/11/2021 05:45,R_2R51HDZIWKm4MFS,51.24000549,-0.097305298,anonymous,EN,4,suspension force,gps on,wiper on gte 1,h0v0,6,medium,H,M,E,WHAT_Qn,84.3,76.69,19.89,-1,256,H,WHAT_Qn_H_M,H_M,0,41.437,65,19.3,82,-5.31,16,3.89,Agree,0,0,5,5,72,h
15/11/2021 05:27,15/11/2021 05:45,IP Address,86.8.47.167,100,1058,True,15/11/2021 05:45,R_2R51HDZIWKm4MFS,51.24000549,-0.097305298,anonymous,EN,59,electricity consumption,radio on,wiper on gte 1,h0v0,3,easy,M,E,M,WHAT_Qn,63.33,64.01,11.04,1,325,M,WHAT_Qn_M_E,M_E,0,80.217,71,-7.67,73,-8.99,12,-0.96,Neither agree nor disagree,0,4,4,5,73,h
15/11/2021 05:27,15/11/2021 05:45,IP Address,86.8.47.167,100,1058,True,15/11/2021 05:45,R_2R51HDZIWKm4MFS,51.24000549,-0.097305298,anonymous,EN,59,electricity consumption,radio on,wiper on gte 1,h0v0,8,hard,M,M,M,WHAT_Qn,71.72,64.01,22.38,1,418,M,WHAT_Qn_M_H,M_H,0,56.684,41,30.72,70,-5.99,20,2.38,Neither agree nor disagree,0,0,5,5,74,h
15/11/2021 05:27,15/11/2021 05:45,IP Address,86.8.47.167,100,1058,True,15/11/2021 05:45,R_2R51HDZIWKm4MFS,51.24000549,-0.097305298,anonymous,EN,67,electricity consumption,wiper on,gps on gte 1,h0v0,6,medium,H,E,H,WHAT_Ql,3,7.29,51.71,1,277,E,WHAT_Ql_E_M,E_M,1,63.508,6,-3,7,0.29,46,5.71,Disagree,0,5,5,4,75,h
15/11/2021 05:27,15/11/2021 05:45,IP Address,86.8.47.167,100,1058,True,15/11/2021 05:45,R_2R51HDZIWKm4MFS,51.24000549,-0.097305298,anonymous,EN,59,electricity consumption,radio on,wiper on gte 1,h0v0,3,easy,M,M,M,WHAT_Ql,2.56,15.58,16.37,1,354,M,WHAT_Ql_M_E,M_E,5,75.32,3,-0.44,15,0.58,16,0.37,Neither agree nor disagree,0,5,5,5,76,h
15/11/2021 05:27,15/11/2021 05:45,IP Address,86.8.47.167,100,1058,True,15/11/2021 05:45,R_2R51HDZIWKm4MFS,51.24000549,-0.097305298,anonymous,EN,59,electricity consumption,radio on,wiper on gte 1,h0v0,8,hard,M,M,M,WHAT_Ql,5.71,15.58,33.33,1,459,M,WHAT_Ql_M_H,M_H,5,101.092,45,-39.29,13,2.58,27,6.33,Disagree,0,5,5,5,77,h
15/11/2021 05:27,15/11/2021 05:45,IP Address,86.8.47.167,100,1058,True,15/11/2021 05:45,R_2R51HDZIWKm4MFS,51.24000549,-0.097305298,anonymous,EN,1,electricity consumption,gps on,wiper on gte 1,h0v0,6,medium,E,M,E,WHERE,14.04,15.53,18.54,1,304,E,WHERE_E_M,E_M,1,43.566,17,-2.96,35,-19.47,27,-8.46,Neither agree nor disagree,0,1,0,5,78,h
15/11/2021 05:27,15/11/2021 05:45,IP Address,86.8.47.167,100,1058,True,15/11/2021 05:45,R_2R51HDZIWKm4MFS,51.24000549,-0.097305298,anonymous,EN,67,electricity consumption,wiper on,gps on gte 1,h0v0,3,easy,H,E,H,WHERE,16.29,25.28,34.9,-1,381,H,WHERE_H_E,H_E,0,62.374,22,-5.71,21,4.28,54,-19.1,Neither agree nor disagree,0,0,0,5,79,h
15/11/2021 05:27,15/11/2021 05:45,IP Address,86.8.47.167,100,1058,True,15/11/2021 05:45,R_2R51HDZIWKm4MFS,51.24000549,-0.097305298,anonymous,EN,59,electricity consumption,radio on,wiper on gte 1,h0v0,3,easy,M,M,M,WHERE,65.92,38.08,7.87,1,460,M,WHERE_M_E,M_E,5,38.49,13,52.92,72,-33.92,3,4.87,Disagree,0,0,1,5,80,h
15/11/2021 05:34,15/11/2021 05:55,IP Address,197.185.116.212,100,1232,True,15/11/2021 05:55,R_8IJ9Up1mRKYewh3,-33.91400146,18.41290283,anonymous,EN,1,electricity consumption,gps on,wiper on gte 1,h0v0,3,easy,E,E,E,WHAT_Qn,51.75,42.6,34.84,1,244,E,WHAT_Qn_E_E,E_E,5,67.422,46,5.75,53,-10.4,31,3.84,Agree,1,1,3,4,81,h
15/11/2021 05:34,15/11/2021 05:55,IP Address,197.185.116.212,100,1232,True,15/11/2021 05:55,R_8IJ9Up1mRKYewh3,-33.91400146,18.41290283,anonymous,EN,29,engine temperature,radio on,wiper on gte 1,h0v0,6,medium,E,H,E,WHAT_Qn,30.71,34.69,22.19,1,331,E,WHAT_Qn_E_M,E_M,4,101.305,36,-5.29,40,-5.31,100,-77.81,Agree,1,3,2,2,82,h
15/11/2021 05:34,15/11/2021 05:55,IP Address,197.185.116.212,100,1232,True,15/11/2021 05:55,R_8IJ9Up1mRKYewh3,-33.91400146,18.41290283,anonymous,EN,29,engine temperature,radio on,wiper on gte 1,h0v0,3,easy,E,E,E,WHAT_Qn,35.04,34.69,12.03,-1,406,E,WHAT_Qn_E_E,E_E,5,60.562,40,-4.96,42,-7.31,17,-4.97,Disagree,1,4,2,5,83,h
15/11/2021 05:34,15/11/2021 05:55,IP Address,197.185.116.212,100,1232,True,15/11/2021 05:55,R_8IJ9Up1mRKYewh3,-33.91400146,18.41290283,anonymous,EN,29,engine temperature,radio on,wiper on gte 1,h0v0,3,easy,E,E,E,WHAT_Ql,0,24.27,36,1,271,E,WHAT_Ql_E_E,E_E,5,44.686,0,0,45,-20.73,30,6,Disagree,0,5,5,4,84,h
15/11/2021 05:34,15/11/2021 05:55,IP Address,197.185.116.212,100,1232,True,15/11/2021 05:55,R_8IJ9Up1mRKYewh3,-33.91400146,18.41290283,anonymous,EN,67,electricity consumption,wiper on,gps on gte 1,h0v0,3,easy,H,M,H,WHAT_Ql,5.15,20.17,38.19,1,352,M,WHAT_Ql_M_E,M_E,4,79.438,4,1.15,26,-5.83,49,-10.81,Disagree,0,5,5,5,85,h
15/11/2021 05:34,15/11/2021 05:55,IP Address,197.185.116.212,100,1232,True,15/11/2021 05:55,R_8IJ9Up1mRKYewh3,-33.91400146,18.41290283,anonymous,EN,29,engine temperature,radio on,wiper on gte 1,h0v0,6,medium,E,H,E,WHAT_Ql,25.92,71.6,37.24,1,435,H,WHAT_Ql_H_M,H_M,3,90.607,27,-1.08,80,-8.4,66,-28.76,Disagree,0,4,5,3,86,h
15/11/2021 05:34,15/11/2021 05:55,IP Address,197.185.116.212,100,1232,True,15/11/2021 05:55,R_8IJ9Up1mRKYewh3,-33.91400146,18.41290283,anonymous,EN,67,electricity consumption,wiper on,gps on gte 1,h0v0,6,medium,H,M,H,WHERE,27.96,25.28,25.19,-1,310,H,WHERE_H_M,H_M,3,119.408,11,16.96,41,-15.72,43,-17.81,Neither agree nor disagree,0,3,4,1,87,h
15/11/2021 05:34,15/11/2021 05:55,IP Address,197.185.116.212,100,1232,True,15/11/2021 05:55,R_8IJ9Up1mRKYewh3,-33.91400146,18.41290283,anonymous,EN,1,electricity consumption,gps on,wiper on gte 1,h0v0,3,easy,E,M,E,WHERE,13.46,15.53,13.37,-1,379,E,WHERE_E_E,E_E,4,115.547,0,13.46,42,-26.47,10,3.37,Neither agree nor disagree,0,5,5,2,88,h
15/11/2021 05:34,15/11/2021 05:55,IP Address,197.185.116.212,100,1232,True,15/11/2021 05:55,R_8IJ9Up1mRKYewh3,-33.91400146,18.41290283,anonymous,EN,67,electricity consumption,wiper on,gps on gte 1,h0v0,9,hard,H,E,H,WHERE,25.62,25.28,21.25,1,486,H,WHERE_H_H,H_H,5,87.63,20,5.62,41,-15.72,25,-3.75,Disagree,0,4,4,3,89,h
15/11/2021 05:36,15/11/2021 06:03,IP Address,86.26.246.20,100,1598,True,15/11/2021 06:03,R_3fUHy05ggMpcBwe,53.39329529,-2.133605957,anonymous,EN,29,engine temperature,radio on,wiper on gte 1,h0v0,9,hard,E,E,E,WHAT_Qn,27.13,34.69,24.33,-1,270,E,WHAT_Qn_E_H,E_H,3,155.1,20,7.13,31,3.69,25,-0.67,Disagree,1,4,4,4,90,h
15/11/2021 05:36,15/11/2021 06:03,IP Address,86.26.246.20,100,1598,True,15/11/2021 06:03,R_3fUHy05ggMpcBwe,53.39329529,-2.133605957,anonymous,EN,59,electricity consumption,radio on,wiper on gte 1,h0v0,3,easy,M,E,M,WHAT_Qn,63.33,64.01,11.04,1,325,M,WHAT_Qn_M_E,M_E,4,119.684,65,-1.67,62,2.01,10,1.04,Disagree,0,3,3,4,91,h
15/11/2021 05:36,15/11/2021 06:03,IP Address,86.26.246.20,100,1598,True,15/11/2021 06:03,R_3fUHy05ggMpcBwe,53.39329529,-2.133605957,anonymous,EN,1,electricity consumption,gps on,wiper on gte 1,h0v0,5,medium,E,M,E,WHAT_Qn,43.35,42.6,13.03,-1,408,E,WHAT_Qn_E_M,E_M,3,121.519,48,-4.65,40,2.6,14,-0.97,Agree,0,4,4,5,92,h
15/11/2021 05:36,15/11/2021 06:03,IP Address,86.26.246.20,100,1598,True,15/11/2021 06:03,R_3fUHy05ggMpcBwe,53.39329529,-2.133605957,anonymous,EN,4,suspension force,gps on,wiper on gte 1,h0v0,9,hard,H,E,E,WHAT_Ql,4.31,33.52,18.23,1,297,E,WHAT_Ql_E_H,E_H,4,180.662,4,0.31,33,0.52,25,-6.77,Agree,1,3,4,4,93,h
15/11/2021 05:36,15/11/2021 06:03,IP Address,86.26.246.20,100,1598,True,15/11/2021 06:03,R_3fUHy05ggMpcBwe,53.39329529,-2.133605957,anonymous,EN,4,suspension force,gps on,wiper on gte 1,h0v0,6,medium,H,M,E,WHAT_Ql,24.5,75.88,30.78,1,358,M,WHAT_Ql_M_M,M_M,4,174.005,28,-3.5,72,3.88,35,-4.22,Disagree,0,5,4,4,94,h
15/11/2021 05:36,15/11/2021 06:03,IP Address,86.26.246.20,100,1598,True,15/11/2021 06:03,R_3fUHy05ggMpcBwe,53.39329529,-2.133605957,anonymous,EN,67,electricity consumption,wiper on,gps on gte 1,h0v0,9,hard,H,H,H,WHAT_Ql,1.93,21.24,16.73,1,445,H,WHAT_Ql_H_H,H_H,4,120.329,3,-1.07,30,-8.76,24,-7.27,Agree,1,3,4,4,95,h
15/11/2021 05:36,15/11/2021 06:03,IP Address,86.26.246.20,100,1598,True,15/11/2021 06:03,R_3fUHy05ggMpcBwe,53.39329529,-2.133605957,anonymous,EN,29,engine temperature,radio on,wiper on gte 1,h0v0,3,easy,E,E,E,WHERE,13.01,14.86,14.47,-1,300,E,WHERE_E_E,E_E,3,119.157,15,-1.99,28,-13.14,14,0.47,Disagree,1,4,2,2,96,h
15/11/2021 05:36,15/11/2021 06:03,IP Address,86.26.246.20,100,1598,True,15/11/2021 06:03,R_3fUHy05ggMpcBwe,53.39329529,-2.133605957,anonymous,EN,67,electricity consumption,wiper on,gps on gte 1,h0v0,3,easy,H,E,H,WHERE,16.29,25.28,34.9,-1,381,H,WHERE_H_E,H_E,2,72.399,22,-5.71,37,-11.72,40,-5.1,Agree,0,2,2,2,97,h
15/11/2021 05:36,15/11/2021 06:03,IP Address,86.26.246.20,100,1598,True,15/11/2021 06:03,R_3fUHy05ggMpcBwe,53.39329529,-2.133605957,anonymous,EN,1,electricity consumption,gps on,wiper on gte 1,h0v0,9,hard,E,M,E,WHERE,13.19,15.53,33.13,1,472,E,WHERE_E_H,E_H,4,58.241,8,5.19,20,-4.47,23,10.13,Agree,1,3,3,3,98,h
15/11/2021 05:40,15/11/2021 06:22,IP Address,84.28.246.56,100,2513,True,15/11/2021 06:22,R_2vYx4wd2dAU46mT,52.61869812,4.616394043,anonymous,EN,59,electricity consumption,radio on,wiper on gte 1,h0v0,6,medium,M,M,M,WHAT_Qn,66.66,64.01,12.5,-1,250,M,WHAT_Qn_M_M,M_M,4,189.425,50,16.66,10,54.01,10,2.5,Disagree,1,4,5,5,99,h
15/11/2021 05:40,15/11/2021 06:22,IP Address,84.28.246.56,100,2513,True,15/11/2021 06:22,R_2vYx4wd2dAU46mT,52.61869812,4.616394043,anonymous,EN,67,electricity consumption,wiper on,gps on gte 1,h0v0,9,hard,H,E,H,WHAT_Qn,48.07,56.78,23.82,1,351,H,WHAT_Qn_H_H,H_H,2,104.601,47,1.07,63,-6.22,24,-0.18,Neither agree nor disagree,0,3,4,4,100,h
15/11/2021 05:40,15/11/2021 06:22,IP Address,84.28.246.56,100,2513,True,15/11/2021 06:22,R_2vYx4wd2dAU46mT,52.61869812,4.616394043,anonymous,EN,4,suspension force,gps on,wiper on gte 1,h0v0,9,hard,H,E,E,WHAT_Qn,73.21,76.69,16.62,-1,432,H,WHAT_Qn_H_H,H_H,3,314.55,75,-1.79,82,-5.31,14,2.62,Disagree,1,4,4,4,101,h
15/11/2021 05:40,15/11/2021 06:22,IP Address,84.28.246.56,100,2513,True,15/11/2021 06:22,R_2vYx4wd2dAU46mT,52.61869812,4.616394043,anonymous,EN,59,electricity consumption,radio on,wiper on gte 1,h0v0,6,medium,M,E,M,WHAT_Ql,5.52,14,38.06,-1,283,E,WHAT_Ql_E_M,E_M,4,180.536,3,2.52,11,3,40,-1.94,Agree,0,5,5,3,102,h
15/11/2021 05:40,15/11/2021 06:22,IP Address,84.28.246.56,100,2513,True,15/11/2021 06:22,R_2vYx4wd2dAU46mT,52.61869812,4.616394043,anonymous,EN,1,electricity consumption,gps on,wiper on gte 1,h0v0,9,hard,E,M,E,WHAT_Ql,29.67,84.11,35.04,1,378,M,WHAT_Ql_M_H,M_H,4,108.085,40,-10.33,80,4.11,36,-0.96,Agree,1,5,5,5,103,h
15/11/2021 05:40,15/11/2021 06:22,IP Address,84.28.246.56,100,2513,True,15/11/2021 06:22,R_2vYx4wd2dAU46mT,52.61869812,4.616394043,anonymous,EN,1,electricity consumption,gps on,wiper on gte 1,h0v0,6,medium,E,H,E,WHAT_Ql,34.11,88.08,35.51,1,439,H,WHAT_Ql_H_M,H_M,4,95.492,30,4.11,90,-1.92,31,4.51,Disagree,0,4,5,4,104,h
15/11/2021 05:40,15/11/2021 06:22,IP Address,84.28.246.56,100,2513,True,15/11/2021 06:22,R_2vYx4wd2dAU46mT,52.61869812,4.616394043,anonymous,EN,4,suspension force,gps on,wiper on gte 1,h0v0,3,easy,H,M,E,WHERE,12.67,19.96,24.86,-1,298,E,WHERE_E_E,E_E,3,100.845,3,9.67,24,-4.04,31,-6.14,Disagree,1,4,2,4,105,h
15/11/2021 05:40,15/11/2021 06:22,IP Address,84.28.246.56,100,2513,True,15/11/2021 06:22,R_2vYx4wd2dAU46mT,52.61869812,4.616394043,anonymous,EN,4,suspension force,gps on,wiper on gte 1,h0v0,9,hard,H,M,E,WHERE,22.92,19.96,16.93,-1,391,E,WHERE_E_H,E_H,4,70.536,12,10.92,41,-21.04,19,-2.07,Disagree,1,3,4,4,106,h
15/11/2021 05:40,15/11/2021 06:22,IP Address,84.28.246.56,100,2513,True,15/11/2021 06:22,R_2vYx4wd2dAU46mT,52.61869812,4.616394043,anonymous,EN,4,suspension force,gps on,wiper on gte 1,h0v0,6,medium,H,E,E,WHERE,18.83,19.96,28.68,1,462,E,WHERE_E_M,E_M,5,212.8,35,-16.17,40,-20.04,30,-1.32,Disagree,0,3,4,3,107,h
15/11/2021 07:21,15/11/2021 07:55,IP Address,90.254.231.243,100,2062,True,15/11/2021 07:55,R_3m1VxmJa5zuyNno,51.92649841,-0.099594116,anonymous,EN,67,electricity consumption,wiper on,gps on gte 1,h0v0,3,easy,H,M,H,WHAT_Qn,52.06,56.78,19.63,1,246,H,WHAT_Qn_H_E,H_E,1,169.081,52,0.06,60,-3.22,13,6.63,Disagree,0,2,2,2,108,h
15/11/2021 07:21,15/11/2021 07:55,IP Address,90.254.231.243,100,2062,True,15/11/2021 07:55,R_3m1VxmJa5zuyNno,51.92649841,-0.099594116,anonymous,EN,4,suspension force,gps on,wiper on gte 1,h0v0,3,easy,H,M,E,WHAT_Qn,68.95,76.69,9.8,-1,327,H,WHAT_Qn_H_E,H_E,1,99.756,68,0.95,76,0.69,7,2.8,Disagree,1,1,2,2,109,h
15/11/2021 07:21,15/11/2021 07:55,IP Address,90.254.231.243,100,2062,True,15/11/2021 07:55,R_3m1VxmJa5zuyNno,51.92649841,-0.099594116,anonymous,EN,4,suspension force,gps on,wiper on gte 1,h0v0,9,hard,H,E,E,WHAT_Qn,73.21,76.69,16.62,-1,432,H,WHAT_Qn_H_H,H_H,1,284.177,80,-6.79,86,-9.31,13,3.62,Disagree,1,2,0,1,110,h
15/11/2021 07:21,15/11/2021 07:55,IP Address,90.254.231.243,100,2062,True,15/11/2021 07:55,R_3m1VxmJa5zuyNno,51.92649841,-0.099594116,anonymous,EN,4,suspension force,gps on,wiper on gte 1,h0v0,9,hard,H,E,E,WHAT_Ql,4.31,33.52,18.23,1,297,E,WHAT_Ql_E_H,E_H,1,72.525,3,1.31,31,2.52,12,6.23,Disagree,0,2,2,2,111,h
15/11/2021 07:21,15/11/2021 07:55,IP Address,90.254.231.243,100,2062,True,15/11/2021 07:55,R_3m1VxmJa5zuyNno,51.92649841,-0.099594116,anonymous,EN,1,electricity consumption,gps on,wiper on gte 1,h0v0,9,hard,E,M,E,WHAT_Ql,29.67,84.11,35.04,1,378,M,WHAT_Ql_M_H,M_H,1,145.145,29,0.67,83,1.11,30,5.04,Disagree,0,1,1,1,112,h
15/11/2021 07:21,15/11/2021 07:55,IP Address,90.254.231.243,100,2062,True,15/11/2021 07:55,R_3m1VxmJa5zuyNno,51.92649841,-0.099594116,anonymous,EN,29,engine temperature,radio on,wiper on gte 1,h0v0,6,medium,E,H,E,WHAT_Ql,25.92,71.6,37.24,1,435,H,WHAT_Ql_H_M,H_M,1,244.114,24,1.92,66,5.6,36,1.24,Agree,1,2,1,1,113,h
15/11/2021 07:21,15/11/2021 07:55,IP Address,90.254.231.243,100,2062,True,15/11/2021 07:55,R_3m1VxmJa5zuyNno,51.92649841,-0.099594116,anonymous,EN,59,electricity consumption,radio on,wiper on gte 1,h0v0,8,hard,M,E,M,WHERE,36.12,38.08,18.65,1,324,M,WHERE_M_H,M_H,0,125.698,10,26.12,8,30.08,15,3.65,Neither agree nor disagree,0,0,0,1,114,h
15/11/2021 07:21,15/11/2021 07:55,IP Address,90.254.231.243,100,2062,True,15/11/2021 07:55,R_3m1VxmJa5zuyNno,51.92649841,-0.099594116,anonymous,EN,59,electricity consumption,radio on,wiper on gte 1,h0v0,6,medium,M,M,M,WHERE,31.47,38.08,33.81,1,385,M,WHERE_M_M,M_M,1,195.471,42,-10.53,35,3.08,10,23.81,Disagree,0,0,0,0,115,h
15/11/2021 07:21,15/11/2021 07:55,IP Address,90.254.231.243,100,2062,True,15/11/2021 07:55,R_3m1VxmJa5zuyNno,51.92649841,-0.099594116,anonymous,EN,1,electricity consumption,gps on,wiper on gte 1,h0v0,9,hard,E,M,E,WHERE,13.19,15.53,33.13,1,472,E,WHERE_E_H,E_H,1,131.217,12,1.19,32,-16.47,18,15.13,Agree,1,2,1,1,116,h
