cntrQ,idc,image_name,image_link,numMask,alt_mask,flips,focus
271,1,idc1-eC-gO-qry_rO_gte_1-flips_h0v0-nMasks_4-dMask_easy-dCmplx_EEE-fcs_WHAT_Ql-bsln_5.84)78.73)12.38_t-cntrQ_271.png,IM_8AnQqVSjmTrthwG,4,easy,h0v0,WHAT_Ql
244,1,idc1-eC-gO-qry_rO_gte_1-flips_h0v0-nMasks_4-dMask_easy-dCmplx_EEE-fcs_WHAT_Qn-bsln_47.05)42.60)14.24_t-cntrQ_244.png,IM_eP3DKvPbR2P76mO,4,easy,h0v0,WHAT_Qn
298,1,idc1-eC-gO-qry_rO_gte_1-flips_h0v0-nMasks_4-dMask_easy-dCmplx_EEE-fcs_WHERE-bsln_28.70)24.67)14.28_f-cntrQ_298.png,IM_0eQHahmlzipRUOO,4,easy,h0v0,WHERE
460,1,idc1-eC-gO-qry_wO_gte_1-flips_h0v0-nMasks_13-dMask_hard-dCmplx_EEE-fcs_WHERE-bsln_21.79)22.56)51.36_t-cntrQ_460.png,IM_29vLIPkdUwMHLpA,13,hard,h0v0,WHERE
433,1,idc1-eC-gO-qry_wO_gte_1-flips_h0v0-nMasks_14-dMask_hard-dCmplx_EEE-fcs_WHAT_Ql-bsln_47.42)78.73)55.14_f-cntrQ_433.png,IM_3wmulPpzxKwyQ1o,14,hard,h0v0,WHAT_Ql
406,1,idc1-eC-gO-qry_wO_gte_1-flips_h0v0-nMasks_14-dMask_hard-dCmplx_EEE-fcs_WHAT_Qn-bsln_45.59)42.60)55.15_t-cntrQ_406.png,IM_0kteVql7x3wgMPs,14,hard,h0v0,WHAT_Qn
379,1,idc1-eC-gO-qry_wO_gte_1-flips_h0v0-nMasks_3-dMask_medium-dCmplx_EEE-fcs_WHERE-bsln_17.50)22.56)27.96_t-cntrQ_379.png,IM_8dX2pr2HhWxjcVw,3,easy,h0v0,WHERE
352,1,idc1-eC-gO-qry_wO_gte_1-flips_h0v0-nMasks_4-dMask_medium-dCmplx_EEE-fcs_WHAT_Ql-bsln_28.97)78.73)28.97_t-cntrQ_352.png,IM_24fg3V7OoJ9SrCS,4,easy,h0v0,WHAT_Ql
325,1,idc1-eC-gO-qry_wO_gte_1-flips_h0v0-nMasks_7-dMask_medium-dCmplx_EEE-fcs_WHAT_Qn-bsln_37.74)42.60)33.93_t-cntrQ_325.png,IM_eA5C6gbDoBPnToi,7,medium,h0v0,WHAT_Qn
296,12,idc12-sF-gO-qry_hO_gte_1-flips_h0v0-nMasks_4-dMask_easy-dCmplx_HMH-fcs_WHAT_Ql-bsln_19.84)24.74)82.21_t-cntrQ_296.png,IM_3z1GkvtnAYXik6O,4,easy,h0v0,WHAT_Ql
269,12,idc12-sF-gO-qry_hO_gte_1-flips_h0v0-nMasks_4-dMask_easy-dCmplx_HMH-fcs_WHAT_Qn-bsln_22.41)23.06)84.81_f-cntrQ_269.png,IM_a9GGqIlifAiv8eG,4,easy,h0v0,WHAT_Qn
323,12,idc12-sF-gO-qry_hO_gte_1-flips_h0v0-nMasks_4-dMask_easy-dCmplx_HMH-fcs_WHERE-bsln_22.91)23.34)84.76_f-cntrQ_323.png,IM_8j09KfydIf8EsnQ,4,easy,h0v0,WHERE
485,12,idc12-sF-gO-qry_wO_gte_1-flips_h0v0-nMasks_12-dMask_hard-dCmplx_HMH-fcs_WHERE-bsln_27.19)26.13)54.96_t-cntrQ_485.png,IM_bEC3pCRRFIi50k6,12,hard,h0v0,WHERE
431,12,idc12-sF-gO-qry_wO_gte_1-flips_h0v0-nMasks_13-dMask_hard-dCmplx_HMH-fcs_WHAT_Qn-bsln_24.83)23.06)63.69_t-cntrQ_431.png,IM_eLGRcawLM3femcS,13,hard,h0v0,WHAT_Qn
458,12,idc12-sF-gO-qry_wO_gte_1-flips_h0v0-nMasks_14-dMask_hard-dCmplx_HMH-fcs_WHAT_Ql-bsln_13.91)24.74)54.38_t-cntrQ_458.png,IM_9n6iUwyCYhPG0OW,14,hard,h0v0,WHAT_Ql
377,12,idc12-sF-gO-qry_wO_gte_1-flips_h0v0-nMasks_6-dMask_medium-dCmplx_HMH-fcs_WHAT_Ql-bsln_5.92)24.74)26.80_t-cntrQ_377.png,IM_d7jxhWAW9K12oGa,6,medium,h0v0,WHAT_Ql
404,12,idc12-sF-gO-qry_wO_gte_1-flips_h0v0-nMasks_6-dMask_medium-dCmplx_HMH-fcs_WHERE-bsln_31.03)26.13)31.45_t-cntrQ_404.png,IM_39vdVN913sgflLo,6,medium,h0v0,WHERE
350,12,idc12-sF-gO-qry_wO_gte_1-flips_h0v0-nMasks_7-dMask_medium-dCmplx_HMH-fcs_WHAT_Qn-bsln_27.16)23.06)22.77_f-cntrQ_350.png,IM_eb6R9tGc9ysxMeW,7,medium,h0v0,WHAT_Qn
329,14,idc14-eG-gO-qry_hO_gte_1-flips_h0v0-nMasks_6-dMask_medium-dCmplx_MME-fcs_WHAT_Qn-bsln_19.38)23.96)67.73_t-cntrQ_329.png,IM_24Ojj5V1n67pTxk,6,medium,h0v0,WHAT_Qn
275,14,idc14-eG-gO-qry_sF_gte_43.78-flips_h0v0-nMasks_6-dMask_easy-dCmplx_MME-fcs_WHAT_Ql-bsln_7.26)78.21)12.86_f-cntrQ_275.png,IM_7aOrBQxnalQduGW,6,medium,h0v0,WHAT_Ql
248,14,idc14-eG-gO-qry_sF_gte_43.78-flips_h0v0-nMasks_6-dMask_easy-dCmplx_MME-fcs_WHAT_Qn-bsln_17.65)23.96)13.06_f-cntrQ_248.png,IM_7WMvMcqRG1oDIOy,6,medium,h0v0,WHAT_Qn
302,14,idc14-eG-gO-qry_sF_gte_43.78-flips_h0v0-nMasks_6-dMask_easy-dCmplx_MME-fcs_WHERE-bsln_53.73)28.68)13.10_t-cntrQ_302.png,IM_3CaxBGKHiAB9qxE,6,medium,h0v0,WHERE
437,14,idc14-eG-gO-qry_wO_gte_1-flips_h0v0-nMasks_11-dMask_hard-dCmplx_MME-fcs_WHAT_Ql-bsln_22.19)78.21)33.60_f-cntrQ_437.png,IM_6EWdvhZF2sqZ1si,11,hard,h0v0,WHAT_Ql
410,14,idc14-eG-gO-qry_wO_gte_1-flips_h0v0-nMasks_6-dMask_hard-dCmplx_MME-fcs_WHAT_Qn-bsln_19.49)23.96)67.73_t-cntrQ_410.png,IM_3xtaYCXxwtZ7R3g,6,medium,h0v0,WHAT_Qn
356,14,idc14-eG-gO-qry_wO_gte_1-flips_h0v0-nMasks_7-dMask_medium-dCmplx_MME-fcs_WHAT_Ql-bsln_29.25)78.21)43.15_f-cntrQ_356.png,IM_3qFHH37fporBl1Y,7,medium,h0v0,WHAT_Ql
383,14,idc14-eG-gO-qry_wO_gte_1-flips_h0v0-nMasks_7-dMask_medium-dCmplx_MME-fcs_WHERE-bsln_22.56)28.68)35.82_t-cntrQ_383.png,IM_ePQpvxfd0X80kxE,7,medium,h0v0,WHERE
464,14,idc14-eG-gO-qry_wO_gte_1-flips_h0v0-nMasks_8-dMask_hard-dCmplx_MME-fcs_WHERE-bsln_31.90)28.68)46.79_t-cntrQ_464.png,IM_5dMiwFm58sxLGwm,8,medium,h0v0,WHERE
288,2,idc2-sF-wO-qry_gO_gte_1-flips_h0v0-nMasks_3-dMask_easy-dCmplx_HHM-fcs_WHAT_Ql-bsln_16.21)28.33)62.42_t-cntrQ_288.png,IM_daFPURZWKK0oN5s,3,easy,h0v0,WHAT_Ql
261,2,idc2-sF-wO-qry_gO_gte_1-flips_h0v0-nMasks_3-dMask_easy-dCmplx_HHM-fcs_WHAT_Qn-bsln_24.94)27.05)64.76_t-cntrQ_261.png,IM_9SIxF9dZq4UGkBw,3,easy,h0v0,WHAT_Qn
315,2,idc2-sF-wO-qry_gO_gte_1-flips_h0v0-nMasks_3-dMask_easy-dCmplx_HHM-fcs_WHERE-bsln_35.36)40.80)64.67_f-cntrQ_315.png,IM_b11lASV9hJ3hgp0,3,easy,h0v0,WHERE
477,2,idc2-sF-wO-qry_hO_gte_1-flips_h0v0-nMasks_12-dMask_hard-dCmplx_HHM-fcs_WHERE-bsln_32.26)38.45)62.5_t-cntrQ_477.png,IM_diAZRVp1itRjgA6,12,hard,h0v0,WHERE
423,2,idc2-sF-wO-qry_hO_gte_1-flips_h0v0-nMasks_13-dMask_hard-dCmplx_HHM-fcs_WHAT_Qn-bsln_37.91)27.05)21.95_f-cntrQ_423.png,IM_bjtF0GeIALKsK10,13,hard,h0v0,WHAT_Qn
450,2,idc2-sF-wO-qry_hO_gte_1-flips_h0v0-nMasks_14-dMask_hard-dCmplx_HHM-fcs_WHAT_Ql-bsln_15.15)28.33)57.42_t-cntrQ_450.png,IM_8dWPGTEQrxigOW2,14,hard,h0v0,WHAT_Ql
396,2,idc2-sF-wO-qry_hO_gte_1-flips_h0v0-nMasks_3-dMask_medium-dCmplx_HHM-fcs_WHERE-bsln_38.71)38.45)24.45_f-cntrQ_396.png,IM_9FgAf3rK4Tm7fPU,3,easy,h0v0,WHERE
342,2,idc2-sF-wO-qry_hO_gte_1-flips_h0v0-nMasks_4-dMask_medium-dCmplx_HHM-fcs_WHAT_Qn-bsln_18.23)27.05)17.61_t-cntrQ_342.png,IM_bI13rrSbKWOga2i,4,easy,h0v0,WHAT_Qn
369,2,idc2-sF-wO-qry_hO_gte_1-flips_h0v0-nMasks_5-dMask_medium-dCmplx_HHM-fcs_WHAT_Ql-bsln_9.09)28.33)25.60_t-cntrQ_369.png,IM_6MqMXicdl5rveoS,5,easy,h0v0,WHAT_Ql
294,20,idc20-eC-rO-qry_eT_gte_72.34-flips_h0v0-nMasks_4-dMask_easy-dCmplx_MHH-fcs_WHAT_Ql-bsln_27.75)65.70)41.62_t-cntrQ_294.png,IM_9MmNwTrg3X20nxY,4,easy,h0v0,WHAT_Ql
267,20,idc20-eC-rO-qry_eT_gte_72.34-flips_h0v0-nMasks_4-dMask_easy-dCmplx_MHH-fcs_WHAT_Qn-bsln_51.67)56.13)39.47_t-cntrQ_267.png,IM_5dnos5vXKhChjRY,4,easy,h0v0,WHAT_Qn
321,20,idc20-eC-rO-qry_eT_gte_72.34-flips_h0v0-nMasks_4-dMask_easy-dCmplx_MHH-fcs_WHERE-bsln_44.07)50.09)39.35_f-cntrQ_321.png,IM_cuLvY6GXzvG208S,4,easy,h0v0,WHERE
456,20,idc20-eC-rO-qry_wO_gte_1-flips_h0v0-nMasks_13-dMask_hard-dCmplx_MHH-fcs_WHAT_Ql-bsln_45.13)65.70)62.36_t-cntrQ_456.png,IM_3O6IEbwUYBD9mxU,13,hard,h0v0,WHAT_Ql
429,20,idc20-eC-rO-qry_wO_gte_1-flips_h0v0-nMasks_13-dMask_hard-dCmplx_MHH-fcs_WHAT_Qn-bsln_51.67)56.13)37.04_f-cntrQ_429.png,IM_5jvqowfZBGBjd6S,13,hard,h0v0,WHAT_Qn
483,20,idc20-eC-rO-qry_wO_gte_1-flips_h0v0-nMasks_13-dMask_hard-dCmplx_MHH-fcs_WHERE-bsln_60.77)50.09)64.70_f-cntrQ_483.png,IM_6lEhilDvDjlS0DA,13,hard,h0v0,WHERE
375,20,idc20-eC-rO-qry_wO_gte_1-flips_h0v0-nMasks_5-dMask_medium-dCmplx_MHH-fcs_WHAT_Ql-bsln_35.88)65.70)38.91_f-cntrQ_375.png,IM_6gIU8wxXTlyqCvc,5,easy,h0v0,WHAT_Ql
348,20,idc20-eC-rO-qry_wO_gte_1-flips_h0v0-nMasks_8-dMask_medium-dCmplx_MHH-fcs_WHAT_Qn-bsln_77.39)56.13)8.09_t-cntrQ_348.png,IM_42XMnR5dEkQtYV0,8,medium,h0v0,WHAT_Qn
402,20,idc20-eC-rO-qry_wO_gte_1-flips_h0v0-nMasks_8-dMask_medium-dCmplx_MHH-fcs_WHERE-bsln_41.98)50.09)37.52_t-cntrQ_402.png,IM_eP8efGBlotqbp6m,8,medium,h0v0,WHERE
285,22,idc22-eC-rO-qry_gO_gte_1-flips_h0v0-nMasks_2-dMask_easy-dCmplx_MHM-fcs_WHAT_Ql-bsln_1.39)44.15)27.39_t-cntrQ_285.png,IM_d73J84cGZCIb90a,2,easy,h0v0,WHAT_Ql
258,22,idc22-eC-rO-qry_gO_gte_1-flips_h0v0-nMasks_2-dMask_easy-dCmplx_MHM-fcs_WHAT_Qn-bsln_69.24)77.48)25.06_f-cntrQ_258.png,IM_3C7Nznlt4zRuJsq,2,easy,h0v0,WHAT_Qn
312,22,idc22-eC-rO-qry_gO_gte_1-flips_h0v0-nMasks_2-dMask_easy-dCmplx_MHM-fcs_WHERE-bsln_16.28)51.55)25.12_f-cntrQ_312.png,IM_6R60JOxurngSWFg,2,easy,h0v0,WHERE
339,22,idc22-eC-rO-qry_hO_gte_1-flips_h0v0-nMasks_3-dMask_medium-dCmplx_MHM-fcs_WHAT_Qn-bsln_80.71)77.48)25.06_t-cntrQ_339.png,IM_efEw2dSbXuozjN4,3,easy,h0v0,WHAT_Qn
366,22,idc22-eC-rO-qry_hO_gte_1-flips_h0v0-nMasks_6-dMask_medium-dCmplx_MHM-fcs_WHAT_Ql-bsln_16.57)44.15)33.68_f-cntrQ_366.png,IM_3lMyfgPfAneRPXE,6,medium,h0v0,WHAT_Ql
393,22,idc22-eC-rO-qry_hO_gte_1-flips_h0v0-nMasks_7-dMask_medium-dCmplx_MHM-fcs_WHERE-bsln_39.91)51.55)34.07_t-cntrQ_393.png,IM_08Qc5vxx1agN1l4,7,medium,h0v0,WHERE
474,22,idc22-eC-rO-qry_wO_gte_1-flips_h0v0-nMasks_12-dMask_hard-dCmplx_MHM-fcs_WHERE-bsln_39.42)47.33)62.18_t-cntrQ_474.png,IM_0cVdhSAj1BRW7CC,12,hard,h0v0,WHERE
447,22,idc22-eC-rO-qry_wO_gte_1-flips_h0v0-nMasks_13-dMask_hard-dCmplx_MHM-fcs_WHAT_Ql-bsln_26.00)44.15)58.46_t-cntrQ_447.png,IM_4GyqvhQfXvNx9au,13,hard,h0v0,WHAT_Ql
420,22,idc22-eC-rO-qry_wO_gte_1-flips_h0v0-nMasks_13-dMask_hard-dCmplx_MHM-fcs_WHAT_Qn-bsln_75.98)77.48)70.96_f-cntrQ_420.png,IM_2gceOLdGfFMKe6W,13,hard,h0v0,WHAT_Qn
327,29,idc29-eG-rO-qry_fC_gte_44.75-flips_h0v0-nMasks_10-dMask_medium-dCmplx_EHE-fcs_WHAT_Qn-bsln_41.05)34.69)48.12_t-cntrQ_327.png,IM_dhweE6hZrEyIwrc,10,hard,h0v0,WHAT_Qn
381,29,idc29-eG-rO-qry_hO_gte_1-flips_h0v0-nMasks_4-dMask_medium-dCmplx_EHE-fcs_WHERE-bsln_12.55)14.99)42.35_t-cntrQ_381.png,IM_9Y4ULwxaVZyCMUS,4,easy,h0v0,WHERE
354,29,idc29-eG-rO-qry_hO_gte_1-flips_h0v0-nMasks_5-dMask_medium-dCmplx_EHE-fcs_WHAT_Ql-bsln_25.30)71.60)27.36_f-cntrQ_354.png,IM_8385I3h4h8HDJUq,5,easy,h0v0,WHAT_Ql
462,29,idc29-eG-rO-qry_wO_gte_1-flips_h0v0-nMasks_12-dMask_hard-dCmplx_EHE-fcs_WHERE-bsln_21.49)21.78)59.24_t-cntrQ_462.png,IM_6EeAgjtnL2YcfPw,12,hard,h0v0,WHERE
408,29,idc29-eG-rO-qry_wO_gte_1-flips_h0v0-nMasks_13-dMask_hard-dCmplx_EHE-fcs_WHAT_Qn-bsln_37.51)34.69)64.97_t-cntrQ_408.png,IM_cucvTIj5Lr1cQIe,13,hard,h0v0,WHAT_Qn
435,29,idc29-eG-rO-qry_wO_gte_1-flips_h0v0-nMasks_18-dMask_hard-dCmplx_EHE-fcs_WHAT_Ql-bsln_38.88)71.60)52.26_t-cntrQ_435.png,IM_070WZFkLuDDxvBs,18,hard,h0v0,WHAT_Ql
273,29,idc29-eG-rO-qry_wO_gte_1-flips_h0v0-nMasks_4-dMask_easy-dCmplx_EHE-fcs_WHAT_Ql-bsln_49.99)71.60)65.02_t-cntrQ_273.png,IM_7NWVGe3vLcWvSwm,4,easy,h0v0,WHAT_Ql
246,29,idc29-eG-rO-qry_wO_gte_1-flips_h0v0-nMasks_4-dMask_easy-dCmplx_EHE-fcs_WHAT_Qn-bsln_31.48)34.69)64.97_t-cntrQ_246.png,IM_5cLh0BJOgZDeUjY,4,easy,h0v0,WHAT_Qn
300,29,idc29-eG-rO-qry_wO_gte_1-flips_h0v0-nMasks_4-dMask_easy-dCmplx_EHE-fcs_WHERE-bsln_17.82)15.50)64.87_f-cntrQ_300.png,IM_es7l5q2So2W5I0K,4,easy,h0v0,WHERE
287,3,idc3-sF-rO-qry_hO_gte_1-flips_h0v0-nMasks_2-dMask_easy-dCmplx_HMM-fcs_WHAT_Ql-bsln_13.00)65.24)19.71_f-cntrQ_287.png,IM_eWnbJjFSKX95Zj0,2,easy,h0v0,WHAT_Ql
260,3,idc3-sF-rO-qry_hO_gte_1-flips_h0v0-nMasks_2-dMask_easy-dCmplx_HMM-fcs_WHAT_Qn-bsln_31.72)43.31)24.92_t-cntrQ_260.png,IM_4UW2XZ1eARvZBtk,2,easy,h0v0,WHAT_Qn
314,3,idc3-sF-rO-qry_hO_gte_1-flips_h0v0-nMasks_2-dMask_easy-dCmplx_HMM-fcs_WHERE-bsln_56.84)33.25)24.69_f-cntrQ_314.png,IM_aacRYwKRyG6b554,2,easy,h0v0,WHERE
368,3,idc3-sF-rO-qry_wO_gte_1-flips_h0v0-nMasks_10-dMask_medium-dCmplx_HMM-fcs_WHAT_Ql-bsln_47.96)65.24)64.83_t-cntrQ_368.png,IM_9M2DT5c9XsKbEKa,10,hard,h0v0,WHAT_Ql
341,3,idc3-sF-rO-qry_wO_gte_1-flips_h0v0-nMasks_10-dMask_medium-dCmplx_HMM-fcs_WHAT_Qn-bsln_49.01)43.31)36.61_t-cntrQ_341.png,IM_bpdZKtbzAxY6gom,10,hard,h0v0,WHAT_Qn
395,3,idc3-sF-rO-qry_wO_gte_1-flips_h0v0-nMasks_10-dMask_medium-dCmplx_HMM-fcs_WHERE-bsln_45.14)39.18)53.70_f-cntrQ_395.png,IM_3HPnXQ6kyZcKfQi,10,hard,h0v0,WHERE
476,3,idc3-sF-rO-qry_wO_gte_1-flips_h0v0-nMasks_11-dMask_hard-dCmplx_HMM-fcs_WHERE-bsln_41.00)39.18)36.11_t-cntrQ_476.png,IM_d0hZCYp9GPCM4Hs,11,hard,h0v0,WHERE
449,3,idc3-sF-rO-qry_wO_gte_1-flips_h0v0-nMasks_8-dMask_hard-dCmplx_HMM-fcs_WHAT_Ql-bsln_33.53)65.24)46.13_f-cntrQ_449.png,IM_0iBZ2BmAjT3SwtM,8,medium,h0v0,WHAT_Ql
422,3,idc3-sF-rO-qry_wO_gte_1-flips_h0v0-nMasks_9-dMask_hard-dCmplx_HMM-fcs_WHAT_Qn-bsln_40.40)43.31)37.23_t-cntrQ_422.png,IM_0HF9WstoZlx85U2,9,medium,h0v0,WHAT_Qn
330,31,idc31-eC-gO-qry_rO_gte_1-flips_h0v0-nMasks_5-dMask_medium-dCmplx_MHE-fcs_WHAT_Qn-bsln_47.75)44.19)48.36_t-cntrQ_330.png,IM_cYk0gBiX7zBIv7o,5,easy,h0v0,WHAT_Qn
384,31,idc31-eC-gO-qry_wO_gte_1-flips_h0v0-nMasks_10-dMask_medium-dCmplx_MHE-fcs_WHERE-bsln_24.09)21.76)45.53_f-cntrQ_384.png,IM_0MrFlK3ZEoZHXtI,10,hard,h0v0,WHERE
411,31,idc31-eC-gO-qry_wO_gte_1-flips_h0v0-nMasks_12-dMask_hard-dCmplx_MHE-fcs_WHAT_Qn-bsln_29.40)44.19)19.58_t-cntrQ_411.png,IM_2uB2YfwAYPfeTcO,12,hard,h0v0,WHAT_Qn
438,31,idc31-eC-gO-qry_wO_gte_1-flips_h0v0-nMasks_14-dMask_hard-dCmplx_MHE-fcs_WHAT_Ql-bsln_31.41)58.62)49.77_f-cntrQ_438.png,IM_eMby6H7cUwFYOLY,14,hard,h0v0,WHAT_Ql
465,31,idc31-eC-gO-qry_wO_gte_1-flips_h0v0-nMasks_14-dMask_hard-dCmplx_MHE-fcs_WHERE-bsln_19.59)21.76)49.10_t-cntrQ_465.png,IM_4GBAcF0hdfPrPxk,14,hard,h0v0,WHERE
276,31,idc31-eC-gO-qry_wO_gte_1-flips_h0v0-nMasks_2-dMask_easy-dCmplx_MHE-fcs_WHAT_Ql-bsln_19.46)58.62)43.80_f-cntrQ_276.png,IM_4YJaiuC2ZC8mFts,2,easy,h0v0,WHAT_Ql
249,31,idc31-eC-gO-qry_wO_gte_1-flips_h0v0-nMasks_2-dMask_easy-dCmplx_MHE-fcs_WHAT_Qn-bsln_39.26)44.19)44.80_f-cntrQ_249.png,IM_3y0UuLiF48vK1JI,2,easy,h0v0,WHAT_Qn
303,31,idc31-eC-gO-qry_wO_gte_1-flips_h0v0-nMasks_2-dMask_easy-dCmplx_MHE-fcs_WHERE-bsln_22.25)18.52)44.64_t-cntrQ_303.png,IM_dg63IRpgcreql0i,2,easy,h0v0,WHERE
357,31,idc31-eC-gO-qry_wO_gte_1-flips_h0v0-nMasks_5-dMask_medium-dCmplx_MHE-fcs_WHAT_Ql-bsln_29.42)58.62)47.56_f-cntrQ_357.png,IM_6YkbVJaR1JFobRA,5,easy,h0v0,WHAT_Ql
281,32,idc32-sF-rO-qry_eT_gte_43.71-flips_h0v0-nMasks_5-dMask_easy-dCmplx_EMM-fcs_WHAT_Ql-bsln_21.88)56.70)24.94_t-cntrQ_281.png,IM_aUXkdxqTZ6COufI,5,easy,h0v0,WHAT_Ql
254,32,idc32-sF-rO-qry_eT_gte_43.71-flips_h0v0-nMasks_5-dMask_easy-dCmplx_EMM-fcs_WHAT_Qn-bsln_53.33)34.69)14.83_f-cntrQ_254.png,IM_6yrwemW7iUUBcY6,5,easy,h0v0,WHAT_Qn
308,32,idc32-sF-rO-qry_eT_gte_43.71-flips_h0v0-nMasks_5-dMask_easy-dCmplx_EMM-fcs_WHERE-bsln_29.19)32.31)25.59_t-cntrQ_308.png,IM_2iaPG3ul4t0PFps,5,easy,h0v0,WHERE
335,32,idc32-sF-rO-qry_gO_gte_1-flips_h0v0-nMasks_6-dMask_medium-dCmplx_EMM-fcs_WHAT_Qn-bsln_52.19)34.69)17.80_t-cntrQ_335.png,IM_5u9zue6y8mCUOPk,6,medium,h0v0,WHAT_Qn
362,32,idc32-sF-rO-qry_wO_gte_1-flips_h0v0-nMasks_1-dMask_medium-dCmplx_EMM-fcs_WHAT_Ql-bsln_0.94)56.70)14.58_f-cntrQ_362.png,IM_1N73a5UQSWJmiuG,1,easy,h0v0,WHAT_Ql
416,32,idc32-sF-rO-qry_wO_gte_1-flips_h0v0-nMasks_11-dMask_hard-dCmplx_EMM-fcs_WHAT_Qn-bsln_49.48)34.69)16.32_t-cntrQ_416.png,IM_0CIBgV8t9dvLgGi,11,hard,h0v0,WHAT_Qn
470,32,idc32-sF-rO-qry_wO_gte_1-flips_h0v0-nMasks_12-dMask_hard-dCmplx_EMM-fcs_WHERE-bsln_31.56)32.31)65.17_f-cntrQ_470.png,IM_brTBIIpIkOfZhRQ,12,hard,h0v0,WHERE
443,32,idc32-sF-rO-qry_wO_gte_1-flips_h0v0-nMasks_13-dMask_hard-dCmplx_EMM-fcs_WHAT_Ql-bsln_30.11)56.70)59.05_f-cntrQ_443.png,IM_eJ5ibMcHx5zl1Xw,13,hard,h0v0,WHAT_Ql
389,32,idc32-sF-rO-qry_wO_gte_1-flips_h0v0-nMasks_3-dMask_medium-dCmplx_EMM-fcs_WHERE-bsln_29.91)32.31)7.44_t-cntrQ_389.png,IM_d5oMpiz7TSS7Q2y,3,easy,h0v0,WHERE
279,33,idc33-eG-gO-qry_hO_gte_1-flips_h0v0-nMasks_4-dMask_easy-dCmplx_HHE-fcs_WHAT_Ql-bsln_0)18.64)12.35_t-cntrQ_279.png,IM_0026EKCjwQDNs7c,4,easy,h0v0,WHAT_Ql
252,33,idc33-eG-gO-qry_hO_gte_1-flips_h0v0-nMasks_4-dMask_easy-dCmplx_HHE-fcs_WHAT_Qn-bsln_55.98)64.92)14.42_f-cntrQ_252.png,IM_egmwSVf6a2BdkHQ,4,easy,h0v0,WHAT_Qn
306,33,idc33-eG-gO-qry_hO_gte_1-flips_h0v0-nMasks_4-dMask_easy-dCmplx_HHE-fcs_WHERE-bsln_26.54)26.66)14.15_f-cntrQ_306.png,IM_3DDt7tjRJXjT8Sa,4,easy,h0v0,WHERE
333,33,idc33-eG-gO-qry_rO_gte_1-flips_h0v0-nMasks_5-dMask_medium-dCmplx_HHE-fcs_WHAT_Qn-bsln_58.70)64.92)24.76_t-cntrQ_333.png,IM_d6xp8gXqtgnHh1Y,5,easy,h0v0,WHAT_Qn
360,33,idc33-eG-gO-qry_wO_gte_1-flips_h0v0-nMasks_1-dMask_medium-dCmplx_HHE-fcs_WHAT_Ql-bsln_8.15)18.64)21.44_f-cntrQ_360.png,IM_2bKC8cIKIF9uOQS,1,easy,h0v0,WHAT_Ql
414,33,idc33-eG-gO-qry_wO_gte_1-flips_h0v0-nMasks_11-dMask_hard-dCmplx_HHE-fcs_WHAT_Qn-bsln_65.48)64.92)59.56_f-cntrQ_414.png,IM_8lgFHJlCe8XbE2y,11,hard,h0v0,WHAT_Qn
441,33,idc33-eG-gO-qry_wO_gte_1-flips_h0v0-nMasks_12-dMask_hard-dCmplx_HHE-fcs_WHAT_Ql-bsln_13.05)18.64)58.50_f-cntrQ_441.png,IM_a9TXDbYeotntcsS,12,hard,h0v0,WHAT_Ql
468,33,idc33-eG-gO-qry_wO_gte_1-flips_h0v0-nMasks_12-dMask_hard-dCmplx_HHE-fcs_WHERE-bsln_15.10)16.49)56.91_t-cntrQ_468.png,IM_6XKHvUmTSXsB6Em,12,hard,h0v0,WHERE
387,33,idc33-eG-gO-qry_wO_gte_1-flips_h0v0-nMasks_2-dMask_medium-dCmplx_HHE-fcs_WHERE-bsln_17.41)16.49)15.72_t-cntrQ_387.png,IM_cMbyKvAuaglMGpg,2,easy,h0v0,WHERE
426,34,idc34-sF-gO-qry_wO_gte_1-flips_h0v0-nMasks_13-dMask_hard-dCmplx_EHH-fcs_WHAT_Qn-bsln_28.59)27.34)59.44_t-cntrQ_426.png,IM_3agHQKLjS1hKGAS,13,hard,h0v0,WHAT_Qn
480,34,idc34-sF-gO-qry_wO_gte_1-flips_h0v0-nMasks_13-dMask_hard-dCmplx_EHH-fcs_WHERE-bsln_32.14)34.14)59.31_t-cntrQ_480.png,IM_bO4KxEcNrEKgIfA,13,hard,h0v0,WHERE
453,34,idc34-sF-gO-qry_wO_gte_1-flips_h0v0-nMasks_14-dMask_hard-dCmplx_EHH-fcs_WHAT_Ql-bsln_13.28)21.44)57.57_t-cntrQ_453.png,IM_erPlrHpze4EnVRk,14,hard,h0v0,WHAT_Ql
291,34,idc34-sF-gO-qry_wO_gte_1-flips_h0v0-nMasks_3-dMask_easy-dCmplx_EHH-fcs_WHAT_Ql-bsln_20.51)21.44)75.52_f-cntrQ_291.png,IM_81Wi2p3esfAlPaC,3,easy,h0v0,WHAT_Ql
264,34,idc34-sF-gO-qry_wO_gte_1-flips_h0v0-nMasks_3-dMask_easy-dCmplx_EHH-fcs_WHAT_Qn-bsln_28.49)27.34)74.92_f-cntrQ_264.png,IM_1Cgy3cQzVV7cddc,3,easy,h0v0,WHAT_Qn
318,34,idc34-sF-gO-qry_wO_gte_1-flips_h0v0-nMasks_3-dMask_easy-dCmplx_EHH-fcs_WHERE-bsln_34.00)34.88)74.84_t-cntrQ_318.png,IM_eL5UPbafNkB2QjI,3,easy,h0v0,WHERE
372,34,idc34-sF-gO-qry_wO_gte_1-flips_h0v0-nMasks_4-dMask_medium-dCmplx_EHH-fcs_WHAT_Ql-bsln_9.32)21.44)38.22_f-cntrQ_372.png,IM_6KA434Ha7gYoYGW,4,easy,h0v0,WHAT_Ql
345,34,idc34-sF-gO-qry_wO_gte_1-flips_h0v0-nMasks_5-dMask_medium-dCmplx_EHH-fcs_WHAT_Qn-bsln_24.78)27.34)56.34_f-cntrQ_345.png,IM_cT4K97l5MsMGv7U,5,easy,h0v0,WHAT_Qn
399,34,idc34-sF-gO-qry_wO_gte_1-flips_h0v0-nMasks_7-dMask_medium-dCmplx_EHH-fcs_WHERE-bsln_19.38)34.14)34.16_f-cntrQ_399.png,IM_42b5LBKGGz6R7xA,7,medium,h0v0,WHERE
427,38,idc38-eC-wO-qry_hO_gte_1-flips_h0v0-nMasks_10-dMask_hard-dCmplx_MEH-fcs_WHAT_Qn-bsln_29.30)37.06)26.26_t-cntrQ_427.png,IM_6fMxNrm7ZlpI5fg,10,hard,h0v0,WHAT_Qn
481,38,idc38-eC-wO-qry_hO_gte_1-flips_h0v0-nMasks_12-dMask_hard-dCmplx_MEH-fcs_WHERE-bsln_37.59)36.80)46.66_f-cntrQ_481.png,IM_1ACQVhbMpm5mXgG,12,hard,h0v0,WHERE
454,38,idc38-eC-wO-qry_hO_gte_1-flips_h0v0-nMasks_3-dMask_hard-dCmplx_MEH-fcs_WHAT_Ql-bsln_13.55)15.47)57.28_t-cntrQ_454.png,IM_0rGlomcw1v64G3k,3,easy,h0v0,WHAT_Ql
346,38,idc38-eC-wO-qry_rO_gte_1-flips_h0v0-nMasks_4-dMask_medium-dCmplx_MEH-fcs_WHAT_Qn-bsln_18.01)37.06)3.50_t-cntrQ_346.png,IM_cuA89d9VSEG3CZM,4,easy,h0v0,WHAT_Qn
292,38,idc38-eC-wO-qry_rO_gte_1-flips_h0v0-nMasks_5-dMask_easy-dCmplx_MEH-fcs_WHAT_Ql-bsln_15.47)15.47)68.41_f-cntrQ_292.png,IM_eG9Q2ILa3dAx9LU,5,easy,h0v0,WHAT_Ql
265,38,idc38-eC-wO-qry_rO_gte_1-flips_h0v0-nMasks_5-dMask_easy-dCmplx_MEH-fcs_WHAT_Qn-bsln_40.73)37.06)69.70_f-cntrQ_265.png,IM_9KKZwLLjo0ZnKMC,5,easy,h0v0,WHAT_Qn
319,38,idc38-eC-wO-qry_rO_gte_1-flips_h0v0-nMasks_5-dMask_easy-dCmplx_MEH-fcs_WHERE-bsln_28.36)27.07)69.64_t-cntrQ_319.png,IM_a3nVUQ8YUnR9xTo,5,easy,h0v0,WHERE
373,38,idc38-eC-wO-qry_rO_gte_1-flips_h0v0-nMasks_5-dMask_medium-dCmplx_MEH-fcs_WHAT_Ql-bsln_12.27)15.47)40.28_f-cntrQ_373.png,IM_8dF17w5afXaxc3Q,5,easy,h0v0,WHAT_Ql
400,38,idc38-eC-wO-qry_rO_gte_1-flips_h0v0-nMasks_6-dMask_medium-dCmplx_MEH-fcs_WHERE-bsln_11.28)21.08)29.29_t-cntrQ_400.png,IM_1S4fBmrjmTtUmTY,6,medium,h0v0,WHERE
332,39,idc39-eG-wO-qry_gO_gte_1-flips_h0v0-nMasks_7-dMask_medium-dCmplx_HME-fcs_WHAT_Qn-bsln_64.83)64.93)40.66_t-cntrQ_332.png,IM_eKI2NOVvdrHoB4W,7,medium,h0v0,WHAT_Qn
440,39,idc39-eG-wO-qry_hO_gte_1-flips_h0v0-nMasks_10-dMask_hard-dCmplx_HME-fcs_WHAT_Ql-bsln_38.16)72.51)57.50_f-cntrQ_440.png,IM_8ragkj4I9rfLR3M,10,hard,h0v0,WHAT_Ql
413,39,idc39-eG-wO-qry_hO_gte_1-flips_h0v0-nMasks_12-dMask_hard-dCmplx_HME-fcs_WHAT_Qn-bsln_63.25)64.93)42_t-cntrQ_413.png,IM_cVliPiJdvNoQUKi,12,hard,h0v0,WHAT_Qn
467,39,idc39-eG-wO-qry_hO_gte_1-flips_h0v0-nMasks_13-dMask_hard-dCmplx_HME-fcs_WHERE-bsln_22.38)21.55)58.52_f-cntrQ_467.png,IM_eagf8dNtAXFhqaq,13,hard,h0v0,WHERE
278,39,idc39-eG-wO-qry_hO_gte_1-flips_h0v0-nMasks_3-dMask_easy-dCmplx_HME-fcs_WHAT_Ql-bsln_0.50)72.51)13.99_f-cntrQ_278.png,IM_5jo69GryACI0PSS,3,easy,h0v0,WHAT_Ql
251,39,idc39-eG-wO-qry_hO_gte_1-flips_h0v0-nMasks_3-dMask_easy-dCmplx_HME-fcs_WHAT_Qn-bsln_68.05)64.93)14.66_t-cntrQ_251.png,IM_6EEUItYiJ5Bi8iW,3,easy,h0v0,WHAT_Qn
305,39,idc39-eG-wO-qry_hO_gte_1-flips_h0v0-nMasks_3-dMask_easy-dCmplx_HME-fcs_WHERE-bsln_15.80)23.09)14.71_f-cntrQ_305.png,IM_6DqxQjJI1dJr45U,3,easy,h0v0,WHERE
386,39,idc39-eG-wO-qry_hO_gte_1-flips_h0v0-nMasks_5-dMask_medium-dCmplx_HME-fcs_WHERE-bsln_23.68)21.55)45.48_t-cntrQ_386.png,IM_2oEicVe3jJALLsG,5,easy,h0v0,WHERE
359,39,idc39-eG-wO-qry_hO_gte_1-flips_h0v0-nMasks_8-dMask_medium-dCmplx_HME-fcs_WHAT_Ql-bsln_18.06)72.51)35.36_t-cntrQ_359.png,IM_cHN2MmhqJ89xujY,8,medium,h0v0,WHAT_Ql
277,4,idc4-sF-gO-qry_hO_gte_1-flips_h0v0-nMasks_3-dMask_easy-dCmplx_HEE-fcs_WHAT_Ql-bsln_21.37)33.52)72.94_f-cntrQ_277.png,IM_3eEBxdzpnSRyNiS,3,easy,h0v0,WHAT_Ql
250,4,idc4-sF-gO-qry_hO_gte_1-flips_h0v0-nMasks_3-dMask_easy-dCmplx_HEE-fcs_WHAT_Qn-bsln_79.15)76.69)75.20_t-cntrQ_250.png,IM_bflE9T8TRUGPUyO,3,easy,h0v0,WHAT_Qn
304,4,idc4-sF-gO-qry_hO_gte_1-flips_h0v0-nMasks_3-dMask_easy-dCmplx_HEE-fcs_WHERE-bsln_31.89)29.51)75.13_t-cntrQ_304.png,IM_eGb5lJ31UIkNULs,3,easy,h0v0,WHERE
331,4,idc4-sF-gO-qry_rO_gte_1-flips_h0v0-nMasks_6-dMask_medium-dCmplx_HEE-fcs_WHAT_Qn-bsln_75.82)76.69)37.60_f-cntrQ_331.png,IM_6G4IZwLi9N19RKS,6,medium,h0v0,WHAT_Qn
466,4,idc4-sF-gO-qry_wO_gte_1-flips_h0v0-nMasks_10-dMask_hard-dCmplx_HEE-fcs_WHERE-bsln_16.52)27.53)34.69_t-cntrQ_466.png,IM_b4s6ZVQo5SJlEnY,10,hard,h0v0,WHERE
439,4,idc4-sF-gO-qry_wO_gte_1-flips_h0v0-nMasks_6-dMask_hard-dCmplx_HEE-fcs_WHAT_Ql-bsln_12.54)33.52)41.76_t-cntrQ_439.png,IM_bNsMCDnKuiqBcBU,6,medium,h0v0,WHAT_Ql
412,4,idc4-sF-gO-qry_wO_gte_1-flips_h0v0-nMasks_6-dMask_hard-dCmplx_HEE-fcs_WHAT_Qn-bsln_81.04)76.69)46.32_t-cntrQ_412.png,IM_bOuiPJgItbutIDs,6,medium,h0v0,WHAT_Qn
385,4,idc4-sF-gO-qry_wO_gte_1-flips_h0v0-nMasks_6-dMask_medium-dCmplx_HEE-fcs_WHERE-bsln_33.56)27.53)34.97_t-cntrQ_385.png,IM_a5WiEI0M4c7AdW6,6,medium,h0v0,WHERE
358,4,idc4-sF-gO-qry_wO_gte_1-flips_h0v0-nMasks_7-dMask_medium-dCmplx_HEE-fcs_WHAT_Ql-bsln_9.21)33.52)38.43_t-cntrQ_358.png,IM_8cRvnRBBDoe4mEe,7,medium,h0v0,WHAT_Ql
286,41,idc41-eG-rO-qry_hO_gte_1-flips_h0v0-nMasks_3-dMask_easy-dCmplx_HEM-fcs_WHAT_Ql-bsln_3.70)3.70)82.40_f-cntrQ_286.png,IM_bvdw0BfKg82nEp0,3,easy,h0v0,WHAT_Ql
259,41,idc41-eG-rO-qry_hO_gte_1-flips_h0v0-nMasks_3-dMask_easy-dCmplx_HEM-fcs_WHAT_Qn-bsln_48.46)43.30)63.50_t-cntrQ_259.png,IM_38XFNmrjBN7sbIi,3,easy,h0v0,WHAT_Qn
313,41,idc41-eG-rO-qry_hO_gte_1-flips_h0v0-nMasks_3-dMask_easy-dCmplx_HEM-fcs_WHERE-bsln_38.72)37.89)85.71_t-cntrQ_313.png,IM_aVhsrf72BjiDxAi,3,easy,h0v0,WHERE
340,41,idc41-eG-rO-qry_wO_gte_1-flips_h0v0-nMasks_5-dMask_medium-dCmplx_HEM-fcs_WHAT_Qn-bsln_47.24)43.30)41.83_t-cntrQ_340.png,IM_ebxKKj6SFVQcNCu,5,easy,h0v0,WHAT_Qn
475,41,idc41-eG-rO-qry_wO_gte_1-flips_h0v0-nMasks_6-dMask_hard-dCmplx_HEM-fcs_WHERE-bsln_28.53)28.53)50.29_t-cntrQ_475.png,IM_a3FfYzlNNTDs0rs,6,medium,h0v0,WHERE
421,41,idc41-eG-rO-qry_wO_gte_1-flips_h0v0-nMasks_8-dMask_hard-dCmplx_HEM-fcs_WHAT_Qn-bsln_46.82)43.30)62.31_f-cntrQ_421.png,IM_00MYsAv2EEWryrY,8,medium,h0v0,WHAT_Qn
394,41,idc41-eG-rO-qry_wO_gte_1-flips_h0v0-nMasks_8-dMask_medium-dCmplx_HEM-fcs_WHERE-bsln_23.21)28.53)38.69_t-cntrQ_394.png,IM_1BuvhT9T1hB1QP4,8,medium,h0v0,WHERE
448,41,idc41-eG-rO-qry_wO_gte_1-flips_h0v0-nMasks_9-dMask_hard-dCmplx_HEM-fcs_WHAT_Ql-bsln_0.46)3.70)36.34_f-cntrQ_448.png,IM_2lU84mSfAkgHn4q,9,medium,h0v0,WHAT_Ql
367,41,idc41-eG-rO-qry_wO_gte_1-flips_h0v0-nMasks_9-dMask_medium-dCmplx_HEM-fcs_WHAT_Ql-bsln_1.62)3.70)30.09_t-cntrQ_367.png,IM_eysJ7mlRABhVcbk,9,medium,h0v0,WHAT_Ql
428,47,idc47-sF-wO-qry_hO_gte_1-flips_h0v0-nMasks_4-dMask_hard-dCmplx_MMH-fcs_WHAT_Qn-bsln_31.09)36.42)58.78_f-cntrQ_428.png,IM_ba6AgDbbgSYKFdY,4,easy,h0v0,WHAT_Qn
455,47,idc47-sF-wO-qry_hO_gte_1-flips_h0v0-nMasks_5-dMask_hard-dCmplx_MMH-fcs_WHAT_Ql-bsln_18.51)78.80)27.16_t-cntrQ_455.png,IM_8oE7q6fsIgNbfBI,5,easy,h0v0,WHAT_Ql
482,47,idc47-sF-wO-qry_hO_gte_1-flips_h0v0-nMasks_6-dMask_hard-dCmplx_MMH-fcs_WHERE-bsln_23.26)30.96)27.74_t-cntrQ_482.png,IM_6XSvrbQrwtXVGM6,6,medium,h0v0,WHERE
293,47,idc47-sF-wO-qry_rO_gte_1-flips_h0v0-nMasks_2-dMask_easy-dCmplx_MMH-fcs_WHAT_Ql-bsln_20.16)78.80)30.45_f-cntrQ_293.png,IM_5pv0Axi8kVeAxJc,2,easy,h0v0,WHAT_Ql
266,47,idc47-sF-wO-qry_rO_gte_1-flips_h0v0-nMasks_2-dMask_easy-dCmplx_MMH-fcs_WHAT_Qn-bsln_33.86)36.42)35.15_f-cntrQ_266.png,IM_cLPTw2wlu53fKya,2,easy,h0v0,WHAT_Qn
320,47,idc47-sF-wO-qry_rO_gte_1-flips_h0v0-nMasks_2-dMask_easy-dCmplx_MMH-fcs_WHERE-bsln_30.19)30.49)35.26_f-cntrQ_320.png,IM_ag8KZLmnVWYJss6,2,easy,h0v0,WHERE
347,47,idc47-sF-wO-qry_rO_gte_1-flips_h0v0-nMasks_4-dMask_medium-dCmplx_MMH-fcs_WHAT_Qn-bsln_40.18)36.42)63.40_f-cntrQ_347.png,IM_ekxzyhyxqXozx2e,4,easy,h0v0,WHAT_Qn
374,47,idc47-sF-wO-qry_rO_gte_1-flips_h0v0-nMasks_5-dMask_medium-dCmplx_MMH-fcs_WHAT_Ql-bsln_17.28)78.80)32.30_f-cntrQ_374.png,IM_0qOUw7C3rHsLkrk,5,easy,h0v0,WHAT_Ql
401,47,idc47-sF-wO-qry_rO_gte_1-flips_h0v0-nMasks_6-dMask_medium-dCmplx_MMH-fcs_WHERE-bsln_30.62)33.87)36.41_f-cntrQ_401.png,IM_6lq0LaJ1oE3DBt4,6,medium,h0v0,WHERE
336,54,idc54-sF-rO-qry_eT_gte_57.44-flips_h0v0-nMasks_9-dMask_medium-dCmplx_EHM-fcs_WHAT_Qn-bsln_58.17)56.13)48.86_f-cntrQ_336.png,IM_8IxVWi6t4jt0m7s,9,medium,h0v0,WHAT_Qn
282,54,idc54-sF-rO-qry_gO_gte_1-flips_h0v0-nMasks_5-dMask_easy-dCmplx_EHM-fcs_WHAT_Ql-bsln_17.67)33.47)66.11_t-cntrQ_282.png,IM_88KFIglktloGjRA,5,easy,h0v0,WHAT_Ql
255,54,idc54-sF-rO-qry_gO_gte_1-flips_h0v0-nMasks_5-dMask_easy-dCmplx_EHM-fcs_WHAT_Qn-bsln_41.44)56.13)16.18_t-cntrQ_255.png,IM_6E8qzZbmAH8G1pQ,5,easy,h0v0,WHAT_Qn
309,54,idc54-sF-rO-qry_gO_gte_1-flips_h0v0-nMasks_5-dMask_easy-dCmplx_EHM-fcs_WHERE-bsln_31.05)29.82)69.15_t-cntrQ_309.png,IM_73ZCH6RzWYUBQLc,5,easy,h0v0,WHERE
363,54,idc54-sF-rO-qry_hO_gte_1-flips_h0v0-nMasks_5-dMask_medium-dCmplx_EHM-fcs_WHAT_Ql-bsln_7.27)33.47)16.63_f-cntrQ_363.png,IM_2t7WSwUSg1cuJE2,5,easy,h0v0,WHAT_Ql
390,54,idc54-sF-rO-qry_hO_gte_1-flips_h0v0-nMasks_5-dMask_medium-dCmplx_EHM-fcs_WHERE-bsln_31.07)34.61)31.49_f-cntrQ_390.png,IM_eqwQaMbYf20rkto,5,easy,h0v0,WHERE
471,54,idc54-sF-rO-qry_wO_gte_1-flips_h0v0-nMasks_11-dMask_hard-dCmplx_EHM-fcs_WHERE-bsln_38.11)40.16)64.61_f-cntrQ_471.png,IM_a4uFenc01WHAGAC,11,hard,h0v0,WHERE
444,54,idc54-sF-rO-qry_wO_gte_1-flips_h0v0-nMasks_13-dMask_hard-dCmplx_EHM-fcs_WHAT_Ql-bsln_22.45)33.47)50.31_f-cntrQ_444.png,IM_5z1eUP6QGGG4Tz0,13,hard,h0v0,WHAT_Ql
417,54,idc54-sF-rO-qry_wO_gte_1-flips_h0v0-nMasks_14-dMask_hard-dCmplx_EHM-fcs_WHAT_Qn-bsln_55.97)56.13)45.95_f-cntrQ_417.png,IM_e9XDYnlfTsxwrfU,14,hard,h0v0,WHAT_Qn
284,59,idc59-eC-rO-qry_eT_gte_18.23-flips_h0v0-nMasks_4-dMask_easy-dCmplx_MMM-fcs_WHAT_Ql-bsln_5.12)15.58)27.02_f-cntrQ_284.png,IM_9F7qWqG1dEHAPky,4,easy,h0v0,WHAT_Ql
257,59,idc59-eC-rO-qry_eT_gte_18.23-flips_h0v0-nMasks_4-dMask_easy-dCmplx_MMM-fcs_WHAT_Qn-bsln_67.08)64.01)33.13_t-cntrQ_257.png,IM_234eFoz9DqTrAJ8,4,easy,h0v0,WHAT_Qn
311,59,idc59-eC-rO-qry_eT_gte_18.23-flips_h0v0-nMasks_4-dMask_easy-dCmplx_MMM-fcs_WHERE-bsln_24.20)36.12)33.23_t-cntrQ_311.png,IM_diObgRKSTHGbOQe,4,easy,h0v0,WHERE
365,59,idc59-eC-rO-qry_wO_gte_1-flips_h0v0-nMasks_10-dMask_medium-dCmplx_MMM-fcs_WHAT_Ql-bsln_7.69)15.58)53.25_t-cntrQ_365.png,IM_74ogO9IUajVbkCW,10,hard,h0v0,WHAT_Ql
392,59,idc59-eC-rO-qry_wO_gte_1-flips_h0v0-nMasks_10-dMask_medium-dCmplx_MMM-fcs_WHERE-bsln_43.69)36.12)62.39_t-cntrQ_392.png,IM_9EJxiTxPDHgcjye,10,hard,h0v0,WHERE
473,59,idc59-eC-rO-qry_wO_gte_1-flips_h0v0-nMasks_6-dMask_hard-dCmplx_MMM-fcs_WHERE-bsln_35.08)36.12)33.81_t-cntrQ_473.png,IM_8vsR1nmggwj4GP4,6,medium,h0v0,WHERE
446,59,idc59-eC-rO-qry_wO_gte_1-flips_h0v0-nMasks_8-dMask_hard-dCmplx_MMM-fcs_WHAT_Ql-bsln_3.74)15.58)28.59_t-cntrQ_446.png,IM_57M1Ga5xSXs6z1s,8,medium,h0v0,WHAT_Ql
419,59,idc59-eC-rO-qry_wO_gte_1-flips_h0v0-nMasks_8-dMask_hard-dCmplx_MMM-fcs_WHAT_Qn-bsln_62.43)64.01)64.24_t-cntrQ_419.png,IM_6hS3GgocSq70Zee,8,medium,h0v0,WHAT_Qn
338,59,idc59-eC-rO-qry_wO_gte_1-flips_h0v0-nMasks_9-dMask_medium-dCmplx_MMM-fcs_WHAT_Qn-bsln_62.48)64.01)62.79_t-cntrQ_338.png,IM_b75NDVt8Wf64ggm,9,medium,h0v0,WHAT_Qn
295,6,idc6-sF-gO-qry_rO_gte_1-flips_h0v0-nMasks_5-dMask_easy-dCmplx_HEH-fcs_WHAT_Ql-bsln_34.68)51.60)66.59_t-cntrQ_295.png,IM_bOD2mG1UVyNizJA,5,easy,h0v0,WHAT_Ql
268,6,idc6-sF-gO-qry_rO_gte_1-flips_h0v0-nMasks_5-dMask_easy-dCmplx_HEH-fcs_WHAT_Qn-bsln_43.17)46.62)69.51_t-cntrQ_268.png,IM_b7TtcpxocXJlCUC,5,easy,h0v0,WHAT_Qn
322,6,idc6-sF-gO-qry_rO_gte_1-flips_h0v0-nMasks_5-dMask_easy-dCmplx_HEH-fcs_WHERE-bsln_41.91)41.88)69.42_t-cntrQ_322.png,IM_24BtVIFpazVY9j8,5,easy,h0v0,WHERE
457,6,idc6-sF-gO-qry_wO_gte_1-flips_h0v0-nMasks_13-dMask_hard-dCmplx_HEH-fcs_WHAT_Ql-bsln_30.40)51.60)58.45_t-cntrQ_457.png,IM_cViWI6JHbMUpCey,13,hard,h0v0,WHAT_Ql
484,6,idc6-sF-gO-qry_wO_gte_1-flips_h0v0-nMasks_13-dMask_hard-dCmplx_HEH-fcs_WHERE-bsln_36.34)36.55)58.57_t-cntrQ_484.png,IM_a2XNcRiVSPazRBA,13,hard,h0v0,WHERE
430,6,idc6-sF-gO-qry_wO_gte_1-flips_h0v0-nMasks_14-dMask_hard-dCmplx_HEH-fcs_WHAT_Qn-bsln_47.87)46.62)48.71_t-cntrQ_430.png,IM_9LkEKCVijOIUDZQ,14,hard,h0v0,WHAT_Qn
349,6,idc6-sF-gO-qry_wO_gte_1-flips_h0v0-nMasks_3-dMask_medium-dCmplx_HEH-fcs_WHAT_Qn-bsln_45.86)46.62)39.31_t-cntrQ_349.png,IM_elCKZovxkh5JJBA,3,easy,h0v0,WHAT_Qn
403,6,idc6-sF-gO-qry_wO_gte_1-flips_h0v0-nMasks_3-dMask_medium-dCmplx_HEH-fcs_WHERE-bsln_38.69)36.55)16.28_t-cntrQ_403.png,IM_3VqQ4WhrEUkcMNo,3,easy,h0v0,WHERE
376,6,idc6-sF-gO-qry_wO_gte_1-flips_h0v0-nMasks_5-dMask_medium-dCmplx_HEH-fcs_WHAT_Ql-bsln_6.20)51.60)6.20_t-cntrQ_376.png,IM_eXNHFcCpSnQ8c3c,5,easy,h0v0,WHAT_Ql
283,61,idc61-eC-gO-qry_eT_gte_42.31-flips_h0v0-nMasks_3-dMask_easy-dCmplx_MEM-fcs_WHAT_Ql-bsln_31.47)54.18)35.38_f-cntrQ_283.png,IM_0MpcbIilOzm7NY2,3,easy,h0v0,WHAT_Ql
256,61,idc61-eC-gO-qry_eT_gte_42.31-flips_h0v0-nMasks_3-dMask_easy-dCmplx_MEM-fcs_WHAT_Qn-bsln_50.13)44.19)37.46_t-cntrQ_256.png,IM_2oyaS7le8kTrlno,3,easy,h0v0,WHAT_Qn
310,61,idc61-eC-gO-qry_eT_gte_42.31-flips_h0v0-nMasks_3-dMask_easy-dCmplx_MEM-fcs_WHERE-bsln_66.26)40.91)37.26_f-cntrQ_310.png,IM_0xkMsOFNtlFrynA,3,easy,h0v0,WHERE
337,61,idc61-eC-gO-qry_rO_gte_1-flips_h0v0-nMasks_6-dMask_medium-dCmplx_MEM-fcs_WHAT_Qn-bsln_45.52)44.19)64.44_t-cntrQ_337.png,IM_6tiBD193gD9zcIC,6,medium,h0v0,WHAT_Qn
418,61,idc61-eC-gO-qry_wO_gte_1-flips_h0v0-nMasks_4-dMask_hard-dCmplx_MEM-fcs_WHAT_Qn-bsln_40.71)44.19)24.76_t-cntrQ_418.png,IM_bjEutXM6cLtO074,4,easy,h0v0,WHAT_Qn
364,61,idc61-eC-gO-qry_wO_gte_1-flips_h0v0-nMasks_6-dMask_medium-dCmplx_MEM-fcs_WHAT_Ql-bsln_18.80)54.18)32.02_t-cntrQ_364.png,IM_e2Pgy2PMGMoWBue,6,medium,h0v0,WHAT_Ql
391,61,idc61-eC-gO-qry_wO_gte_1-flips_h0v0-nMasks_6-dMask_medium-dCmplx_MEM-fcs_WHERE-bsln_35.47)40.91)42.35_t-cntrQ_391.png,IM_4TMBXgwwzOLlcxw,6,medium,h0v0,WHERE
472,61,idc61-eC-gO-qry_wO_gte_1-flips_h0v0-nMasks_7-dMask_hard-dCmplx_MEM-fcs_WHERE-bsln_34.40)40.91)34.71_t-cntrQ_472.png,IM_bdxFkhxUbCAamAm,7,medium,h0v0,WHERE
445,61,idc61-eC-gO-qry_wO_gte_1-flips_h0v0-nMasks_8-dMask_hard-dCmplx_MEM-fcs_WHAT_Ql-bsln_14.15)54.18)25.13_t-cntrQ_445.png,IM_237cBLW31WKJzYa,8,medium,h0v0,WHAT_Ql
388,63,idc63-eG-gO-qry_hO_gte_1-flips_h0v0-nMasks_6-dMask_medium-dCmplx_EEM-fcs_WHERE-bsln_38.59)32.02)37.53_t-cntrQ_388.png,IM_6o3RfhhGchvHa62,6,medium,h0v0,WHERE
361,63,idc63-eG-gO-qry_hO_gte_1-flips_h0v0-nMasks_8-dMask_medium-dCmplx_EEM-fcs_WHAT_Ql-bsln_34.98)84.16)34.98_f-cntrQ_361.png,IM_81HyIyDxGZ5m2cC,8,medium,h0v0,WHAT_Ql
280,63,idc63-eG-gO-qry_rO_gte_1-flips_h0v0-nMasks_5-dMask_easy-dCmplx_EEM-fcs_WHAT_Ql-bsln_55.08)84.16)66.90_f-cntrQ_280.png,IM_1GGtDcAhSrLffUO,5,easy,h0v0,WHAT_Ql
253,63,idc63-eG-gO-qry_rO_gte_1-flips_h0v0-nMasks_5-dMask_easy-dCmplx_EEM-fcs_WHAT_Qn-bsln_22.20)15.52)7.48_t-cntrQ_253.png,IM_eG2MN1zCk7NbOuO,5,easy,h0v0,WHAT_Qn
307,63,idc63-eG-gO-qry_rO_gte_1-flips_h0v0-nMasks_5-dMask_easy-dCmplx_EEM-fcs_WHERE-bsln_23.73)21.98)69.66_f-cntrQ_307.png,IM_9NQyZ19cDywJqeO,5,easy,h0v0,WHERE
334,63,idc63-eG-gO-qry_sF_gte_33.66-flips_h0v0-nMasks_9-dMask_medium-dCmplx_EEM-fcs_WHAT_Qn-bsln_12.54)15.52)26.04_t-cntrQ_334.png,IM_a9lZgBH0l8sQT3w,9,medium,h0v0,WHAT_Qn
469,63,idc63-eG-gO-qry_wO_gte_1-flips_h0v0-nMasks_3-dMask_hard-dCmplx_EEM-fcs_WHERE-bsln_19.42)29.79)27.92_t-cntrQ_469.png,IM_8idGhZSxtYspRRQ,3,easy,h0v0,WHERE
442,63,idc63-eG-gO-qry_wO_gte_1-flips_h0v0-nMasks_5-dMask_hard-dCmplx_EEM-fcs_WHAT_Ql-bsln_22.22)84.16)22.22_t-cntrQ_442.png,IM_4JD5izri6GDCmWO,5,easy,h0v0,WHAT_Ql
415,63,idc63-eG-gO-qry_wO_gte_1-flips_h0v0-nMasks_5-dMask_hard-dCmplx_EEM-fcs_WHAT_Qn-bsln_19.17)15.52)17.36_t-cntrQ_415.png,IM_235yFpSgdQNunEG,5,easy,h0v0,WHAT_Qn
289,64,idc64-eG-gO-qry_rO_gte_1-flips_h0v0-nMasks_4-dMask_easy-dCmplx_EEH-fcs_WHAT_Ql-bsln_11.58)18.69)76.01_f-cntrQ_289.png,IM_9H9yVDDfpNRrcIC,4,easy,h0v0,WHAT_Ql
262,64,idc64-eG-gO-qry_rO_gte_1-flips_h0v0-nMasks_4-dMask_easy-dCmplx_EEH-fcs_WHAT_Qn-bsln_24.72)24.93)74.92_f-cntrQ_262.png,IM_3gaHoB07cLwWqN0,4,easy,h0v0,WHAT_Qn
316,64,idc64-eG-gO-qry_rO_gte_1-flips_h0v0-nMasks_4-dMask_easy-dCmplx_EEH-fcs_WHERE-bsln_35.00)35.49)74.85_f-cntrQ_316.png,IM_0p0XiAaxX7tRh9s,4,easy,h0v0,WHERE
451,64,idc64-eG-gO-qry_wO_gte_1-flips_h0v0-nMasks_10-dMask_hard-dCmplx_EEH-fcs_WHAT_Ql-bsln_8.33)18.69)22.76_t-cntrQ_451.png,IM_0UpAQfduR9Aecgm,10,hard,h0v0,WHAT_Ql
343,64,idc64-eG-gO-qry_wO_gte_1-flips_h0v0-nMasks_3-dMask_medium-dCmplx_EEH-fcs_WHAT_Qn-bsln_24.81)24.93)51.02_f-cntrQ_343.png,IM_5oNQZke1XxCWyZo,3,easy,h0v0,WHAT_Qn
397,64,idc64-eG-gO-qry_wO_gte_1-flips_h0v0-nMasks_4-dMask_medium-dCmplx_EEH-fcs_WHERE-bsln_33.61)30.51)56.14_f-cntrQ_397.png,IM_cHN86usyrrUqcAu,4,easy,h0v0,WHERE
370,64,idc64-eG-gO-qry_wO_gte_1-flips_h0v0-nMasks_5-dMask_medium-dCmplx_EEH-fcs_WHAT_Ql-bsln_7.92)18.69)30.69_t-cntrQ_370.png,IM_4VAJgFjFyKuQ1Dw,5,easy,h0v0,WHAT_Ql
424,64,idc64-eG-gO-qry_wO_gte_1-flips_h0v0-nMasks_6-dMask_hard-dCmplx_EEH-fcs_WHAT_Qn-bsln_23.81)24.93)46.64_t-cntrQ_424.png,IM_3CYkRUIniOvoTX0,6,medium,h0v0,WHAT_Qn
478,64,idc64-eG-gO-qry_wO_gte_1-flips_h0v0-nMasks_6-dMask_hard-dCmplx_EEH-fcs_WHERE-bsln_26.17)30.51)36.25_t-cntrQ_478.png,IM_5u2aJnQIrYKA4t0,6,medium,h0v0,WHERE
486,67,idc67-eC-wO-qry_hO_gte_1-flips_h0v0-nMasks_12-dMask_hard-dCmplx_HHH-fcs_WHERE-bsln_30.54)32.47)65.09_t-cntrQ_486.png,IM_7aCEHKVRoaBwqBE,12,hard,h0v0,WHERE
459,67,idc67-eC-wO-qry_hO_gte_1-flips_h0v0-nMasks_13-dMask_hard-dCmplx_HHH-fcs_WHAT_Ql-bsln_9.65)20.17)53.21_t-cntrQ_459.png,IM_6J92SNDYobqz1Nc,13,hard,h0v0,WHAT_Ql
432,67,idc67-eC-wO-qry_hO_gte_1-flips_h0v0-nMasks_13-dMask_hard-dCmplx_HHH-fcs_WHAT_Qn-bsln_59.22)56.78)48.69_t-cntrQ_432.png,IM_b9Lm7yF8NQPFqoS,13,hard,h0v0,WHAT_Qn
378,67,idc67-eC-wO-qry_hO_gte_1-flips_h0v0-nMasks_4-dMask_medium-dCmplx_HHH-fcs_WHAT_Ql-bsln_12.66)20.17)33.90_t-cntrQ_378.png,IM_6umy3FlMmbZCcOa,4,easy,h0v0,WHAT_Ql
405,67,idc67-eC-wO-qry_hO_gte_1-flips_h0v0-nMasks_5-dMask_medium-dCmplx_HHH-fcs_WHERE-bsln_25.69)32.47)32.54_t-cntrQ_405.png,IM_86VX7cdr8xE74dU,5,easy,h0v0,WHERE
351,67,idc67-eC-wO-qry_hO_gte_1-flips_h0v0-nMasks_8-dMask_medium-dCmplx_HHH-fcs_WHAT_Qn-bsln_53.18)56.78)49.21_t-cntrQ_351.png,IM_bCbMRKE01j6uuX4,8,medium,h0v0,WHAT_Qn
297,67,idc67-eC-wO-qry_rO_gte_1-flips_h0v0-nMasks_2-dMask_easy-dCmplx_HHH-fcs_WHAT_Ql-bsln_18.24)20.17)77.25_f-cntrQ_297.png,IM_eRsFyr0jXB2iVx4,2,easy,h0v0,WHAT_Ql
270,67,idc67-eC-wO-qry_rO_gte_1-flips_h0v0-nMasks_2-dMask_easy-dCmplx_HHH-fcs_WHAT_Qn-bsln_54.44)56.78)75.65_t-cntrQ_270.png,IM_4GUwiChJv5Pu5cW,2,easy,h0v0,WHAT_Qn
324,67,idc67-eC-wO-qry_rO_gte_1-flips_h0v0-nMasks_2-dMask_easy-dCmplx_HHH-fcs_WHERE-bsln_36.44)32.54)75.85_f-cntrQ_324.png,IM_emkFpBzk0k8iJ82,2,easy,h0v0,WHERE
272,68,idc68-fC-gO-qry_hO_gte_1-flips_h0v0-nMasks_4-dMask_easy-dCmplx_EME-fcs_WHAT_Ql-bsln_33.24)46.04)80.65_f-cntrQ_272.png,IM_3CTDeBMrnvj8vKC,4,easy,h0v0,WHAT_Ql
245,68,idc68-fC-gO-qry_hO_gte_1-flips_h0v0-nMasks_4-dMask_easy-dCmplx_EME-fcs_WHAT_Qn-bsln_41.86)43.35)34.65_f-cntrQ_245.png,IM_1zBSbBkXHHHULv8,4,easy,h0v0,WHAT_Qn
299,68,idc68-fC-gO-qry_hO_gte_1-flips_h0v0-nMasks_4-dMask_easy-dCmplx_EME-fcs_WHERE-bsln_13.71)13.93)84.76_t-cntrQ_299.png,IM_do2bOPCEmvzUT0G,4,easy,h0v0,WHERE
407,68,idc68-fC-gO-qry_wO_gte_1-flips_h0v0-nMasks_11-dMask_hard-dCmplx_EME-fcs_WHAT_Qn-bsln_42.96)43.35)44.88_f-cntrQ_407.png,IM_dhdijoCPZPFsvv8,11,hard,h0v0,WHAT_Qn
434,68,idc68-fC-gO-qry_wO_gte_1-flips_h0v0-nMasks_12-dMask_hard-dCmplx_EME-fcs_WHAT_Ql-bsln_20.16)46.04)54.22_f-cntrQ_434.png,IM_4VJfvEVfoHYZV54,12,hard,h0v0,WHAT_Ql
461,68,idc68-fC-gO-qry_wO_gte_1-flips_h0v0-nMasks_13-dMask_hard-dCmplx_EME-fcs_WHERE-bsln_15.33)14.64)59.27_f-cntrQ_461.png,IM_2twYqWhIyAtPRgG,13,hard,h0v0,WHERE
353,68,idc68-fC-gO-qry_wO_gte_1-flips_h0v0-nMasks_6-dMask_medium-dCmplx_EME-fcs_WHAT_Ql-bsln_6.81)46.04)38.69_t-cntrQ_353.png,IM_exMylHfdilI9fBc,6,medium,h0v0,WHAT_Ql
326,68,idc68-fC-gO-qry_wO_gte_1-flips_h0v0-nMasks_7-dMask_medium-dCmplx_EME-fcs_WHAT_Qn-bsln_46.25)43.35)11.55_t-cntrQ_326.png,IM_bDFaKIZb1rGGWTI,7,medium,h0v0,WHAT_Qn
380,68,idc68-fC-gO-qry_wO_gte_1-flips_h0v0-nMasks_7-dMask_medium-dCmplx_EME-fcs_WHERE-bsln_17.64)14.64)36.09_f-cntrQ_380.png,IM_aUVtWnrdXoPcGP4,7,medium,h0v0,WHERE
274,69,idc69-eG-rO-qry_gO_gte_1-flips_h0v0-nMasks_4-dMask_easy-dCmplx_MEE-fcs_WHAT_Ql-bsln_1.64)15.02)54.11_t-cntrQ_274.png,IM_cRVaQWRNKOCe4qa,4,easy,h0v0,WHAT_Ql
247,69,idc69-eG-rO-qry_gO_gte_1-flips_h0v0-nMasks_4-dMask_easy-dCmplx_MEE-fcs_WHAT_Qn-bsln_66.30)64.01)55.35_t-cntrQ_247.png,IM_9vLWVr3pdU3c91A,4,easy,h0v0,WHAT_Qn
301,69,idc69-eG-rO-qry_gO_gte_1-flips_h0v0-nMasks_4-dMask_easy-dCmplx_MEE-fcs_WHERE-bsln_17.44)18.04)55.23_f-cntrQ_301.png,IM_d76aStmINzX24iG,4,easy,h0v0,WHERE
409,69,idc69-eG-rO-qry_wO_gte_1-flips_h0v0-nMasks_13-dMask_hard-dCmplx_MEE-fcs_WHAT_Qn-bsln_71.02)64.01)45.69_t-cntrQ_409.png,IM_4T5uxMiYeOLI2Kq,13,hard,h0v0,WHAT_Qn
436,69,idc69-eG-rO-qry_wO_gte_1-flips_h0v0-nMasks_14-dMask_hard-dCmplx_MEE-fcs_WHAT_Ql-bsln_3.70)15.02)50.61_t-cntrQ_436.png,IM_3kFs5hWAqtR63Bk,14,hard,h0v0,WHAT_Ql
463,69,idc69-eG-rO-qry_wO_gte_1-flips_h0v0-nMasks_14-dMask_hard-dCmplx_MEE-fcs_WHERE-bsln_23.56)24.05)57.06_t-cntrQ_463.png,IM_0xMY1Zpff2Ydjmu,14,hard,h0v0,WHERE
355,69,idc69-eG-rO-qry_wO_gte_1-flips_h0v0-nMasks_2-dMask_medium-dCmplx_MEE-fcs_WHAT_Ql-bsln_1.85)15.02)7.40_t-cntrQ_355.png,IM_3kgVXBpmb4t4Ni6,2,easy,h0v0,WHAT_Ql
382,69,idc69-eG-rO-qry_wO_gte_1-flips_h0v0-nMasks_5-dMask_medium-dCmplx_MEE-fcs_WHERE-bsln_23.87)24.05)7.06_t-cntrQ_382.png,IM_8ifquUoZAsLJIwu,5,easy,h0v0,WHERE
328,69,idc69-eG-rO-qry_wO_gte_1-flips_h0v0-nMasks_6-dMask_medium-dCmplx_MEE-fcs_WHAT_Qn-bsln_59.19)64.01)19.06_f-cntrQ_328.png,IM_0HafZbRJFZowo0m,6,medium,h0v0,WHAT_Qn
290,72,idc72-fC-gO-qry_rO_gte_1-flips_h0v0-nMasks_2-dMask_easy-dCmplx_EMH-fcs_WHAT_Ql-bsln_0)24.51)4.63_t-cntrQ_290.png,IM_4Vpf6Gn3C7WHJsO,2,easy,h0v0,WHAT_Ql
263,72,idc72-fC-gO-qry_rO_gte_1-flips_h0v0-nMasks_2-dMask_easy-dCmplx_EMH-fcs_WHAT_Qn-bsln_79.80)77.48)4.73_t-cntrQ_263.png,IM_86qb9mKrV9fhoYC,2,easy,h0v0,WHAT_Qn
317,72,idc72-fC-gO-qry_rO_gte_1-flips_h0v0-nMasks_2-dMask_easy-dCmplx_EMH-fcs_WHERE-bsln_45.59)45.24)4.74_f-cntrQ_317.png,IM_6YbDDoConM6SkCy,2,easy,h0v0,WHERE
425,72,idc72-fC-gO-qry_wO_gte_1-flips_h0v0-nMasks_13-dMask_hard-dCmplx_EMH-fcs_WHAT_Qn-bsln_74.68)77.48)34.21_f-cntrQ_425.png,IM_7QHanLZVaTY9IIC,13,hard,h0v0,WHAT_Qn
344,72,idc72-fC-gO-qry_wO_gte_1-flips_h0v0-nMasks_5-dMask_medium-dCmplx_EMH-fcs_WHAT_Qn-bsln_80.01)77.48)52.10_t-cntrQ_344.png,IM_bkAszVX82vKWzVc,5,easy,h0v0,WHAT_Qn
398,72,idc72-fC-gO-qry_wO_gte_1-flips_h0v0-nMasks_6-dMask_medium-dCmplx_EMH-fcs_WHERE-bsln_57.58)40.55)29.55_f-cntrQ_398.png,IM_2aVWeESZYRJi2F0,6,medium,h0v0,WHERE
452,72,idc72-fC-gO-qry_wO_gte_1-flips_h0v0-nMasks_7-dMask_hard-dCmplx_EMH-fcs_WHAT_Ql-bsln_9.26)24.51)46.52_f-cntrQ_452.png,IM_7VPamTiWz7Nxe86,7,medium,h0v0,WHAT_Ql
371,72,idc72-fC-gO-qry_wO_gte_1-flips_h0v0-nMasks_8-dMask_medium-dCmplx_EMH-fcs_WHAT_Ql-bsln_7.33)24.51)30.30_f-cntrQ_371.png,IM_d9ZhOkTxe92XRgW,8,medium,h0v0,WHAT_Ql
479,72,idc72-fC-gO-qry_wO_gte_1-flips_h0v0-nMasks_9-dMask_hard-dCmplx_EMH-fcs_WHERE-bsln_35.70)40.55)50.39_t-cntrQ_479.png,IM_8BAkekvc1huMRQG,9,medium,h0v0,WHERE
28,1,idc1-eC-gO-qry_rO_gte_1-flips_h1v1-nMasks_4-dMask_easy-dCmplx_EEE-fcs_WHAT_Ql-bsln_5.84)78.73)12.38_t-cntrQ_28.png,IM_br13PYpB71oNBTo,4,easy,h1v1,WHAT_Ql
1,1,idc1-eC-gO-qry_rO_gte_1-flips_h1v1-nMasks_4-dMask_easy-dCmplx_EEE-fcs_WHAT_Qn-bsln_47.05)42.60)14.24_t-cntrQ_1.png,IM_dcn2CXMjpWZxVZA,4,easy,h1v1,WHAT_Qn
55,1,idc1-eC-gO-qry_rO_gte_1-flips_h1v1-nMasks_4-dMask_easy-dCmplx_EEE-fcs_WHERE-bsln_28.70)24.67)14.28_f-cntrQ_55.png,IM_8qceEiNqFxnNMX4,4,easy,h1v1,WHERE
109,1,idc1-eC-gO-qry_wO_gte_1-flips_h1v1-nMasks_1-dMask_medium-dCmplx_EEE-fcs_WHAT_Ql-bsln_30.14)78.73)30.14_t-cntrQ_109.png,IM_83cH85lJ1LOrScK,1,easy,h1v1,WHAT_Ql
190,1,idc1-eC-gO-qry_wO_gte_1-flips_h1v1-nMasks_12-dMask_hard-dCmplx_EEE-fcs_WHAT_Ql-bsln_42.75)78.73)58.64_f-cntrQ_190.png,IM_5irWnb3bzKB7ugC,12,hard,h1v1,WHAT_Ql
217,1,idc1-eC-gO-qry_wO_gte_1-flips_h1v1-nMasks_13-dMask_hard-dCmplx_EEE-fcs_WHERE-bsln_25.90)22.56)48.93_t-cntrQ_217.png,IM_eXUlUwiQaci70Sq,13,hard,h1v1,WHERE
163,1,idc1-eC-gO-qry_wO_gte_1-flips_h1v1-nMasks_14-dMask_hard-dCmplx_EEE-fcs_WHAT_Qn-bsln_38.44)42.60)57.87_t-cntrQ_163.png,IM_dmNEUR59J9E5A6q,14,hard,h1v1,WHAT_Qn
136,1,idc1-eC-gO-qry_wO_gte_1-flips_h1v1-nMasks_3-dMask_medium-dCmplx_EEE-fcs_WHERE-bsln_15.10)22.56)14.58_t-cntrQ_136.png,IM_eFY2zRQszxtsPA2,3,easy,h1v1,WHERE
82,1,idc1-eC-gO-qry_wO_gte_1-flips_h1v1-nMasks_7-dMask_medium-dCmplx_EEE-fcs_WHAT_Qn-bsln_37.74)42.60)33.93_t-cntrQ_82.png,IM_0vvhJPekbUnoIB0,7,medium,h1v1,WHAT_Qn
53,12,idc12-sF-gO-qry_hO_gte_1-flips_h1v1-nMasks_4-dMask_easy-dCmplx_HMH-fcs_WHAT_Ql-bsln_19.84)24.74)82.21_t-cntrQ_53.png,IM_eLtfw01lpMKEIt0,4,easy,h1v1,WHAT_Ql
26,12,idc12-sF-gO-qry_hO_gte_1-flips_h1v1-nMasks_4-dMask_easy-dCmplx_HMH-fcs_WHAT_Qn-bsln_22.41)23.06)84.81_f-cntrQ_26.png,IM_bQ8A3p5k6taX8lU,4,easy,h1v1,WHAT_Qn
80,12,idc12-sF-gO-qry_hO_gte_1-flips_h1v1-nMasks_4-dMask_easy-dCmplx_HMH-fcs_WHERE-bsln_22.91)23.34)84.76_f-cntrQ_80.png,IM_0Omqm4C1FVqe40S,4,easy,h1v1,WHERE
215,12,idc12-sF-gO-qry_wO_gte_1-flips_h1v1-nMasks_12-dMask_hard-dCmplx_HMH-fcs_WHAT_Ql-bsln_15.72)24.74)49.48_f-cntrQ_215.png,IM_3n2oLkhM4koT7Ia,12,hard,h1v1,WHAT_Ql
188,12,idc12-sF-gO-qry_wO_gte_1-flips_h1v1-nMasks_12-dMask_hard-dCmplx_HMH-fcs_WHAT_Qn-bsln_19.65)23.06)60.06_f-cntrQ_188.png,IM_8lhYVYzvmoJckui,12,hard,h1v1,WHAT_Qn
242,12,idc12-sF-gO-qry_wO_gte_1-flips_h1v1-nMasks_12-dMask_hard-dCmplx_HMH-fcs_WHERE-bsln_30.58)26.13)62.91_t-cntrQ_242.png,IM_1BREQY7XQ5zWHps,12,hard,h1v1,WHERE
107,12,idc12-sF-gO-qry_wO_gte_1-flips_h1v1-nMasks_2-dMask_medium-dCmplx_HMH-fcs_WHAT_Qn-bsln_14.31)23.06)10.23_t-cntrQ_107.png,IM_3qpB07yUDQegbKC,2,easy,h1v1,WHAT_Qn
134,12,idc12-sF-gO-qry_wO_gte_1-flips_h1v1-nMasks_7-dMask_medium-dCmplx_HMH-fcs_WHAT_Ql-bsln_10.82)24.74)26.54_t-cntrQ_134.png,IM_0jtZsRRaTic3CXc,7,medium,h1v1,WHAT_Ql
161,12,idc12-sF-gO-qry_wO_gte_1-flips_h1v1-nMasks_7-dMask_medium-dCmplx_HMH-fcs_WHERE-bsln_31.28)26.13)32.45_f-cntrQ_161.png,IM_3q127orc6i3Zi18,7,medium,h1v1,WHERE
86,14,idc14-eG-gO-qry_hO_gte_1-flips_h1v1-nMasks_6-dMask_medium-dCmplx_MME-fcs_WHAT_Qn-bsln_48.75)23.96)8_t-cntrQ_86.png,IM_08jHA9gxaqKQGea,6,medium,h1v1,WHAT_Qn
32,14,idc14-eG-gO-qry_sF_gte_43.78-flips_h1v1-nMasks_6-dMask_easy-dCmplx_MME-fcs_WHAT_Ql-bsln_7.26)78.21)12.86_f-cntrQ_32.png,IM_6LISLkH89IlKYmO,6,medium,h1v1,WHAT_Ql
5,14,idc14-eG-gO-qry_sF_gte_43.78-flips_h1v1-nMasks_6-dMask_easy-dCmplx_MME-fcs_WHAT_Qn-bsln_17.65)23.96)13.06_f-cntrQ_5.png,IM_bHm3wZEStgNgKr4,6,medium,h1v1,WHAT_Qn
59,14,idc14-eG-gO-qry_sF_gte_43.78-flips_h1v1-nMasks_6-dMask_easy-dCmplx_MME-fcs_WHERE-bsln_53.73)28.68)13.10_t-cntrQ_59.png,IM_1Fv6MoqfJsqcs0C,6,medium,h1v1,WHERE
221,14,idc14-eG-gO-qry_wO_gte_1-flips_h1v1-nMasks_10-dMask_hard-dCmplx_MME-fcs_WHERE-bsln_39.32)28.68)35.56_t-cntrQ_221.png,IM_bj4Omcubxuj5vn0,10,hard,h1v1,WHERE
140,14,idc14-eG-gO-qry_wO_gte_1-flips_h1v1-nMasks_6-dMask_medium-dCmplx_MME-fcs_WHERE-bsln_25.03)28.68)39.57_f-cntrQ_140.png,IM_6JwwKJ5tHW1Jr4a,6,medium,h1v1,WHERE
113,14,idc14-eG-gO-qry_wO_gte_1-flips_h1v1-nMasks_8-dMask_medium-dCmplx_MME-fcs_WHAT_Ql-bsln_22.19)78.21)33.60_t-cntrQ_113.png,IM_78ldAGWWgiwTymO,8,medium,h1v1,WHAT_Ql
194,14,idc14-eG-gO-qry_wO_gte_1-flips_h1v1-nMasks_9-dMask_hard-dCmplx_MME-fcs_WHAT_Ql-bsln_25.93)78.21)36.92_f-cntrQ_194.png,IM_aeN5WaDkNQU7eIK,9,medium,h1v1,WHAT_Ql
167,14,idc14-eG-gO-qry_wO_gte_1-flips_h1v1-nMasks_9-dMask_hard-dCmplx_MME-fcs_WHAT_Qn-bsln_40.51)23.96)17.59_t-cntrQ_167.png,IM_2r6jAlfdx4LjL38,9,medium,h1v1,WHAT_Qn
45,2,idc2-sF-wO-qry_gO_gte_1-flips_h1v1-nMasks_3-dMask_easy-dCmplx_HHM-fcs_WHAT_Ql-bsln_16.21)28.33)62.42_t-cntrQ_45.png,IM_cFLyI09T4x6xTDg,3,easy,h1v1,WHAT_Ql
18,2,idc2-sF-wO-qry_gO_gte_1-flips_h1v1-nMasks_3-dMask_easy-dCmplx_HHM-fcs_WHAT_Qn-bsln_24.94)27.05)64.76_t-cntrQ_18.png,IM_8csZkdThOS5g8ES,3,easy,h1v1,WHAT_Qn
72,2,idc2-sF-wO-qry_gO_gte_1-flips_h1v1-nMasks_3-dMask_easy-dCmplx_HHM-fcs_WHERE-bsln_35.36)40.80)64.67_f-cntrQ_72.png,IM_b4x8g0pJrXptZaK,3,easy,h1v1,WHERE
180,2,idc2-sF-wO-qry_hO_gte_1-flips_h1v1-nMasks_12-dMask_hard-dCmplx_HHM-fcs_WHAT_Qn-bsln_24.21)27.05)66.66_t-cntrQ_180.png,IM_5nc2XyQLlkZPKsu,12,hard,h1v1,WHAT_Qn
207,2,idc2-sF-wO-qry_hO_gte_1-flips_h1v1-nMasks_13-dMask_hard-dCmplx_HHM-fcs_WHAT_Ql-bsln_13.18)28.33)57.42_t-cntrQ_207.png,IM_bQ0Zvo8ep3EBbvM,13,hard,h1v1,WHAT_Ql
234,2,idc2-sF-wO-qry_hO_gte_1-flips_h1v1-nMasks_14-dMask_hard-dCmplx_HHM-fcs_WHERE-bsln_41.04)38.45)59.23_t-cntrQ_234.png,IM_a2z6Hg3DpUzDalw,14,hard,h1v1,WHERE
99,2,idc2-sF-wO-qry_hO_gte_1-flips_h1v1-nMasks_4-dMask_medium-dCmplx_HHM-fcs_WHAT_Qn-bsln_15.12)27.05)23.84_t-cntrQ_99.png,IM_9pMfVNWR4JsYY9U,4,easy,h1v1,WHAT_Qn
153,2,idc2-sF-wO-qry_hO_gte_1-flips_h1v1-nMasks_6-dMask_medium-dCmplx_HHM-fcs_WHERE-bsln_32.37)38.45)16.57_f-cntrQ_153.png,IM_cHBqnrfZIowre50,6,medium,h1v1,WHERE
126,2,idc2-sF-wO-qry_hO_gte_1-flips_h1v1-nMasks_8-dMask_medium-dCmplx_HHM-fcs_WHAT_Ql-bsln_5.30)28.33)13.93_t-cntrQ_126.png,IM_5zm0Kudjp2Oa7Qi,8,medium,h1v1,WHAT_Ql
51,20,idc20-eC-rO-qry_eT_gte_72.34-flips_h1v1-nMasks_4-dMask_easy-dCmplx_MHH-fcs_WHAT_Ql-bsln_27.75)65.70)41.62_t-cntrQ_51.png,IM_en5jMEt6pm3T64e,4,easy,h1v1,WHAT_Ql
24,20,idc20-eC-rO-qry_eT_gte_72.34-flips_h1v1-nMasks_4-dMask_easy-dCmplx_MHH-fcs_WHAT_Qn-bsln_51.67)56.13)39.47_t-cntrQ_24.png,IM_9pfT0t2PgEbeHrw,4,easy,h1v1,WHAT_Qn
78,20,idc20-eC-rO-qry_eT_gte_72.34-flips_h1v1-nMasks_4-dMask_easy-dCmplx_MHH-fcs_WHERE-bsln_44.07)50.09)39.35_f-cntrQ_78.png,IM_eP83dlIHgs2a1WS,4,easy,h1v1,WHERE
186,20,idc20-eC-rO-qry_wO_gte_1-flips_h1v1-nMasks_12-dMask_hard-dCmplx_MHH-fcs_WHAT_Qn-bsln_58.38)56.13)70.44_t-cntrQ_186.png,IM_9BpgL6sWX7zTA4S,12,hard,h1v1,WHAT_Qn
240,20,idc20-eC-rO-qry_wO_gte_1-flips_h1v1-nMasks_13-dMask_hard-dCmplx_MHH-fcs_WHERE-bsln_52.72)50.09)60.04_t-cntrQ_240.png,IM_eDuLLtWcgbVffWm,13,hard,h1v1,WHERE
213,20,idc20-eC-rO-qry_wO_gte_1-flips_h1v1-nMasks_14-dMask_hard-dCmplx_MHH-fcs_WHAT_Ql-bsln_42.74)65.70)62.36_f-cntrQ_213.png,IM_aa8VWKh44qIsd9k,14,hard,h1v1,WHAT_Ql
105,20,idc20-eC-rO-qry_wO_gte_1-flips_h1v1-nMasks_3-dMask_medium-dCmplx_MHH-fcs_WHAT_Qn-bsln_59.66)56.13)44.53_f-cntrQ_105.png,IM_71YZElXTRZZT8nI,3,easy,h1v1,WHAT_Qn
159,20,idc20-eC-rO-qry_wO_gte_1-flips_h1v1-nMasks_6-dMask_medium-dCmplx_MHH-fcs_WHERE-bsln_34.35)50.09)34.68_t-cntrQ_159.png,IM_9vJQsX8YSpjBHkG,6,medium,h1v1,WHERE
132,20,idc20-eC-rO-qry_wO_gte_1-flips_h1v1-nMasks_9-dMask_medium-dCmplx_MHH-fcs_WHAT_Ql-bsln_27.11)65.70)39.23_f-cntrQ_132.png,IM_dhZ1yfZttqgAEcK,9,medium,h1v1,WHAT_Ql
42,22,idc22-eC-rO-qry_gO_gte_1-flips_h1v1-nMasks_2-dMask_easy-dCmplx_MHM-fcs_WHAT_Ql-bsln_1.39)44.15)27.39_t-cntrQ_42.png,IM_9GrFuYMYHKKktL0,2,easy,h1v1,WHAT_Ql
15,22,idc22-eC-rO-qry_gO_gte_1-flips_h1v1-nMasks_2-dMask_easy-dCmplx_MHM-fcs_WHAT_Qn-bsln_69.24)77.48)25.06_f-cntrQ_15.png,IM_bkniCBAGvL7lJYO,2,easy,h1v1,WHAT_Qn
69,22,idc22-eC-rO-qry_gO_gte_1-flips_h1v1-nMasks_2-dMask_easy-dCmplx_MHM-fcs_WHERE-bsln_16.28)51.55)25.12_f-cntrQ_69.png,IM_4OXgEMiTVYOxZUW,2,easy,h1v1,WHERE
96,22,idc22-eC-rO-qry_hO_gte_1-flips_h1v1-nMasks_6-dMask_medium-dCmplx_MHM-fcs_WHAT_Qn-bsln_88.52)77.48)7.44_f-cntrQ_96.png,IM_3avex3iAxax0l70,6,medium,h1v1,WHAT_Qn
123,22,idc22-eC-rO-qry_hO_gte_1-flips_h1v1-nMasks_7-dMask_medium-dCmplx_MHM-fcs_WHAT_Ql-bsln_20.94)44.15)27.92_f-cntrQ_123.png,IM_a91R19d7xzTLxGe,7,medium,h1v1,WHAT_Ql
150,22,idc22-eC-rO-qry_hO_gte_1-flips_h1v1-nMasks_9-dMask_medium-dCmplx_MHM-fcs_WHERE-bsln_52.25)51.55)30.84_t-cntrQ_150.png,IM_9ZgachfZ1FajDfM,9,medium,h1v1,WHERE
177,22,idc22-eC-rO-qry_wO_gte_1-flips_h1v1-nMasks_12-dMask_hard-dCmplx_MHM-fcs_WHAT_Qn-bsln_82.56)77.48)30.27_t-cntrQ_177.png,IM_ahNbqqeanGjFAto,12,hard,h1v1,WHAT_Qn
204,22,idc22-eC-rO-qry_wO_gte_1-flips_h1v1-nMasks_14-dMask_hard-dCmplx_MHM-fcs_WHAT_Ql-bsln_24.60)44.15)55.84_f-cntrQ_204.png,IM_8eIM4HbBPWjMKDY,14,hard,h1v1,WHAT_Ql
231,22,idc22-eC-rO-qry_wO_gte_1-flips_h1v1-nMasks_14-dMask_hard-dCmplx_MHM-fcs_WHERE-bsln_47.84)47.33)56.21_f-cntrQ_231.png,IM_9ThLaRJOvEhUX8G,14,hard,h1v1,WHERE
84,29,idc29-eG-rO-qry_fC_gte_44.75-flips_h1v1-nMasks_10-dMask_medium-dCmplx_EHE-fcs_WHAT_Qn-bsln_41.05)34.69)48.12_t-cntrQ_84.png,IM_7ZYp6aunSxLwJHE,10,hard,h1v1,WHAT_Qn
111,29,idc29-eG-rO-qry_hO_gte_1-flips_h1v1-nMasks_5-dMask_medium-dCmplx_EHE-fcs_WHAT_Ql-bsln_19.13)71.60)20.78_f-cntrQ_111.png,IM_1Mk4MMllVEje0U6,5,easy,h1v1,WHAT_Ql
138,29,idc29-eG-rO-qry_hO_gte_1-flips_h1v1-nMasks_5-dMask_medium-dCmplx_EHE-fcs_WHERE-bsln_12.97)14.99)36.46_t-cntrQ_138.png,IM_bkBkcaZJLEUmmMe,5,easy,h1v1,WHERE
192,29,idc29-eG-rO-qry_wO_gte_1-flips_h1v1-nMasks_14-dMask_hard-dCmplx_EHE-fcs_WHAT_Ql-bsln_36.21)71.60)47.73_t-cntrQ_192.png,IM_6MwbYEKg4Tw0MSy,14,hard,h1v1,WHAT_Ql
165,29,idc29-eG-rO-qry_wO_gte_1-flips_h1v1-nMasks_14-dMask_hard-dCmplx_EHE-fcs_WHAT_Qn-bsln_38.18)34.69)58.82_t-cntrQ_165.png,IM_5j4fy70J4h6S1oO,14,hard,h1v1,WHAT_Qn
219,29,idc29-eG-rO-qry_wO_gte_1-flips_h1v1-nMasks_14-dMask_hard-dCmplx_EHE-fcs_WHERE-bsln_22.62)21.78)62.19_t-cntrQ_219.png,IM_1TE8RmOTBMHH0x0,14,hard,h1v1,WHERE
30,29,idc29-eG-rO-qry_wO_gte_1-flips_h1v1-nMasks_4-dMask_easy-dCmplx_EHE-fcs_WHAT_Ql-bsln_49.99)71.60)65.02_t-cntrQ_30.png,IM_8zVLRn0MMGt06Lc,4,easy,h1v1,WHAT_Ql
57,29,idc29-eG-rO-qry_wO_gte_1-flips_h1v1-nMasks_4-dMask_easy-dCmplx_EHE-fcs_WHAT_Ql-bsln_49.99)71.60)65.02_t-cntrQ_57.png,IM_8dDYPxSfq0FwQYK,4,easy,h1v1,WHAT_Ql
3,29,idc29-eG-rO-qry_wO_gte_1-flips_h1v1-nMasks_4-dMask_easy-dCmplx_EHE-fcs_WHAT_Qn-bsln_31.48)34.69)64.97_t-cntrQ_3.png,IM_bNMoiVdCDjYFDDM,4,easy,h1v1,WHAT_Qn
44,3,idc3-sF-rO-qry_hO_gte_1-flips_h1v1-nMasks_2-dMask_easy-dCmplx_HMM-fcs_WHAT_Ql-bsln_13.00)65.24)19.71_f-cntrQ_44.png,IM_5jwTIMGmRTONzzo,2,easy,h1v1,WHAT_Ql
17,3,idc3-sF-rO-qry_hO_gte_1-flips_h1v1-nMasks_2-dMask_easy-dCmplx_HMM-fcs_WHAT_Qn-bsln_31.72)43.31)24.92_t-cntrQ_17.png,IM_8wcehf4hAbnl6S2,2,easy,h1v1,WHAT_Qn
71,3,idc3-sF-rO-qry_hO_gte_1-flips_h1v1-nMasks_2-dMask_easy-dCmplx_HMM-fcs_WHERE-bsln_56.84)33.25)24.69_f-cntrQ_71.png,IM_7WZDCH4jn1XzSv4,2,easy,h1v1,WHERE
233,3,idc3-sF-rO-qry_wO_gte_1-flips_h1v1-nMasks_10-dMask_hard-dCmplx_HMM-fcs_WHERE-bsln_47.08)39.18)38.88_f-cntrQ_233.png,IM_ctLHInEyDk6mPP0,10,hard,h1v1,WHERE
152,3,idc3-sF-rO-qry_wO_gte_1-flips_h1v1-nMasks_10-dMask_medium-dCmplx_HMM-fcs_WHERE-bsln_40.88)39.18)65.74_f-cntrQ_152.png,IM_aWftArP50eOJVIi,10,hard,h1v1,WHERE
125,3,idc3-sF-rO-qry_wO_gte_1-flips_h1v1-nMasks_11-dMask_medium-dCmplx_HMM-fcs_WHAT_Ql-bsln_45.12)65.24)61.78_f-cntrQ_125.png,IM_bO8l4ZlEGVV1JLo,11,hard,h1v1,WHAT_Ql
98,3,idc3-sF-rO-qry_wO_gte_1-flips_h1v1-nMasks_11-dMask_medium-dCmplx_HMM-fcs_WHAT_Qn-bsln_41.64)43.31)59.38_f-cntrQ_98.png,IM_8Dpe2wzSgCGoK10,11,hard,h1v1,WHAT_Qn
206,3,idc3-sF-rO-qry_wO_gte_1-flips_h1v1-nMasks_8-dMask_hard-dCmplx_HMM-fcs_WHAT_Ql-bsln_32.92)65.24)46.95_t-cntrQ_206.png,IM_8oi3hJQSdNwabcO,8,medium,h1v1,WHAT_Ql
179,3,idc3-sF-rO-qry_wO_gte_1-flips_h1v1-nMasks_9-dMask_hard-dCmplx_HMM-fcs_WHAT_Qn-bsln_49.97)43.31)25.53_f-cntrQ_179.png,IM_cvDTM6azoXiGtfg,9,medium,h1v1,WHAT_Qn
87,31,idc31-eC-gO-qry_rO_gte_1-flips_h1v1-nMasks_5-dMask_medium-dCmplx_MHE-fcs_WHAT_Qn-bsln_36.09)44.19)9.19_t-cntrQ_87.png,IM_erZYlwJmX4idF1Y,5,easy,h1v1,WHAT_Qn
195,31,idc31-eC-gO-qry_wO_gte_1-flips_h1v1-nMasks_13-dMask_hard-dCmplx_MHE-fcs_WHAT_Ql-bsln_26.10)58.62)53.09_f-cntrQ_195.png,IM_eg7fAnqtLhs8BN4,13,hard,h1v1,WHAT_Ql
168,31,idc31-eC-gO-qry_wO_gte_1-flips_h1v1-nMasks_14-dMask_hard-dCmplx_MHE-fcs_WHAT_Qn-bsln_43.47)44.19)52.81_t-cntrQ_168.png,IM_cZkMjS5PG5Pq9Ke,14,hard,h1v1,WHAT_Qn
222,31,idc31-eC-gO-qry_wO_gte_1-flips_h1v1-nMasks_16-dMask_hard-dCmplx_MHE-fcs_WHERE-bsln_20.02)21.76)55.95_t-cntrQ_222.png,IM_8vw37bZF3qwipCe,16,hard,h1v1,WHERE
33,31,idc31-eC-gO-qry_wO_gte_1-flips_h1v1-nMasks_2-dMask_easy-dCmplx_MHE-fcs_WHAT_Ql-bsln_19.46)58.62)43.80_f-cntrQ_33.png,IM_9TwDAPaSn92xV1Y,2,easy,h1v1,WHAT_Ql
6,31,idc31-eC-gO-qry_wO_gte_1-flips_h1v1-nMasks_2-dMask_easy-dCmplx_MHE-fcs_WHAT_Qn-bsln_39.26)44.19)44.80_f-cntrQ_6.png,IM_5706Mz8cGHPWmlE,2,easy,h1v1,WHAT_Qn
60,31,idc31-eC-gO-qry_wO_gte_1-flips_h1v1-nMasks_2-dMask_easy-dCmplx_MHE-fcs_WHERE-bsln_22.25)18.52)44.64_t-cntrQ_60.png,IM_1zRTXpu2m4gNgTc,2,easy,h1v1,WHERE
141,31,idc31-eC-gO-qry_wO_gte_1-flips_h1v1-nMasks_7-dMask_medium-dCmplx_MHE-fcs_WHERE-bsln_22.32)21.76)43.75_f-cntrQ_141.png,IM_72i0tPnWLNiuODc,7,medium,h1v1,WHERE
114,31,idc31-eC-gO-qry_wO_gte_1-flips_h1v1-nMasks_8-dMask_medium-dCmplx_MHE-fcs_WHAT_Ql-bsln_20.13)58.62)30.53_f-cntrQ_114.png,IM_bmbbqS60XM1dPka,8,medium,h1v1,WHAT_Ql
38,32,idc32-sF-rO-qry_eT_gte_43.71-flips_h1v1-nMasks_5-dMask_easy-dCmplx_EMM-fcs_WHAT_Ql-bsln_21.88)56.70)24.94_t-cntrQ_38.png,IM_51qKVrAFUHpGl1A,5,easy,h1v1,WHAT_Ql
11,32,idc32-sF-rO-qry_eT_gte_43.71-flips_h1v1-nMasks_5-dMask_easy-dCmplx_EMM-fcs_WHAT_Qn-bsln_34.84)34.69)25.81_t-cntrQ_11.png,IM_2mkFbuxfy1YH4rQ,5,easy,h1v1,WHAT_Qn
65,32,idc32-sF-rO-qry_eT_gte_43.71-flips_h1v1-nMasks_5-dMask_easy-dCmplx_EMM-fcs_WHERE-bsln_29.19)32.31)25.59_t-cntrQ_65.png,IM_77LRnyI4pldTr3U,5,easy,h1v1,WHERE
92,32,idc32-sF-rO-qry_gO_gte_1-flips_h1v1-nMasks_6-dMask_medium-dCmplx_EMM-fcs_WHAT_Qn-bsln_34.84)34.69)18.99_t-cntrQ_92.png,IM_8oFaPbAUlIGfUX4,6,medium,h1v1,WHAT_Qn
146,32,idc32-sF-rO-qry_wO_gte_1-flips_h1v1-nMasks_1-dMask_medium-dCmplx_EMM-fcs_WHERE-bsln_30.74)32.31)7.73_t-cntrQ_146.png,IM_doPTQCLEYvY2nc2,1,easy,h1v1,WHERE
200,32,idc32-sF-rO-qry_wO_gte_1-flips_h1v1-nMasks_12-dMask_hard-dCmplx_EMM-fcs_WHAT_Ql-bsln_41.41)56.70)58.82_t-cntrQ_200.png,IM_doroo7FLq9cJUx0,12,hard,h1v1,WHAT_Ql
173,32,idc32-sF-rO-qry_wO_gte_1-flips_h1v1-nMasks_12-dMask_hard-dCmplx_EMM-fcs_WHAT_Qn-bsln_17.81)34.69)17.80_f-cntrQ_173.png,IM_4PKiqWXqPJAAIlg,12,hard,h1v1,WHAT_Qn
227,32,idc32-sF-rO-qry_wO_gte_1-flips_h1v1-nMasks_13-dMask_hard-dCmplx_EMM-fcs_WHERE-bsln_33.69)32.31)62.79_f-cntrQ_227.png,IM_bd2qmB9LTotCsIu,13,hard,h1v1,WHERE
119,32,idc32-sF-rO-qry_wO_gte_1-flips_h1v1-nMasks_4-dMask_medium-dCmplx_EMM-fcs_WHAT_Ql-bsln_0.70)56.70)4.94_f-cntrQ_119.png,IM_elWKJRJsSp39V7U,4,easy,h1v1,WHAT_Ql
36,33,idc33-eG-gO-qry_hO_gte_1-flips_h1v1-nMasks_4-dMask_easy-dCmplx_HHE-fcs_WHAT_Ql-bsln_0)18.64)12.35_t-cntrQ_36.png,IM_1B8KgTfFSzEzp2K,4,easy,h1v1,WHAT_Ql
9,33,idc33-eG-gO-qry_hO_gte_1-flips_h1v1-nMasks_4-dMask_easy-dCmplx_HHE-fcs_WHAT_Qn-bsln_55.98)64.92)14.42_f-cntrQ_9.png,IM_5zpSVlCHHbvrjQW,4,easy,h1v1,WHAT_Qn
63,33,idc33-eG-gO-qry_hO_gte_1-flips_h1v1-nMasks_4-dMask_easy-dCmplx_HHE-fcs_WHERE-bsln_26.54)26.66)14.15_f-cntrQ_63.png,IM_1BWHV1troWjoktg,4,easy,h1v1,WHERE
90,33,idc33-eG-gO-qry_rO_gte_1-flips_h1v1-nMasks_5-dMask_medium-dCmplx_HHE-fcs_WHAT_Qn-bsln_58.70)64.92)24.76_t-cntrQ_90.png,IM_aVQMmSicLtj49fw,5,easy,h1v1,WHAT_Qn
144,33,idc33-eG-gO-qry_wO_gte_1-flips_h1v1-nMasks_1-dMask_medium-dCmplx_HHE-fcs_WHERE-bsln_15.52)16.49)15.09_t-cntrQ_144.png,IM_b8HsJtVG70v4KMK,1,easy,h1v1,WHERE
171,33,idc33-eG-gO-qry_wO_gte_1-flips_h1v1-nMasks_12-dMask_hard-dCmplx_HHE-fcs_WHAT_Qn-bsln_66.95)64.92)61.75_f-cntrQ_171.png,IM_2tJUhMPH7zCula6,12,hard,h1v1,WHAT_Qn
225,33,idc33-eG-gO-qry_wO_gte_1-flips_h1v1-nMasks_12-dMask_hard-dCmplx_HHE-fcs_WHERE-bsln_15.39)16.49)57.86_t-cntrQ_225.png,IM_26k4vvgEUNkZW3Y,12,hard,h1v1,WHERE
198,33,idc33-eG-gO-qry_wO_gte_1-flips_h1v1-nMasks_13-dMask_hard-dCmplx_HHE-fcs_WHAT_Ql-bsln_6.29)18.64)55.47_t-cntrQ_198.png,IM_3UFE54oPKi2pCe2,13,hard,h1v1,WHAT_Ql
117,33,idc33-eG-gO-qry_wO_gte_1-flips_h1v1-nMasks_3-dMask_medium-dCmplx_HHE-fcs_WHAT_Ql-bsln_3.96)18.64)20.97_t-cntrQ_117.png,IM_4Oq58FFwHl8jpzM,3,easy,h1v1,WHAT_Ql
183,34,idc34-sF-gO-qry_wO_gte_1-flips_h1v1-nMasks_13-dMask_hard-dCmplx_EHH-fcs_WHAT_Qn-bsln_16.39)27.34)20.12_f-cntrQ_183.png,IM_6haqeSrVj91Sfyu,13,hard,h1v1,WHAT_Qn
210,34,idc34-sF-gO-qry_wO_gte_1-flips_h1v1-nMasks_14-dMask_hard-dCmplx_EHH-fcs_WHAT_Ql-bsln_8.39)21.44)48.25_f-cntrQ_210.png,IM_3lbYpIfaQUsVeJ0,14,hard,h1v1,WHAT_Ql
237,34,idc34-sF-gO-qry_wO_gte_1-flips_h1v1-nMasks_16-dMask_hard-dCmplx_EHH-fcs_WHERE-bsln_40.50)34.14)55.59_f-cntrQ_237.png,IM_d5bGWKP9UtN7NLU,16,hard,h1v1,WHERE
48,34,idc34-sF-gO-qry_wO_gte_1-flips_h1v1-nMasks_3-dMask_easy-dCmplx_EHH-fcs_WHAT_Ql-bsln_20.51)21.44)75.52_f-cntrQ_48.png,IM_7Vt62lsjqQtNa8S,3,easy,h1v1,WHAT_Ql
21,34,idc34-sF-gO-qry_wO_gte_1-flips_h1v1-nMasks_3-dMask_easy-dCmplx_EHH-fcs_WHAT_Qn-bsln_44.71)27.34)9.28_t-cntrQ_21.png,IM_0qOZ7rpz3PdmeN0,3,easy,h1v1,WHAT_Qn
75,34,idc34-sF-gO-qry_wO_gte_1-flips_h1v1-nMasks_3-dMask_easy-dCmplx_EHH-fcs_WHERE-bsln_34.00)34.88)74.84_t-cntrQ_75.png,IM_6riFe2w3P9bWOq2,3,easy,h1v1,WHERE
102,34,idc34-sF-gO-qry_wO_gte_1-flips_h1v1-nMasks_4-dMask_medium-dCmplx_EHH-fcs_WHAT_Qn-bsln_33.99)27.34)6.19_t-cntrQ_102.png,IM_bC5xnihfrMIksu2,4,easy,h1v1,WHAT_Qn
129,34,idc34-sF-gO-qry_wO_gte_1-flips_h1v1-nMasks_5-dMask_medium-dCmplx_EHH-fcs_WHAT_Ql-bsln_5.82)21.44)29.13_f-cntrQ_129.png,IM_0quMq3ofZhYUtcq,5,easy,h1v1,WHAT_Ql
156,34,idc34-sF-gO-qry_wO_gte_1-flips_h1v1-nMasks_8-dMask_medium-dCmplx_EHH-fcs_WHERE-bsln_21.88)34.14)33.85_t-cntrQ_156.png,IM_a2xb0klkc8iRjKK,8,medium,h1v1,WHERE
238,38,idc38-eC-wO-qry_hO_gte_1-flips_h1v1-nMasks_4-dMask_hard-dCmplx_MEH-fcs_WHERE-bsln_34.40)36.80)58.94_f-cntrQ_238.png,IM_1RYbJaesGGaOxGm,4,easy,h1v1,WHERE
211,38,idc38-eC-wO-qry_hO_gte_1-flips_h1v1-nMasks_9-dMask_hard-dCmplx_MEH-fcs_WHAT_Ql-bsln_8.69)15.47)54.85_t-cntrQ_211.png,IM_8IYgQ4CfseM3e98,9,medium,h1v1,WHAT_Ql
184,38,idc38-eC-wO-qry_hO_gte_1-flips_h1v1-nMasks_9-dMask_hard-dCmplx_MEH-fcs_WHAT_Qn-bsln_38.32)37.06)57.26_t-cntrQ_184.png,IM_beFPXahUv7cOmQm,9,medium,h1v1,WHAT_Qn
49,38,idc38-eC-wO-qry_rO_gte_1-flips_h1v1-nMasks_5-dMask_easy-dCmplx_MEH-fcs_WHAT_Ql-bsln_15.47)15.47)68.41_f-cntrQ_49.png,IM_78kuuQyuhkGCtyS,5,easy,h1v1,WHAT_Ql
22,38,idc38-eC-wO-qry_rO_gte_1-flips_h1v1-nMasks_5-dMask_easy-dCmplx_MEH-fcs_WHAT_Qn-bsln_40.73)37.06)69.70_f-cntrQ_22.png,IM_erPwk4IbaY6qrvo,5,easy,h1v1,WHAT_Qn
76,38,idc38-eC-wO-qry_rO_gte_1-flips_h1v1-nMasks_5-dMask_easy-dCmplx_MEH-fcs_WHERE-bsln_28.36)27.07)69.64_t-cntrQ_76.png,IM_4Jc8yHAVzw0t274,5,easy,h1v1,WHERE
103,38,idc38-eC-wO-qry_rO_gte_1-flips_h1v1-nMasks_5-dMask_medium-dCmplx_MEH-fcs_WHAT_Qn-bsln_25.88)37.06)23.99_t-cntrQ_103.png,IM_erkCrSATR3HU6vI,5,easy,h1v1,WHAT_Qn
157,38,idc38-eC-wO-qry_rO_gte_1-flips_h1v1-nMasks_6-dMask_medium-dCmplx_MEH-fcs_WHERE-bsln_12.49)21.08)31.05_t-cntrQ_157.png,IM_6lEkBndQ1mAjC1o,6,medium,h1v1,WHERE
130,38,idc38-eC-wO-qry_rO_gte_1-flips_h1v1-nMasks_7-dMask_medium-dCmplx_MEH-fcs_WHAT_Ql-bsln_10.48)15.47)25.44_f-cntrQ_130.png,IM_8eSplkUz2n4QoRw,7,medium,h1v1,WHAT_Ql
89,39,idc39-eG-wO-qry_gO_gte_1-flips_h1v1-nMasks_7-dMask_medium-dCmplx_HME-fcs_WHAT_Qn-bsln_64.93)64.93)48.66_f-cntrQ_89.png,IM_0rlaWLNKwFUxK4e,7,medium,h1v1,WHAT_Qn
170,39,idc39-eG-wO-qry_hO_gte_1-flips_h1v1-nMasks_12-dMask_hard-dCmplx_HME-fcs_WHAT_Qn-bsln_62.53)64.93)40.33_t-cntrQ_170.png,IM_6D39fz11NPxWol0,12,hard,h1v1,WHAT_Qn
197,39,idc39-eG-wO-qry_hO_gte_1-flips_h1v1-nMasks_13-dMask_hard-dCmplx_HME-fcs_WHAT_Ql-bsln_34.09)72.51)43.00_t-cntrQ_197.png,IM_2f9GfsQfKfFhzdY,13,hard,h1v1,WHAT_Ql
224,39,idc39-eG-wO-qry_hO_gte_1-flips_h1v1-nMasks_13-dMask_hard-dCmplx_HME-fcs_WHERE-bsln_23.61)21.55)53.51_t-cntrQ_224.png,IM_eDHNdqU8f5I4YTk,13,hard,h1v1,WHERE
35,39,idc39-eG-wO-qry_hO_gte_1-flips_h1v1-nMasks_3-dMask_easy-dCmplx_HME-fcs_WHAT_Ql-bsln_0.50)72.51)13.99_f-cntrQ_35.png,IM_bI9O2fvgUNqlW1o,3,easy,h1v1,WHAT_Ql
8,39,idc39-eG-wO-qry_hO_gte_1-flips_h1v1-nMasks_3-dMask_easy-dCmplx_HME-fcs_WHAT_Qn-bsln_68.05)64.93)14.66_t-cntrQ_8.png,IM_3siNsfKcWQs7ktU,3,easy,h1v1,WHAT_Qn
62,39,idc39-eG-wO-qry_hO_gte_1-flips_h1v1-nMasks_3-dMask_easy-dCmplx_HME-fcs_WHERE-bsln_15.80)23.09)14.71_f-cntrQ_62.png,IM_4UySaHIKThQLKNo,3,easy,h1v1,WHERE
116,39,idc39-eG-wO-qry_hO_gte_1-flips_h1v1-nMasks_8-dMask_medium-dCmplx_HME-fcs_WHAT_Ql-bsln_13.74)72.51)31.80_t-cntrQ_116.png,IM_8bTH5FF3wMX2Wxg,8,medium,h1v1,WHAT_Ql
143,39,idc39-eG-wO-qry_hO_gte_1-flips_h1v1-nMasks_8-dMask_medium-dCmplx_HME-fcs_WHERE-bsln_23.14)21.55)33.44_t-cntrQ_143.png,IM_71n0HcgU6KwC9Xo,8,medium,h1v1,WHERE
34,4,idc4-sF-gO-qry_hO_gte_1-flips_h1v1-nMasks_3-dMask_easy-dCmplx_HEE-fcs_WHAT_Ql-bsln_21.37)33.52)72.94_f-cntrQ_34.png,IM_82oNJdraT8MBeOG,3,easy,h1v1,WHAT_Ql
7,4,idc4-sF-gO-qry_hO_gte_1-flips_h1v1-nMasks_3-dMask_easy-dCmplx_HEE-fcs_WHAT_Qn-bsln_79.15)76.69)75.20_t-cntrQ_7.png,IM_6lEVkotZaZiJxz0,3,easy,h1v1,WHAT_Qn
61,4,idc4-sF-gO-qry_hO_gte_1-flips_h1v1-nMasks_3-dMask_easy-dCmplx_HEE-fcs_WHERE-bsln_31.89)29.51)75.13_t-cntrQ_61.png,IM_8ead7JEG9dYlHIa,3,easy,h1v1,WHERE
88,4,idc4-sF-gO-qry_rO_gte_1-flips_h1v1-nMasks_6-dMask_medium-dCmplx_HEE-fcs_WHAT_Qn-bsln_72.64)76.69)20.43_f-cntrQ_88.png,IM_9Aef9TEI7nCbiwC,6,medium,h1v1,WHAT_Qn
169,4,idc4-sF-gO-qry_wO_gte_1-flips_h1v1-nMasks_11-dMask_hard-dCmplx_HEE-fcs_WHAT_Qn-bsln_75.83)76.69)34.33_f-cntrQ_169.png,IM_ctLRGcXq2Zd3Sjc,11,hard,h1v1,WHAT_Qn
115,4,idc4-sF-gO-qry_wO_gte_1-flips_h1v1-nMasks_3-dMask_medium-dCmplx_HEE-fcs_WHAT_Ql-bsln_4.90)33.52)43.92_t-cntrQ_115.png,IM_a2IRfwfnBIVxbpk,3,easy,h1v1,WHAT_Ql
196,4,idc4-sF-gO-qry_wO_gte_1-flips_h1v1-nMasks_7-dMask_hard-dCmplx_HEE-fcs_WHAT_Ql-bsln_12.54)33.52)44.90_f-cntrQ_196.png,IM_00aZscvDz8antz0,7,medium,h1v1,WHAT_Ql
223,4,idc4-sF-gO-qry_wO_gte_1-flips_h1v1-nMasks_8-dMask_hard-dCmplx_HEE-fcs_WHERE-bsln_27.31)27.53)42.62_t-cntrQ_223.png,IM_3E0BUKtU3q3pWya,8,medium,h1v1,WHERE
142,4,idc4-sF-gO-qry_wO_gte_1-flips_h1v1-nMasks_8-dMask_medium-dCmplx_HEE-fcs_WHERE-bsln_33.93)27.53)29.50_t-cntrQ_142.png,IM_eDSgJlckx2xLf5c,8,medium,h1v1,WHERE
43,41,idc41-eG-rO-qry_hO_gte_1-flips_h1v1-nMasks_3-dMask_easy-dCmplx_HEM-fcs_WHAT_Ql-bsln_3.70)3.70)82.40_f-cntrQ_43.png,IM_cMk5vWqjseyeaiy,3,easy,h1v1,WHAT_Ql
16,41,idc41-eG-rO-qry_hO_gte_1-flips_h1v1-nMasks_3-dMask_easy-dCmplx_HEM-fcs_WHAT_Qn-bsln_48.74)43.30)5.63_f-cntrQ_16.png,IM_cC8jRrHUZykrWfA,3,easy,h1v1,WHAT_Qn
70,41,idc41-eG-rO-qry_hO_gte_1-flips_h1v1-nMasks_3-dMask_easy-dCmplx_HEM-fcs_WHERE-bsln_38.72)37.89)85.71_t-cntrQ_70.png,IM_3gU65xZStMySdBY,3,easy,h1v1,WHERE
232,41,idc41-eG-rO-qry_wO_gte_1-flips_h1v1-nMasks_12-dMask_hard-dCmplx_HEM-fcs_WHERE-bsln_30.71)28.53)28.57_t-cntrQ_232.png,IM_ebKhL2KJPO9ftmS,12,hard,h1v1,WHERE
178,41,idc41-eG-rO-qry_wO_gte_1-flips_h1v1-nMasks_5-dMask_hard-dCmplx_HEM-fcs_WHAT_Qn-bsln_47.02)43.30)74.18_f-cntrQ_178.png,IM_41JRF1GJhul9wDs,5,easy,h1v1,WHAT_Qn
97,41,idc41-eG-rO-qry_wO_gte_1-flips_h1v1-nMasks_6-dMask_medium-dCmplx_HEM-fcs_WHAT_Qn-bsln_46.66)43.30)21.95_f-cntrQ_97.png,IM_9pmXgthauFgSpJs,6,medium,h1v1,WHAT_Qn
205,41,idc41-eG-rO-qry_wO_gte_1-flips_h1v1-nMasks_8-dMask_hard-dCmplx_HEM-fcs_WHAT_Ql-bsln_0.92)3.70)43.74_t-cntrQ_205.png,IM_9SvgNJnW4i6EWKG,8,medium,h1v1,WHAT_Ql
124,41,idc41-eG-rO-qry_wO_gte_1-flips_h1v1-nMasks_9-dMask_medium-dCmplx_HEM-fcs_WHAT_Ql-bsln_1.38)3.70)30.32_t-cntrQ_124.png,IM_0BS2MU75IXe3TOS,9,medium,h1v1,WHAT_Ql
151,41,idc41-eG-rO-qry_wO_gte_1-flips_h1v1-nMasks_9-dMask_medium-dCmplx_HEM-fcs_WHERE-bsln_23.70)28.53)42.55_t-cntrQ_151.png,IM_9mDufAXb0nclHQq,9,medium,h1v1,WHERE
212,47,idc47-sF-wO-qry_hO_gte_1-flips_h1v1-nMasks_7-dMask_hard-dCmplx_MMH-fcs_WHAT_Ql-bsln_11.93)78.80)29.42_t-cntrQ_212.png,IM_bQlF0vCa8LlJVFY,7,medium,h1v1,WHAT_Ql
185,47,idc47-sF-wO-qry_hO_gte_1-flips_h1v1-nMasks_7-dMask_hard-dCmplx_MMH-fcs_WHAT_Qn-bsln_32.55)36.42)46.10_f-cntrQ_185.png,IM_6KD093pUw38cAjI,7,medium,h1v1,WHAT_Qn
239,47,idc47-sF-wO-qry_hO_gte_1-flips_h1v1-nMasks_8-dMask_hard-dCmplx_MMH-fcs_WHERE-bsln_17.98)30.96)28.90_t-cntrQ_239.png,IM_88hVEN4yMm2Ssku,8,medium,h1v1,WHERE
50,47,idc47-sF-wO-qry_rO_gte_1-flips_h1v1-nMasks_2-dMask_easy-dCmplx_MMH-fcs_WHAT_Ql-bsln_20.16)78.80)30.45_f-cntrQ_50.png,IM_bINDvpPcgVeSNds,2,easy,h1v1,WHAT_Ql
23,47,idc47-sF-wO-qry_rO_gte_1-flips_h1v1-nMasks_2-dMask_easy-dCmplx_MMH-fcs_WHAT_Qn-bsln_33.86)36.42)35.15_f-cntrQ_23.png,IM_eVxgoQ04NHs4uJU,2,easy,h1v1,WHAT_Qn
77,47,idc47-sF-wO-qry_rO_gte_1-flips_h1v1-nMasks_2-dMask_easy-dCmplx_MMH-fcs_WHERE-bsln_30.19)30.49)35.26_f-cntrQ_77.png,IM_3jBHGCqNbgv6RpQ,2,easy,h1v1,WHERE
158,47,idc47-sF-wO-qry_rO_gte_1-flips_h1v1-nMasks_4-dMask_medium-dCmplx_MMH-fcs_WHERE-bsln_43.23)33.87)44.21_f-cntrQ_158.png,IM_5yY8lXNVoVJwd70,4,easy,h1v1,WHERE
104,47,idc47-sF-wO-qry_rO_gte_1-flips_h1v1-nMasks_6-dMask_medium-dCmplx_MMH-fcs_WHAT_Qn-bsln_38.46)36.42)48.41_t-cntrQ_104.png,IM_7VW83SEgNOSBWVE,6,medium,h1v1,WHAT_Qn
131,47,idc47-sF-wO-qry_rO_gte_1-flips_h1v1-nMasks_7-dMask_medium-dCmplx_MMH-fcs_WHAT_Ql-bsln_18.93)78.80)35.80_f-cntrQ_131.png,IM_3dVE03qLbF9nrfg,7,medium,h1v1,WHAT_Ql
93,54,idc54-sF-rO-qry_eT_gte_57.44-flips_h1v1-nMasks_9-dMask_medium-dCmplx_EHM-fcs_WHAT_Qn-bsln_58.17)56.13)48.86_f-cntrQ_93.png,IM_dcjOoDXrC5fP5OK,9,medium,h1v1,WHAT_Qn
39,54,idc54-sF-rO-qry_gO_gte_1-flips_h1v1-nMasks_5-dMask_easy-dCmplx_EHM-fcs_WHAT_Ql-bsln_17.67)33.47)66.11_t-cntrQ_39.png,IM_b1s1jocpba6r3Dg,5,easy,h1v1,WHAT_Ql
12,54,idc54-sF-rO-qry_gO_gte_1-flips_h1v1-nMasks_5-dMask_easy-dCmplx_EHM-fcs_WHAT_Qn-bsln_75.64)56.13)16.18_t-cntrQ_12.png,IM_3fUBdHnICDiwGns,5,easy,h1v1,WHAT_Qn
66,54,idc54-sF-rO-qry_gO_gte_1-flips_h1v1-nMasks_5-dMask_easy-dCmplx_EHM-fcs_WHERE-bsln_31.05)29.82)69.15_t-cntrQ_66.png,IM_a4Ck1VPuSemXri6,5,easy,h1v1,WHERE
147,54,idc54-sF-rO-qry_hO_gte_1-flips_h1v1-nMasks_5-dMask_medium-dCmplx_EHM-fcs_WHERE-bsln_36.21)34.61)25.64_t-cntrQ_147.png,IM_cNfqXFwz3Srefl4,5,easy,h1v1,WHERE
120,54,idc54-sF-rO-qry_hO_gte_1-flips_h1v1-nMasks_6-dMask_medium-dCmplx_EHM-fcs_WHAT_Ql-bsln_15.38)33.47)27.85_t-cntrQ_120.png,IM_afmeIqGcBJy2HYO,6,medium,h1v1,WHAT_Ql
201,54,idc54-sF-rO-qry_wO_gte_1-flips_h1v1-nMasks_12-dMask_hard-dCmplx_EHM-fcs_WHAT_Ql-bsln_15.59)33.47)59.87_t-cntrQ_201.png,IM_esQaAysSEGiB2T4,12,hard,h1v1,WHAT_Ql
174,54,idc54-sF-rO-qry_wO_gte_1-flips_h1v1-nMasks_14-dMask_hard-dCmplx_EHM-fcs_WHAT_Qn-bsln_55.54)56.13)45.95_f-cntrQ_174.png,IM_eYf23FqW7W2PGPc,14,hard,h1v1,WHAT_Qn
228,54,idc54-sF-rO-qry_wO_gte_1-flips_h1v1-nMasks_14-dMask_hard-dCmplx_EHM-fcs_WHERE-bsln_38.63)40.16)55.51_f-cntrQ_228.png,IM_0cSowievUEISR70,14,hard,h1v1,WHERE
41,59,idc59-eC-rO-qry_eT_gte_18.23-flips_h1v1-nMasks_4-dMask_easy-dCmplx_MMM-fcs_WHAT_Ql-bsln_5.12)15.58)27.02_f-cntrQ_41.png,IM_8tXw6pepQh1vn14,4,easy,h1v1,WHAT_Ql
14,59,idc59-eC-rO-qry_eT_gte_18.23-flips_h1v1-nMasks_4-dMask_easy-dCmplx_MMM-fcs_WHAT_Qn-bsln_67.08)64.01)33.13_t-cntrQ_14.png,IM_e5xz40wFfQ0Tkfs,4,easy,h1v1,WHAT_Qn
68,59,idc59-eC-rO-qry_eT_gte_18.23-flips_h1v1-nMasks_4-dMask_easy-dCmplx_MMM-fcs_WHERE-bsln_24.20)36.12)33.23_t-cntrQ_68.png,IM_eRlCyMOG6lt6cPc,4,easy,h1v1,WHERE
122,59,idc59-eC-rO-qry_wO_gte_1-flips_h1v1-nMasks_10-dMask_medium-dCmplx_MMM-fcs_WHAT_Ql-bsln_5.52)15.58)57.98_t-cntrQ_122.png,IM_5C5yLQ8bphhoGXQ,10,hard,h1v1,WHAT_Ql
149,59,idc59-eC-rO-qry_wO_gte_1-flips_h1v1-nMasks_10-dMask_medium-dCmplx_MMM-fcs_WHERE-bsln_30.40)36.12)55.97_t-cntrQ_149.png,IM_6LpOYe59Rpywi8u,10,hard,h1v1,WHERE
230,59,idc59-eC-rO-qry_wO_gte_1-flips_h1v1-nMasks_5-dMask_hard-dCmplx_MMM-fcs_WHERE-bsln_40.52)36.12)39.35_t-cntrQ_230.png,IM_3qLEdkRAQet3UpM,5,easy,h1v1,WHERE
176,59,idc59-eC-rO-qry_wO_gte_1-flips_h1v1-nMasks_6-dMask_hard-dCmplx_MMM-fcs_WHAT_Qn-bsln_61.41)64.01)34.30_t-cntrQ_176.png,IM_bjfzvNbnfdK2rWK,6,medium,h1v1,WHAT_Qn
203,59,idc59-eC-rO-qry_wO_gte_1-flips_h1v1-nMasks_7-dMask_hard-dCmplx_MMM-fcs_WHAT_Ql-bsln_2.76)15.58)27.21_t-cntrQ_203.png,IM_1FjQfX9EEXZuMjY,7,medium,h1v1,WHAT_Ql
95,59,idc59-eC-rO-qry_wO_gte_1-flips_h1v1-nMasks_8-dMask_medium-dCmplx_MMM-fcs_WHAT_Qn-bsln_66.39)64.01)61.04_t-cntrQ_95.png,IM_2noNk8jeTbwkxIG,8,medium,h1v1,WHAT_Qn
52,6,idc6-sF-gO-qry_rO_gte_1-flips_h1v1-nMasks_5-dMask_easy-dCmplx_HEH-fcs_WHAT_Ql-bsln_34.68)51.60)66.59_t-cntrQ_52.png,IM_78tBacYjKl9rNhs,5,easy,h1v1,WHAT_Ql
25,6,idc6-sF-gO-qry_rO_gte_1-flips_h1v1-nMasks_5-dMask_easy-dCmplx_HEH-fcs_WHAT_Qn-bsln_43.17)46.62)69.51_t-cntrQ_25.png,IM_1C6zrIFhRAcs9fM,5,easy,h1v1,WHAT_Qn
79,6,idc6-sF-gO-qry_rO_gte_1-flips_h1v1-nMasks_5-dMask_easy-dCmplx_HEH-fcs_WHERE-bsln_41.91)41.88)69.42_t-cntrQ_79.png,IM_4TVp42J4iZ7ieh0,5,easy,h1v1,WHERE
214,6,idc6-sF-gO-qry_wO_gte_1-flips_h1v1-nMasks_14-dMask_hard-dCmplx_HEH-fcs_WHAT_Ql-bsln_32.76)51.60)57.38_t-cntrQ_214.png,IM_b3gblEEdLdSdayq,14,hard,h1v1,WHAT_Ql
187,6,idc6-sF-gO-qry_wO_gte_1-flips_h1v1-nMasks_14-dMask_hard-dCmplx_HEH-fcs_WHAT_Qn-bsln_47.85)46.62)48.71_t-cntrQ_187.png,IM_71fxOrlxlAKaSCW,14,hard,h1v1,WHAT_Qn
241,6,idc6-sF-gO-qry_wO_gte_1-flips_h1v1-nMasks_16-dMask_hard-dCmplx_HEH-fcs_WHERE-bsln_42.19)36.55)55.71_t-cntrQ_241.png,IM_5BdEKS2KbPfncdE,16,hard,h1v1,WHERE
106,6,idc6-sF-gO-qry_wO_gte_1-flips_h1v1-nMasks_2-dMask_medium-dCmplx_HEH-fcs_WHAT_Qn-bsln_50.31)46.62)17.94_t-cntrQ_106.png,IM_e9ZdokqJFxQeF8i,2,easy,h1v1,WHAT_Qn
160,6,idc6-sF-gO-qry_wO_gte_1-flips_h1v1-nMasks_2-dMask_medium-dCmplx_HEH-fcs_WHERE-bsln_33.52)36.55)12.85_t-cntrQ_160.png,IM_8CCywf9IgbNyg0S,2,easy,h1v1,WHERE
133,6,idc6-sF-gO-qry_wO_gte_1-flips_h1v1-nMasks_3-dMask_medium-dCmplx_HEH-fcs_WHAT_Ql-bsln_8.77)51.60)8.77_t-cntrQ_133.png,IM_d6CTHbm6iNF39pc,3,easy,h1v1,WHAT_Ql
40,61,idc61-eC-gO-qry_eT_gte_42.31-flips_h1v1-nMasks_3-dMask_easy-dCmplx_MEM-fcs_WHAT_Ql-bsln_31.47)54.18)35.38_f-cntrQ_40.png,IM_8bRKG803JxVCvj0,3,easy,h1v1,WHAT_Ql
13,61,idc61-eC-gO-qry_eT_gte_42.31-flips_h1v1-nMasks_3-dMask_easy-dCmplx_MEM-fcs_WHAT_Qn-bsln_50.13)44.19)37.46_t-cntrQ_13.png,IM_7TA5DUgqKVeiNYq,3,easy,h1v1,WHAT_Qn
67,61,idc61-eC-gO-qry_eT_gte_42.31-flips_h1v1-nMasks_3-dMask_easy-dCmplx_MEM-fcs_WHERE-bsln_66.26)40.91)37.26_f-cntrQ_67.png,IM_afQNtLuTIcphLOS,3,easy,h1v1,WHERE
94,61,idc61-eC-gO-qry_rO_gte_1-flips_h1v1-nMasks_6-dMask_medium-dCmplx_MEM-fcs_WHAT_Qn-bsln_37.99)44.19)27.93_t-cntrQ_94.png,IM_bQohw7WoBWdGdCK,6,medium,h1v1,WHAT_Qn
202,61,idc61-eC-gO-qry_wO_gte_1-flips_h1v1-nMasks_6-dMask_hard-dCmplx_MEM-fcs_WHAT_Ql-bsln_20.48)54.18)34.63_t-cntrQ_202.png,IM_1KW5y39bX4HyRRc,6,medium,h1v1,WHAT_Ql
175,61,idc61-eC-gO-qry_wO_gte_1-flips_h1v1-nMasks_7-dMask_hard-dCmplx_MEM-fcs_WHAT_Qn-bsln_38.29)44.19)28.57_t-cntrQ_175.png,IM_3jwAV5T69dRW0F8,7,medium,h1v1,WHAT_Qn
229,61,idc61-eC-gO-qry_wO_gte_1-flips_h1v1-nMasks_7-dMask_hard-dCmplx_MEM-fcs_WHERE-bsln_28.63)40.91)28.34_t-cntrQ_229.png,IM_6mm6cnsTBYZcHIi,7,medium,h1v1,WHERE
121,61,idc61-eC-gO-qry_wO_gte_1-flips_h1v1-nMasks_7-dMask_medium-dCmplx_MEM-fcs_WHAT_Ql-bsln_21.41)54.18)34.45_t-cntrQ_121.png,IM_a9UvIHoYXudwDf8,7,medium,h1v1,WHAT_Ql
148,61,idc61-eC-gO-qry_wO_gte_1-flips_h1v1-nMasks_7-dMask_medium-dCmplx_MEM-fcs_WHERE-bsln_34.52)40.91)42.35_t-cntrQ_148.png,IM_7Wmsi4G9GmOC8bs,7,medium,h1v1,WHERE
145,63,idc63-eG-gO-qry_hO_gte_1-flips_h1v1-nMasks_3-dMask_medium-dCmplx_EEM-fcs_WHERE-bsln_34.95)32.02)40.24_f-cntrQ_145.png,IM_6xPEtRE4fEghBpY,3,easy,h1v1,WHERE
118,63,idc63-eG-gO-qry_hO_gte_1-flips_h1v1-nMasks_6-dMask_medium-dCmplx_EEM-fcs_WHAT_Ql-bsln_34.51)84.16)34.51_f-cntrQ_118.png,IM_a4s0lnhvSVY6uG2,6,medium,h1v1,WHAT_Ql
37,63,idc63-eG-gO-qry_rO_gte_1-flips_h1v1-nMasks_5-dMask_easy-dCmplx_EEM-fcs_WHAT_Ql-bsln_55.08)84.16)66.90_f-cntrQ_37.png,IM_8bJaneO9063tyaq,5,easy,h1v1,WHAT_Ql
10,63,idc63-eG-gO-qry_rO_gte_1-flips_h1v1-nMasks_5-dMask_easy-dCmplx_EEM-fcs_WHAT_Qn-bsln_17.80)15.52)21.85_t-cntrQ_10.png,IM_cCigHSsoJyDsukS,5,easy,h1v1,WHAT_Qn
64,63,idc63-eG-gO-qry_rO_gte_1-flips_h1v1-nMasks_5-dMask_easy-dCmplx_EEM-fcs_WHERE-bsln_23.73)21.98)69.66_f-cntrQ_64.png,IM_9M3M8uZ1DYq11UG,5,easy,h1v1,WHERE
91,63,idc63-eG-gO-qry_sF_gte_33.66-flips_h1v1-nMasks_9-dMask_medium-dCmplx_EEM-fcs_WHAT_Qn-bsln_12.44)15.52)25.74_t-cntrQ_91.png,IM_1YS58hMGU3d7m6i,9,medium,h1v1,WHAT_Qn
172,63,idc63-eG-gO-qry_wO_gte_1-flips_h1v1-nMasks_5-dMask_hard-dCmplx_EEM-fcs_WHAT_Qn-bsln_17.75)15.52)17.06_f-cntrQ_172.png,IM_2oE1PaD5Utnqbmm,5,easy,h1v1,WHAT_Qn
199,63,idc63-eG-gO-qry_wO_gte_1-flips_h1v1-nMasks_6-dMask_hard-dCmplx_EEM-fcs_WHAT_Ql-bsln_13.00)84.16)13.00_t-cntrQ_199.png,IM_byIrvLRLK2tofJA,6,medium,h1v1,WHAT_Ql
226,63,idc63-eG-gO-qry_wO_gte_1-flips_h1v1-nMasks_7-dMask_hard-dCmplx_EEM-fcs_WHERE-bsln_27.34)29.79)11.71_t-cntrQ_226.png,IM_dg04MknyKhW0LdQ,7,medium,h1v1,WHERE
46,64,idc64-eG-gO-qry_rO_gte_1-flips_h1v1-nMasks_4-dMask_easy-dCmplx_EEH-fcs_WHAT_Ql-bsln_11.58)18.69)76.01_f-cntrQ_46.png,IM_0iar4MUsFsaSiO2,4,easy,h1v1,WHAT_Ql
19,64,idc64-eG-gO-qry_rO_gte_1-flips_h1v1-nMasks_4-dMask_easy-dCmplx_EEH-fcs_WHAT_Qn-bsln_33.69)24.93)13.11_t-cntrQ_19.png,IM_9tPKKERWBCvPhsO,4,easy,h1v1,WHAT_Qn
73,64,idc64-eG-gO-qry_rO_gte_1-flips_h1v1-nMasks_4-dMask_easy-dCmplx_EEH-fcs_WHERE-bsln_35.00)35.49)74.85_f-cntrQ_73.png,IM_bDy0Gifytk4CC6W,4,easy,h1v1,WHERE
208,64,idc64-eG-gO-qry_wO_gte_1-flips_h1v1-nMasks_10-dMask_hard-dCmplx_EEH-fcs_WHAT_Ql-bsln_6.50)18.69)17.47_f-cntrQ_208.png,IM_1LEdDlRJoRwYXWu,10,hard,h1v1,WHAT_Ql
235,64,idc64-eG-gO-qry_wO_gte_1-flips_h1v1-nMasks_13-dMask_hard-dCmplx_EEH-fcs_WHERE-bsln_30.82)30.51)25.73_t-cntrQ_235.png,IM_6VuFkJtbnPXHH94,13,hard,h1v1,WHERE
100,64,idc64-eG-gO-qry_wO_gte_1-flips_h1v1-nMasks_6-dMask_medium-dCmplx_EEH-fcs_WHAT_Qn-bsln_17.54)24.93)8.74_t-cntrQ_100.png,IM_efgqLwu9T4au2DI,6,medium,h1v1,WHAT_Qn
154,64,idc64-eG-gO-qry_wO_gte_1-flips_h1v1-nMasks_7-dMask_medium-dCmplx_EEH-fcs_WHERE-bsln_27.83)30.51)39.76_t-cntrQ_154.png,IM_bIYT9AiQ7M156KO,7,medium,h1v1,WHERE
127,64,idc64-eG-gO-qry_wO_gte_1-flips_h1v1-nMasks_8-dMask_medium-dCmplx_EEH-fcs_WHAT_Ql-bsln_8.73)18.69)33.13_t-cntrQ_127.png,IM_8pooE6GdwgqlOwm,8,medium,h1v1,WHAT_Ql
181,64,idc64-eG-gO-qry_wO_gte_1-flips_h1v1-nMasks_9-dMask_hard-dCmplx_EEH-fcs_WHAT_Qn-bsln_26.28)24.93)56.55_t-cntrQ_181.png,IM_8DmWdpo7Normvwq,9,medium,h1v1,WHAT_Qn
189,67,idc67-eC-wO-qry_hO_gte_1-flips_h1v1-nMasks_12-dMask_hard-dCmplx_HHH-fcs_WHAT_Qn-bsln_73.80)56.78)15.70_t-cntrQ_189.png,IM_9oE5wMu7j0Gv9t4,12,hard,h1v1,WHAT_Qn
216,67,idc67-eC-wO-qry_hO_gte_1-flips_h1v1-nMasks_14-dMask_hard-dCmplx_HHH-fcs_WHAT_Ql-bsln_12.23)20.17)54.07_f-cntrQ_216.png,IM_25YDiSU56ArRiya,14,hard,h1v1,WHAT_Ql
243,67,idc67-eC-wO-qry_hO_gte_1-flips_h1v1-nMasks_14-dMask_hard-dCmplx_HHH-fcs_WHERE-bsln_32.24)32.47)55.38_f-cntrQ_243.png,IM_1BRKIjdvAkLB9ps,14,hard,h1v1,WHERE
135,67,idc67-eC-wO-qry_hO_gte_1-flips_h1v1-nMasks_4-dMask_medium-dCmplx_HHH-fcs_WHAT_Ql-bsln_9.22)20.17)27.46_t-cntrQ_135.png,IM_3dE5tL6lCWDsmyO,4,easy,h1v1,WHAT_Ql
108,67,idc67-eC-wO-qry_hO_gte_1-flips_h1v1-nMasks_5-dMask_medium-dCmplx_HHH-fcs_WHAT_Qn-bsln_56.29)56.78)45.54_t-cntrQ_108.png,IM_39RTBe0ix5VRIfY,5,easy,h1v1,WHAT_Qn
162,67,idc67-eC-wO-qry_hO_gte_1-flips_h1v1-nMasks_7-dMask_medium-dCmplx_HHH-fcs_WHERE-bsln_30.40)32.47)14.43_f-cntrQ_162.png,IM_brurMKJIzv2uLlQ,7,medium,h1v1,WHERE
27,67,idc67-eC-wO-qry_rO_gte_1-flips_h1v1-nMasks_2-dMask_easy-dCmplx_HHH-fcs_WHAT_Qn-bsln_54.44)56.78)75.65_t-cntrQ_27.png,IM_aVInjFbP1dYPPkG,2,easy,h1v1,WHAT_Qn
54,67,idc67-eC-wO-qry_rO_gte_1-flips_h1v1-nMasks_2-dMask_easy-dCmplx_HHH-fcs_WHERE-bsln_36.44)32.54)75.85_f-cntrQ_54.png,IM_5mUiBiGbBjr4SOO,2,easy,h1v1,WHERE
81,67,idc67-eC-wO-qry_rO_gte_1-flips_h1v1-nMasks_2-dMask_easy-dCmplx_HHH-fcs_WHERE-bsln_36.44)32.54)75.85_f-cntrQ_81.png,IM_e5uDIgFB42ghSXY,2,easy,h1v1,WHERE
29,68,idc68-fC-gO-qry_hO_gte_1-flips_h1v1-nMasks_4-dMask_easy-dCmplx_EME-fcs_WHAT_Ql-bsln_33.24)46.04)80.65_f-cntrQ_29.png,IM_a66PHvoSpG3wZRs,4,easy,h1v1,WHAT_Ql
2,68,idc68-fC-gO-qry_hO_gte_1-flips_h1v1-nMasks_4-dMask_easy-dCmplx_EME-fcs_WHAT_Qn-bsln_43.68)43.35)53.79_t-cntrQ_2.png,IM_6hBZJAh4GnN9Jgq,4,easy,h1v1,WHAT_Qn
56,68,idc68-fC-gO-qry_hO_gte_1-flips_h1v1-nMasks_4-dMask_easy-dCmplx_EME-fcs_WHERE-bsln_13.71)13.93)84.76_t-cntrQ_56.png,IM_5yysHUK9olRa6h0,4,easy,h1v1,WHERE
191,68,idc68-fC-gO-qry_wO_gte_1-flips_h1v1-nMasks_12-dMask_hard-dCmplx_EME-fcs_WHAT_Ql-bsln_29.70)46.04)56.94_t-cntrQ_191.png,IM_24ulOUozFGUEzAi,12,hard,h1v1,WHAT_Ql
218,68,idc68-fC-gO-qry_wO_gte_1-flips_h1v1-nMasks_12-dMask_hard-dCmplx_EME-fcs_WHERE-bsln_13.88)14.64)64.56_f-cntrQ_218.png,IM_5thuZGMbpby1t0G,12,hard,h1v1,WHERE
164,68,idc68-fC-gO-qry_wO_gte_1-flips_h1v1-nMasks_14-dMask_hard-dCmplx_EME-fcs_WHAT_Qn-bsln_39.97)43.35)24.09_t-cntrQ_164.png,IM_dbf37NOi3cXV4AC,14,hard,h1v1,WHAT_Qn
110,68,idc68-fC-gO-qry_wO_gte_1-flips_h1v1-nMasks_7-dMask_medium-dCmplx_EME-fcs_WHAT_Ql-bsln_10.35)46.04)35.42_f-cntrQ_110.png,IM_5p7TL2Kumr9Yapg,7,medium,h1v1,WHAT_Ql
83,68,idc68-fC-gO-qry_wO_gte_1-flips_h1v1-nMasks_7-dMask_medium-dCmplx_EME-fcs_WHAT_Qn-bsln_47.15)43.35)15.18_t-cntrQ_83.png,IM_9BsasvEdZJ2OIE6,7,medium,h1v1,WHAT_Qn
137,68,idc68-fC-gO-qry_wO_gte_1-flips_h1v1-nMasks_8-dMask_medium-dCmplx_EME-fcs_WHERE-bsln_14.35)14.64)35.76_f-cntrQ_137.png,IM_9F8JztfkLgN6ptc,8,medium,h1v1,WHERE
31,69,idc69-eG-rO-qry_gO_gte_1-flips_h1v1-nMasks_4-dMask_easy-dCmplx_MEE-fcs_WHAT_Ql-bsln_1.64)15.02)54.11_t-cntrQ_31.png,IM_3qjKpiJer5nRB6C,4,easy,h1v1,WHAT_Ql
4,69,idc69-eG-rO-qry_gO_gte_1-flips_h1v1-nMasks_4-dMask_easy-dCmplx_MEE-fcs_WHAT_Qn-bsln_66.30)64.01)55.35_t-cntrQ_4.png,IM_bf94tMcFHvgXr0y,4,easy,h1v1,WHAT_Qn
58,69,idc69-eG-rO-qry_gO_gte_1-flips_h1v1-nMasks_4-dMask_easy-dCmplx_MEE-fcs_WHERE-bsln_17.44)18.04)55.23_f-cntrQ_58.png,IM_8pkmiFpfQoCsTdk,4,easy,h1v1,WHERE
220,69,idc69-eG-rO-qry_wO_gte_1-flips_h1v1-nMasks_12-dMask_hard-dCmplx_MEE-fcs_WHERE-bsln_23.91)24.05)68.32_f-cntrQ_220.png,IM_cAB6zmofGQiLIWO,12,hard,h1v1,WHERE
193,69,idc69-eG-rO-qry_wO_gte_1-flips_h1v1-nMasks_14-dMask_hard-dCmplx_MEE-fcs_WHAT_Ql-bsln_14.40)15.02)47.73_f-cntrQ_193.png,IM_e33LS8ANtnDHSdw,14,hard,h1v1,WHAT_Ql
166,69,idc69-eG-rO-qry_wO_gte_1-flips_h1v1-nMasks_14-dMask_hard-dCmplx_MEE-fcs_WHAT_Qn-bsln_61.21)64.01)59.26_f-cntrQ_166.png,IM_9GqcnAt0uN0SmcC,14,hard,h1v1,WHAT_Qn
112,69,idc69-eG-rO-qry_wO_gte_1-flips_h1v1-nMasks_3-dMask_medium-dCmplx_MEE-fcs_WHAT_Ql-bsln_4.32)15.02)12.13_f-cntrQ_112.png,IM_4PiuBdRQ42tMEmi,3,easy,h1v1,WHAT_Ql
139,69,idc69-eG-rO-qry_wO_gte_1-flips_h1v1-nMasks_4-dMask_medium-dCmplx_MEE-fcs_WHERE-bsln_22.59)24.05)5.49_t-cntrQ_139.png,IM_7Qjye3KXXOaMPhc,4,easy,h1v1,WHERE
85,69,idc69-eG-rO-qry_wO_gte_1-flips_h1v1-nMasks_6-dMask_medium-dCmplx_MEE-fcs_WHAT_Qn-bsln_59.19)64.01)19.06_f-cntrQ_85.png,IM_1XnkL6tGla3AeIC,6,medium,h1v1,WHAT_Qn
47,72,idc72-fC-gO-qry_rO_gte_1-flips_h1v1-nMasks_2-dMask_easy-dCmplx_EMH-fcs_WHAT_Ql-bsln_0)24.51)4.63_t-cntrQ_47.png,IM_2snwZGNbKWZQ2xw,2,easy,h1v1,WHAT_Ql
20,72,idc72-fC-gO-qry_rO_gte_1-flips_h1v1-nMasks_2-dMask_easy-dCmplx_EMH-fcs_WHAT_Qn-bsln_79.80)77.48)4.73_t-cntrQ_20.png,IM_5yF1M6ZCR1PeunI,2,easy,h1v1,WHAT_Qn
74,72,idc72-fC-gO-qry_rO_gte_1-flips_h1v1-nMasks_2-dMask_easy-dCmplx_EMH-fcs_WHERE-bsln_45.59)45.24)4.74_f-cntrQ_74.png,IM_cwNNX5kt5MxQqXQ,2,easy,h1v1,WHERE
236,72,idc72-fC-gO-qry_wO_gte_1-flips_h1v1-nMasks_10-dMask_hard-dCmplx_EMH-fcs_WHERE-bsln_40.67)40.55)42.48_t-cntrQ_236.png,IM_4U7V7hFxVotouIC,10,hard,h1v1,WHERE
209,72,idc72-fC-gO-qry_wO_gte_1-flips_h1v1-nMasks_12-dMask_hard-dCmplx_EMH-fcs_WHAT_Ql-bsln_9.26)24.51)39.76_t-cntrQ_209.png,IM_42QTJdCceX1VQN0,12,hard,h1v1,WHAT_Ql
101,72,idc72-fC-gO-qry_wO_gte_1-flips_h1v1-nMasks_2-dMask_medium-dCmplx_EMH-fcs_WHAT_Qn-bsln_54.34)77.48)2.63_f-cntrQ_101.png,IM_81jXuD6ZdD81rue,2,easy,h1v1,WHAT_Qn
128,72,idc72-fC-gO-qry_wO_gte_1-flips_h1v1-nMasks_5-dMask_medium-dCmplx_EMH-fcs_WHAT_Ql-bsln_7.14)24.51)33.97_f-cntrQ_128.png,IM_cx6lV0f6lWWsHDU,5,easy,h1v1,WHAT_Ql
155,72,idc72-fC-gO-qry_wO_gte_1-flips_h1v1-nMasks_7-dMask_medium-dCmplx_EMH-fcs_WHERE-bsln_41.30)40.55)33.24_t-cntrQ_155.png,IM_9B3JOGiSAooEGOi,7,medium,h1v1,WHERE
182,72,idc72-fC-gO-qry_wO_gte_1-flips_h1v1-nMasks_8-dMask_hard-dCmplx_EMH-fcs_WHAT_Qn-bsln_83.41)77.48)10.52_t-cntrQ_182.png,IM_6lhp5LGaTtD3P7w,8,medium,h1v1,WHAT_Qn
