cntrQ,bslnA,bslnB,bslnC,bslnLikert,focus,focusDiff,totalDiff,maskDiff,flip
cntrQ_244,15.16,15.52,34.73,false,WHAT_Qn,Easy,EEM,easy,nf
cntrQ_245,27.44,24.93,10.2,true,WHAT_Qn,Easy,EEH,easy,nf
cntrQ_246,46.74,43.35,18.81,true,WHAT_Qn,Easy,EME,easy,nf
cntrQ_247,38.2,34.69,52.52,false,WHAT_Qn,Easy,EMM,easy,nf
cntrQ_248,78.8,77.48,29.47,false,WHAT_Qn,Easy,EMH,easy,nf
cntrQ_249,21.53,34.69,21.39,false,WHAT_Qn,Easy,EHE,easy,nf
cntrQ_250,56.12,56.13,6.47,false,WHAT_Qn,Easy,EHM,easy,nf
cntrQ_251,39.59,27.34,12.07,true,WHAT_Qn,Easy,EHH,easy,nf
cntrQ_252,34.31,42.6,6.36,true,WHAT_Qn,Easy,EEE,easy,nf
cntrQ_253,15.46,15.52,27.54,true,WHAT_Qn,Easy,EEM,medium,nf
cntrQ_254,21.73,24.93,11.95,false,WHAT_Qn,Easy,EEH,medium,nf
cntrQ_255,41.62,43.35,25.41,true,WHAT_Qn,Easy,EME,medium,nf
cntrQ_256,36.73,34.69,18.99,true,WHAT_Qn,Easy,EMM,medium,nf
cntrQ_257,76.5,77.48,21.05,true,WHAT_Qn,Easy,EMH,medium,nf
cntrQ_258,26.05,34.69,17.91,true,WHAT_Qn,Easy,EHE,medium,nf
cntrQ_259,56.35,56.13,15.85,true,WHAT_Qn,Easy,EHM,medium,nf
cntrQ_260,24.71,27.34,20.74,false,WHAT_Qn,Easy,EHH,medium,nf
cntrQ_261,39.99,42.6,29.09,true,WHAT_Qn,Easy,EEE,medium,nf
cntrQ_262,18.04,15.52,34.73,true,WHAT_Qn,Easy,EEM,hard,nf
cntrQ_263,27.81,24.93,26.53,true,WHAT_Qn,Easy,EEH,hard,nf
cntrQ_264,43.46,43.35,15.84,false,WHAT_Qn,Easy,EME,hard,nf
cntrQ_265,27.68,34.69,20.77,false,WHAT_Qn,Easy,EMM,hard,nf
cntrQ_266,75.14,77.48,21.31,true,WHAT_Qn,Easy,EMH,hard,nf
cntrQ_267,25.26,34.69,20.32,false,WHAT_Qn,Easy,EHE,hard,nf
cntrQ_268,53.24,56.13,16.5,true,WHAT_Qn,Easy,EHM,hard,nf
cntrQ_269,26.86,27.34,18.88,true,WHAT_Qn,Easy,EHH,hard,nf
cntrQ_270,44.65,42.6,24.84,false,WHAT_Qn,Easy,EEE,hard,nf
cntrQ_271,34.04,84.16,34.04,true,WHAT_Ql,Easy,EEM,easy,nf
cntrQ_272,8.13,18.69,23.98,true,WHAT_Ql,Easy,EEH,easy,nf
cntrQ_273,4.52,15.02,22.42,false,WHAT_Ql,Easy,MEE,easy,nf
cntrQ_274,16.75,54.18,23.09,true,WHAT_Ql,Easy,MEM,easy,nf
cntrQ_275,4.73,15.47,16.87,false,WHAT_Ql,Easy,MEH,easy,nf
cntrQ_276,12.74,33.52,40.39,false,WHAT_Ql,Easy,HEE,easy,nf
cntrQ_277,0,3.7,52.54,true,WHAT_Ql,Easy,HEM,easy,nf
cntrQ_278,13.27,51.6,23.55,false,WHAT_Ql,Easy,HEH,easy,nf
cntrQ_279,22.42,78.73,22.42,true,WHAT_Ql,Easy,EEE,easy,nf
cntrQ_280,21.74,84.16,22.69,true,WHAT_Ql,Easy,EEM,medium,nf
cntrQ_281,5.69,18.69,38.61,false,WHAT_Ql,Easy,EEH,medium,nf
cntrQ_282,2.88,15.02,19.95,true,WHAT_Ql,Easy,MEE,medium,nf
cntrQ_283,16.57,54.18,38.54,false,WHAT_Ql,Easy,MEM,medium,nf
cntrQ_284,4.6,15.47,22.12,true,WHAT_Ql,Easy,MEH,medium,nf
cntrQ_285,5.49,33.52,20.19,false,WHAT_Ql,Easy,HEE,medium,nf
cntrQ_286,0,3.7,29.62,true,WHAT_Ql,Easy,HEM,medium,nf
cntrQ_287,14.13,51.6,48.6,true,WHAT_Ql,Easy,HEH,medium,nf
cntrQ_288,21.49,78.73,21.49,true,WHAT_Ql,Easy,EEE,medium,nf
cntrQ_289,7.32,84.16,13.71,true,WHAT_Ql,Easy,EEM,hard,nf
cntrQ_290,0,18.69,20.73,true,WHAT_Ql,Easy,EEH,hard,nf
cntrQ_291,9.05,15.02,25.51,false,WHAT_Ql,Easy,MEE,hard,nf
cntrQ_292,19.73,54.18,33.33,false,WHAT_Ql,Easy,MEM,hard,nf
cntrQ_293,4.47,15.47,26.98,true,WHAT_Ql,Easy,MEH,hard,nf
cntrQ_294,5.88,33.52,27.25,true,WHAT_Ql,Easy,HEE,hard,nf
cntrQ_295,0,3.7,27.77,true,WHAT_Ql,Easy,HEM,hard,nf
cntrQ_296,6.2,51.6,18.2,true,WHAT_Ql,Easy,HEH,hard,nf
cntrQ_297,13.55,78.73,20.09,true,WHAT_Ql,Easy,EEE,hard,nf
cntrQ_298,14.84,16.08,24.17,true,WHERE,Easy,EME,easy,nf
cntrQ_299,21.2,14.86,40.21,false,WHERE,Easy,EHE,easy,nf
cntrQ_300,23.43,16.02,14.39,true,WHERE,Easy,MEE,easy,nf
cntrQ_301,22.14,20.1,8.55,false,WHERE,Easy,MME,easy,nf
cntrQ_302,24.55,18.79,39.28,false,WHERE,Easy,MHE,easy,nf
cntrQ_303,22.82,19.96,12.29,false,WHERE,Easy,HEE,easy,nf
cntrQ_304,9.61,15.73,11.03,true,WHERE,Easy,HME,easy,nf
cntrQ_305,14.58,18.52,14.46,false,WHERE,Easy,HHE,easy,nf
cntrQ_306,12.11,15.53,19.75,true,WHERE,Easy,EEE,easy,nf
cntrQ_307,11.47,16.08,21.85,true,WHERE,Easy,EME,medium,nf
cntrQ_308,13.84,14.86,51.74,false,WHERE,Easy,EHE,medium,nf
cntrQ_309,15.57,16.02,33.76,true,WHERE,Easy,MEE,medium,nf
cntrQ_310,17.93,20.1,25.13,true,WHERE,Easy,MME,medium,nf
cntrQ_311,21.62,18.79,47.32,false,WHERE,Easy,MHE,medium,nf
cntrQ_312,17.67,19.96,15.02,false,WHERE,Easy,HEE,medium,nf
cntrQ_313,14.03,15.73,24.08,true,WHERE,Easy,HME,medium,nf
cntrQ_314,16.62,18.52,17.61,true,WHERE,Easy,HHE,medium,nf
cntrQ_315,15.41,15.53,22.49,true,WHERE,Easy,EEE,medium,nf
cntrQ_316,17.28,16.08,34.43,true,WHERE,Easy,EME,hard,nf
cntrQ_317,15.01,14.86,25.2,true,WHERE,Easy,EHE,hard,nf
cntrQ_318,18.34,16.02,25.39,true,WHERE,Easy,MEE,hard,nf
cntrQ_319,21.72,20.1,20.05,true,WHERE,Easy,MME,hard,nf
cntrQ_320,20.84,18.79,26.48,false,WHERE,Easy,MHE,hard,nf
cntrQ_321,21.56,19.96,18.85,true,WHERE,Easy,HEE,hard,nf
cntrQ_322,18.39,15.73,18.72,true,WHERE,Easy,HME,hard,nf
cntrQ_323,20.9,18.52,20.12,true,WHERE,Easy,HHE,hard,nf
cntrQ_324,17.35,15.53,18.54,false,WHERE,Easy,EEE,hard,nf
cntrQ_325,53.31,44.19,11.11,true,WHAT_Qn,Medium,MEM,easy,nf
cntrQ_326,46.92,37.06,40.28,true,WHAT_Qn,Medium,MEH,easy,nf
cntrQ_327,14.85,23.96,9.86,false,WHAT_Qn,Medium,MME,easy,nf
cntrQ_328,57.34,64.01,38.66,false,WHAT_Qn,Medium,MMM,easy,nf
cntrQ_329,48.06,36.42,12.68,false,WHAT_Qn,Medium,MMH,easy,nf
cntrQ_330,48.1,44.19,34.42,false,WHAT_Qn,Medium,MHE,easy,nf
cntrQ_331,82.47,77.48,18.11,true,WHAT_Qn,Medium,MHM,easy,nf
cntrQ_332,63.46,56.13,35.02,false,WHAT_Qn,Medium,MHH,easy,nf
cntrQ_333,70.37,64.01,20.36,false,WHAT_Qn,Medium,MEE,easy,nf
cntrQ_334,33.95,44.19,19.68,false,WHAT_Qn,Medium,MEM,medium,nf
cntrQ_335,38.96,37.06,59.19,true,WHAT_Qn,Medium,MEH,medium,nf
cntrQ_336,25.29,23.96,21.06,false,WHAT_Qn,Medium,MME,medium,nf
cntrQ_337,69.77,64.01,25,true,WHAT_Qn,Medium,MMM,medium,nf
cntrQ_338,41.38,36.42,42.93,false,WHAT_Qn,Medium,MMH,medium,nf
cntrQ_339,41.13,44.19,27,false,WHAT_Qn,Medium,MHE,medium,nf
cntrQ_340,82.74,77.48,28.03,true,WHAT_Qn,Medium,MHM,medium,nf
cntrQ_341,60.25,56.13,34.61,true,WHAT_Qn,Medium,MHH,medium,nf
cntrQ_342,69.87,64.01,36.55,false,WHAT_Qn,Medium,MEE,medium,nf
cntrQ_343,40.03,44.19,23.8,false,WHAT_Qn,Medium,MEM,hard,nf
cntrQ_344,34.08,37.06,23.64,true,WHAT_Qn,Medium,MEH,hard,nf
cntrQ_345,27.49,23.96,20,false,WHAT_Qn,Medium,MME,hard,nf
cntrQ_346,66.73,64.01,26.16,true,WHAT_Qn,Medium,MMM,hard,nf
cntrQ_347,40.99,36.42,18.73,false,WHAT_Qn,Medium,MMH,hard,nf
cntrQ_348,35.66,44.19,17.5,false,WHAT_Qn,Medium,MHE,hard,nf
cntrQ_349,71.37,77.48,17.61,true,WHAT_Qn,Medium,MHM,hard,nf
cntrQ_350,56.99,56.13,34.81,true,WHAT_Qn,Medium,MHH,hard,nf
cntrQ_351,63.34,64.01,23.75,true,WHAT_Qn,Medium,MEE,hard,nf
cntrQ_352,36.23,56.7,40,true,WHAT_Ql,Medium,EMM,easy,nf
cntrQ_353,3.47,24.51,31.46,false,WHAT_Ql,Medium,EMH,easy,nf
cntrQ_354,21.99,84.85,22.4,true,WHAT_Ql,Medium,MME,easy,nf
cntrQ_355,1.77,15.58,18.14,true,WHAT_Ql,Medium,MMM,easy,nf
cntrQ_356,25.92,78.8,34.36,false,WHAT_Ql,Medium,MMH,easy,nf
cntrQ_357,47.32,72.51,53.18,false,WHAT_Ql,Medium,HME,easy,nf
cntrQ_358,14.22,65.24,27.64,true,WHAT_Ql,Medium,HMM,easy,nf
cntrQ_359,34.02,81.18,38.91,false,WHAT_Ql,Medium,HMH,easy,nf
cntrQ_360,1.9,46.04,22.07,false,WHAT_Ql,Medium,EME,easy,nf
cntrQ_361,20.47,56.7,50.11,false,WHAT_Ql,Medium,EMM,medium,nf
cntrQ_362,6.94,24.51,16.98,false,WHAT_Ql,Medium,EMH,medium,nf
cntrQ_363,35.26,83.6,44.39,false,WHAT_Ql,Medium,MME,medium,nf
cntrQ_364,1.18,15.58,18.34,true,WHAT_Ql,Medium,MMM,medium,nf
cntrQ_365,11.52,78.8,17.9,false,WHAT_Ql,Medium,MMH,medium,nf
cntrQ_366,11.7,72.51,11.7,true,WHAT_Ql,Medium,HME,medium,nf
cntrQ_367,7.11,65.24,11.17,false,WHAT_Ql,Medium,HMM,medium,nf
cntrQ_368,9.53,81.18,16.49,false,WHAT_Ql,Medium,HMH,medium,nf
cntrQ_369,3.54,46.04,10.35,false,WHAT_Ql,Medium,EME,medium,nf
cntrQ_370,13.64,56.7,24,false,WHAT_Ql,Medium,EMM,hard,nf
cntrQ_371,7.72,24.51,18.14,false,WHAT_Ql,Medium,EMH,hard,nf
cntrQ_372,19.08,81.12,24.48,false,WHAT_Ql,Medium,MME,hard,nf
cntrQ_373,9.27,15.58,22.28,false,WHAT_Ql,Medium,MMM,hard,nf
cntrQ_374,18.72,78.8,30.65,false,WHAT_Ql,Medium,MMH,hard,nf
cntrQ_375,11.7,72.51,18.06,true,WHAT_Ql,Medium,HME,hard,nf
cntrQ_376,10.36,65.24,33.94,false,WHAT_Ql,Medium,HMM,hard,nf
cntrQ_377,17.26,81.18,21.13,true,WHAT_Ql,Medium,HMH,hard,nf
cntrQ_378,14.44,46.04,32.15,false,WHAT_Ql,Medium,EME,hard,nf
cntrQ_379,41.24,27.25,13.69,true,WHERE,Medium,EMM,easy,nf
cntrQ_380,16.94,26.37,25.32,true,WHERE,Medium,EHM,easy,nf
cntrQ_381,19.25,35.19,33.75,true,WHERE,Medium,MEM,easy,nf
cntrQ_382,66.99,38.08,6.99,true,WHERE,Medium,MMM,easy,nf
cntrQ_383,38.56,34.01,31.34,false,WHERE,Medium,MHM,easy,nf
cntrQ_384,32.06,27.83,23.21,false,WHERE,Medium,HEM,easy,nf
cntrQ_385,37.15,38.25,32.09,true,WHERE,Medium,HMM,easy,nf
cntrQ_386,25.24,52.22,31.25,true,WHERE,Medium,HHM,easy,nf
cntrQ_387,36.12,21.15,8.1,false,WHERE,Medium,EEM,easy,nf
cntrQ_388,28.99,27.25,25.59,false,WHERE,Medium,EMM,medium,nf
cntrQ_389,21.19,26.37,30.51,false,WHERE,Medium,EHM,medium,nf
cntrQ_390,32.22,35.19,34.39,true,WHERE,Medium,MEM,medium,nf
cntrQ_391,28.87,38.08,15.74,true,WHERE,Medium,MMM,medium,nf
cntrQ_392,31.1,34.01,42.03,false,WHERE,Medium,MHM,medium,nf
cntrQ_393,28.16,27.83,26.48,false,WHERE,Medium,HEM,medium,nf
cntrQ_394,51.94,38.25,50.61,true,WHERE,Medium,HMM,medium,nf
cntrQ_395,41.46,52.22,46.73,false,WHERE,Medium,HHM,medium,nf
cntrQ_396,21.62,21.15,15.01,true,WHERE,Medium,EEM,medium,nf
cntrQ_397,23.94,27.25,23.21,false,WHERE,Medium,EMM,hard,nf
cntrQ_398,32.89,26.37,25.32,true,WHERE,Medium,EHM,hard,nf
cntrQ_399,31.4,35.19,52.54,false,WHERE,Medium,MEM,hard,nf
cntrQ_400,24.52,38.08,19.24,false,WHERE,Medium,MMM,hard,nf
cntrQ_401,37.07,34.01,46.01,false,WHERE,Medium,MHM,hard,nf
cntrQ_402,23.39,27.83,36.01,false,WHERE,Medium,HEM,hard,nf
cntrQ_403,43.46,38.25,21.29,true,WHERE,Medium,HMM,hard,nf
cntrQ_404,67.24,52.22,21.46,true,WHERE,Medium,HHM,hard,nf
cntrQ_405,25.72,21.15,27.32,false,WHERE,Medium,EEM,hard,nf
cntrQ_406,52.31,43.3,11.86,false,WHAT_Qn,Hard,HEM,easy,nf
cntrQ_407,42.3,46.62,43.01,false,WHAT_Qn,Hard,HEH,easy,nf
cntrQ_408,62.37,64.93,38.33,false,WHAT_Qn,Hard,HME,easy,nf
cntrQ_409,53.59,43.31,15.38,false,WHAT_Qn,Hard,HMM,easy,nf
cntrQ_410,21.11,23.06,42.9,false,WHAT_Qn,Hard,HMH,easy,nf
cntrQ_411,71.95,64.92,13.47,true,WHAT_Qn,Hard,HHE,easy,nf
cntrQ_412,32.46,27.05,49.86,false,WHAT_Qn,Hard,HHM,easy,nf
cntrQ_413,50.75,56.78,42.4,true,WHAT_Qn,Hard,HHH,easy,nf
cntrQ_414,76.19,76.69,23.97,true,WHAT_Qn,Hard,HEE,easy,nf
cntrQ_415,42.79,43.3,24.62,true,WHAT_Qn,Hard,HEM,medium,nf
cntrQ_416,39.2,46.62,29.91,true,WHAT_Qn,Hard,HEH,medium,nf
cntrQ_417,63.71,64.93,44,false,WHAT_Qn,Hard,HME,medium,nf
cntrQ_418,38.93,43.31,50.15,false,WHAT_Qn,Hard,HMM,medium,nf
cntrQ_419,23.06,23.06,29.37,true,WHAT_Qn,Hard,HMH,medium,nf
cntrQ_420,70.92,64.92,35.42,true,WHAT_Qn,Hard,HHE,medium,nf
cntrQ_421,27.45,27.05,16.8,true,WHAT_Qn,Hard,HHM,medium,nf
cntrQ_422,58.29,56.78,29.31,false,WHAT_Qn,Hard,HHH,medium,nf
cntrQ_423,81.47,76.69,32.42,true,WHAT_Qn,Hard,HEE,medium,nf
cntrQ_424,36.22,43.3,24.03,false,WHAT_Qn,Hard,HEM,hard,nf
cntrQ_425,39.54,46.62,25.64,false,WHAT_Qn,Hard,HEH,hard,nf
cntrQ_426,62.68,64.93,35,false,WHAT_Qn,Hard,HME,hard,nf
cntrQ_427,34.86,43.31,20.3,false,WHAT_Qn,Hard,HMM,hard,nf
cntrQ_428,29.44,23.06,16.83,true,WHAT_Qn,Hard,HMH,hard,nf
cntrQ_429,55.79,64.92,13.79,true,WHAT_Qn,Hard,HHE,hard,nf
cntrQ_430,17.92,27.05,17.07,true,WHAT_Qn,Hard,HHM,hard,nf
cntrQ_431,52.46,56.78,16.75,false,WHAT_Qn,Hard,HHH,hard,nf
cntrQ_432,73.21,76.69,16.62,true,WHAT_Qn,Hard,HEE,hard,nf
cntrQ_433,1.66,33.47,42.61,true,WHAT_Ql,Hard,EHM,easy,nf
cntrQ_434,0.23,21.44,9.79,true,WHAT_Ql,Hard,EHH,easy,nf
cntrQ_435,15.04,58.62,25.22,false,WHAT_Ql,Hard,MHE,easy,nf
cntrQ_436,3.14,44.15,6.63,false,WHAT_Ql,Hard,MHM,easy,nf
cntrQ_437,39.87,65.7,51.67,true,WHAT_Ql,Hard,MHH,easy,nf
cntrQ_438,9.32,19.81,37.06,true,WHAT_Ql,Hard,HHE,easy,nf
cntrQ_439,11.66,28.33,33.03,false,WHAT_Ql,Hard,HHM,easy,nf
cntrQ_440,10.94,21.24,47.63,false,WHAT_Ql,Hard,HHH,easy,nf
cntrQ_441,7.61,71.6,9.05,true,WHAT_Ql,Hard,EHE,easy,nf
cntrQ_442,8.73,33.47,54.05,true,WHAT_Ql,Hard,EHM,medium,nf
cntrQ_443,4.19,21.44,25.17,true,WHAT_Ql,Hard,EHH,medium,nf
cntrQ_444,22.78,58.62,37.61,false,WHAT_Ql,Hard,MHE,medium,nf
cntrQ_445,10.47,44.15,17.8,true,WHAT_Ql,Hard,MHM,medium,nf
cntrQ_446,20.89,65.7,26.15,true,WHAT_Ql,Hard,MHH,medium,nf
cntrQ_447,4.89,19.81,25.4,true,WHAT_Ql,Hard,HHE,medium,nf
cntrQ_448,6.36,28.33,15.9,false,WHAT_Ql,Hard,HHM,medium,nf
cntrQ_449,13.51,21.24,47.42,false,WHAT_Ql,Hard,HHH,medium,nf
cntrQ_450,16.46,71.6,24.69,true,WHAT_Ql,Hard,EHE,medium,nf
cntrQ_451,6.86,33.47,26.19,true,WHAT_Ql,Hard,EHM,hard,nf
cntrQ_452,5.12,21.44,17.71,true,WHAT_Ql,Hard,EHH,hard,nf
cntrQ_453,8.84,58.62,15.04,false,WHAT_Ql,Hard,MHE,hard,nf
cntrQ_454,6.98,44.15,21.11,false,WHAT_Ql,Hard,MHM,hard,nf
cntrQ_455,14.35,65.7,26.79,true,WHAT_Ql,Hard,MHH,hard,nf
cntrQ_456,10.02,19.81,30.06,true,WHAT_Ql,Hard,HHE,hard,nf
cntrQ_457,8.03,28.33,23.18,false,WHAT_Ql,Hard,HHM,hard,nf
cntrQ_458,1.93,21.24,13.73,true,WHAT_Ql,Hard,HHH,hard,nf
cntrQ_459,20.98,71.6,36,true,WHAT_Ql,Hard,EHE,hard,nf
cntrQ_460,50.03,39.08,7.65,true,WHERE,Hard,EMH,easy,nf
cntrQ_461,28.71,28.05,26.7,true,WHERE,Hard,EHH,easy,nf
cntrQ_462,28.47,24.71,26.31,false,WHERE,Hard,MEH,easy,nf
cntrQ_463,27.33,31.26,38.15,false,WHERE,Hard,MMH,easy,nf
cntrQ_464,83.95,44.37,21.29,false,WHERE,Hard,MHH,easy,nf
cntrQ_465,45.54,37.7,15.14,true,WHERE,Hard,HEH,easy,nf
cntrQ_466,32.78,24.89,26.82,true,WHERE,Hard,HMH,easy,nf
cntrQ_467,28.76,25.28,21.52,false,WHERE,Hard,HHH,easy,nf
cntrQ_468,28.23,35.45,28.36,true,WHERE,Hard,EEH,easy,nf
cntrQ_469,40.97,39.08,17.15,true,WHERE,Hard,EMH,medium,nf
cntrQ_470,25.93,28.05,40.99,true,WHERE,Hard,EHH,medium,nf
cntrQ_471,24.99,24.71,37.71,false,WHERE,Hard,MEH,medium,nf
cntrQ_472,28.66,31.26,30.63,true,WHERE,Hard,MMH,medium,nf
cntrQ_473,69.16,44.37,24.34,true,WHERE,Hard,MHH,medium,nf
cntrQ_474,37.16,37.7,30.85,false,WHERE,Hard,HEH,medium,nf
cntrQ_475,19.38,24.89,44.03,true,WHERE,Hard,HMH,medium,nf
cntrQ_476,26.75,25.28,22.3,false,WHERE,Hard,HHH,medium,nf
cntrQ_477,36.38,35.45,18.42,true,WHERE,Hard,EEH,medium,nf
cntrQ_478,39.61,39.08,17.94,false,WHERE,Hard,EMH,hard,nf
cntrQ_479,30.07,28.05,20.8,false,WHERE,Hard,EHH,hard,nf
cntrQ_480,21.94,24.71,13.5,true,WHERE,Hard,MEH,hard,nf
cntrQ_481,25.72,31.26,22.54,true,WHERE,Hard,MMH,hard,nf
cntrQ_482,42.81,44.37,21.9,true,WHERE,Hard,MHH,hard,nf
cntrQ_483,36.49,37.7,22.85,false,WHERE,Hard,HEH,hard,nf
cntrQ_484,20.8,24.89,27.81,false,WHERE,Hard,HMH,hard,nf
cntrQ_485,26.2,25.28,16.53,true,WHERE,Hard,HHH,hard,nf
cntrQ_486,35.05,35.45,21.92,false,WHERE,Hard,EEH,hard,nf
cntrQ_1,19.71,15.52,16.76,false,WHAT_Qn,Easy,EEM,easy,f
cntrQ_2,27.17,24.93,30.9,true,WHAT_Qn,Easy,EEH,easy,f
cntrQ_3,42.89,43.35,46.53,true,WHAT_Qn,Easy,EME,easy,f
cntrQ_4,38.98,34.69,15.13,false,WHAT_Qn,Easy,EMM,easy,f
cntrQ_5,84.11,77.48,28.42,true,WHAT_Qn,Easy,EMH,easy,f
cntrQ_6,32.22,34.69,37.7,true,WHAT_Qn,Easy,EHE,easy,f
cntrQ_7,59.27,56.13,52.75,false,WHAT_Qn,Easy,EHM,easy,f
cntrQ_8,18.77,27.34,20.12,true,WHAT_Qn,Easy,EHH,easy,f
cntrQ_9,32.5,42.6,24.24,true,WHAT_Qn,Easy,EEE,easy,f
cntrQ_10,14.99,15.52,37.12,true,WHAT_Qn,Easy,EEM,medium,f
cntrQ_11,25.9,24.93,41.69,false,WHAT_Qn,Easy,EEH,medium,f
cntrQ_12,46.22,43.35,37.62,true,WHAT_Qn,Easy,EME,medium,f
cntrQ_13,37.51,34.69,36.49,true,WHAT_Qn,Easy,EMM,medium,f
cntrQ_14,80.48,77.48,24.47,false,WHAT_Qn,Easy,EMH,medium,f
cntrQ_15,34.1,34.69,47.59,true,WHAT_Qn,Easy,EHE,medium,f
cntrQ_16,60.36,56.13,23.62,true,WHAT_Qn,Easy,EHM,medium,f
cntrQ_17,28.04,27.34,10.83,true,WHAT_Qn,Easy,EHH,medium,f
cntrQ_18,35.07,42.6,25.15,true,WHAT_Qn,Easy,EEE,medium,f
cntrQ_19,15.84,15.52,20.05,true,WHAT_Qn,Easy,EEM,hard,f
cntrQ_20,26.92,24.93,16.61,false,WHAT_Qn,Easy,EEH,hard,f
cntrQ_21,43.21,43.35,24.42,false,WHAT_Qn,Easy,EME,hard,f
cntrQ_22,43.17,34.69,25.22,false,WHAT_Qn,Easy,EMM,hard,f
cntrQ_23,73.06,77.48,27.36,true,WHAT_Qn,Easy,EMH,hard,f
cntrQ_24,32.38,34.69,24.06,false,WHAT_Qn,Easy,EHE,hard,f
cntrQ_25,59.54,56.13,22.97,true,WHAT_Qn,Easy,EHM,hard,f
cntrQ_26,28.69,27.34,28.48,true,WHAT_Qn,Easy,EHH,hard,f
cntrQ_27,48.96,42.6,34.84,false,WHAT_Qn,Easy,EEE,hard,f
cntrQ_28,37.11,84.16,37.11,true,WHAT_Ql,Easy,EEM,easy,f
cntrQ_29,5.69,18.69,43.69,true,WHAT_Ql,Easy,EEH,easy,f
cntrQ_30,13.16,15.02,41.56,false,WHAT_Ql,Easy,MEE,easy,f
cntrQ_31,15.45,54.18,21.41,true,WHAT_Ql,Easy,MEM,easy,f
cntrQ_32,3.7,15.47,52.42,true,WHAT_Ql,Easy,MEH,easy,f
cntrQ_33,0,33.52,19.21,true,WHAT_Ql,Easy,HEE,easy,f
cntrQ_34,1.15,3.7,56.48,true,WHAT_Ql,Easy,HEM,easy,f
cntrQ_35,12.84,51.6,22.26,false,WHAT_Ql,Easy,HEH,easy,f
cntrQ_36,12.85,78.73,34.11,false,WHAT_Ql,Easy,EEE,easy,f
cntrQ_37,14.89,84.16,14.89,true,WHAT_Ql,Easy,EEM,medium,f
cntrQ_38,0,18.69,11.78,true,WHAT_Ql,Easy,EEH,medium,f
cntrQ_39,2.46,15.02,20.78,true,WHAT_Ql,Easy,MEE,medium,f
cntrQ_40,9.86,54.18,17.5,false,WHAT_Ql,Easy,MEM,medium,f
cntrQ_41,4.47,15.47,28,false,WHAT_Ql,Easy,MEH,medium,f
cntrQ_42,9.8,33.52,14.9,false,WHAT_Ql,Easy,HEE,medium,f
cntrQ_43,1.15,3.7,23.84,true,WHAT_Ql,Easy,HEM,medium,f
cntrQ_44,23.98,51.6,32.97,true,WHAT_Ql,Easy,HEH,medium,f
cntrQ_45,23.83,78.73,29.2,false,WHAT_Ql,Easy,EEE,medium,f
cntrQ_46,16.31,84.16,22.69,true,WHAT_Ql,Easy,EEM,hard,f
cntrQ_47,14.02,18.69,43.69,false,WHAT_Ql,Easy,EEH,hard,f
cntrQ_48,3.29,15.02,24.69,true,WHAT_Ql,Easy,MEE,hard,f
cntrQ_49,22.53,54.18,29.79,true,WHAT_Ql,Easy,MEM,hard,f
cntrQ_50,0,15.47,22.76,true,WHAT_Ql,Easy,MEH,hard,f
cntrQ_51,8.23,33.52,22.74,false,WHAT_Ql,Easy,HEE,hard,f
cntrQ_52,1.15,3.7,19.21,true,WHAT_Ql,Easy,HEM,hard,f
cntrQ_53,19.91,51.6,30.4,true,WHAT_Ql,Easy,HEH,hard,f
cntrQ_54,8.87,78.73,14.48,true,WHAT_Ql,Easy,EEE,hard,f
cntrQ_55,9.24,16.08,45.03,true,WHERE,Easy,EME,easy,f
cntrQ_56,10.5,14.86,21.44,true,WHERE,Easy,EHE,easy,f
cntrQ_57,13.52,16.02,15.96,true,WHERE,Easy,MEE,easy,f
cntrQ_58,27.15,20.1,41.44,true,WHERE,Easy,MME,easy,f
cntrQ_59,17.84,18.79,5.95,false,WHERE,Easy,MHE,easy,f
cntrQ_60,17.7,19.96,22.4,false,WHERE,Easy,HEE,easy,f
cntrQ_61,11.1,15.73,17.72,false,WHERE,Easy,HME,easy,f
cntrQ_62,16.68,18.52,41.5,true,WHERE,Easy,HHE,easy,f
cntrQ_63,13.58,15.53,12.76,false,WHERE,Easy,EEE,easy,f
cntrQ_64,11.98,16.08,38.74,true,WHERE,Easy,EME,medium,f
cntrQ_65,13.56,14.86,20.91,true,WHERE,Easy,EHE,medium,f
cntrQ_66,17.25,16.02,19.37,true,WHERE,Easy,MEE,medium,f
cntrQ_67,17.18,20.1,20.58,false,WHERE,Easy,MME,medium,f
cntrQ_68,18.48,18.79,23.51,true,WHERE,Easy,MHE,medium,f
cntrQ_69,17.87,19.96,18.85,true,WHERE,Easy,HEE,medium,f
cntrQ_70,13.48,15.73,30.1,true,WHERE,Easy,HME,medium,f
cntrQ_71,18.49,18.52,33.33,true,WHERE,Easy,HHE,medium,f
cntrQ_72,16.47,15.53,14.58,true,WHERE,Easy,EEE,medium,f
cntrQ_73,18.97,16.08,23.17,true,WHERE,Easy,EME,hard,f
cntrQ_74,17.83,14.86,20.64,false,WHERE,Easy,EHE,hard,f
cntrQ_75,16.16,16.02,47.12,true,WHERE,Easy,MEE,hard,f
cntrQ_76,19.61,20.1,25.4,true,WHERE,Easy,MME,hard,f
cntrQ_77,15.97,18.79,46.13,false,WHERE,Easy,MHE,hard,f
cntrQ_78,21.53,19.96,33.6,false,WHERE,Easy,HEE,hard,f
cntrQ_79,19.38,15.73,24.08,false,WHERE,Easy,HME,hard,f
cntrQ_80,15.82,18.52,38.36,true,WHERE,Easy,HHE,hard,f
cntrQ_81,16.3,15.53,21.88,true,WHERE,Easy,EEE,hard,f
cntrQ_82,45.97,44.19,49.2,false,WHAT_Qn,Medium,MEM,easy,f
cntrQ_83,39.07,37.06,29.77,true,WHAT_Qn,Medium,MEH,easy,f
cntrQ_84,16.87,23.96,51.2,false,WHAT_Qn,Medium,MME,easy,f
cntrQ_85,69.83,64.01,26.45,true,WHAT_Qn,Medium,MMM,easy,f
cntrQ_86,21.16,36.42,19.3,false,WHAT_Qn,Medium,MMH,easy,f
cntrQ_87,42.56,44.19,28.48,false,WHAT_Qn,Medium,MHE,easy,f
cntrQ_88,68.89,77.48,34.49,false,WHAT_Qn,Medium,MHM,easy,f
cntrQ_89,63.15,56.13,23.88,true,WHAT_Qn,Medium,MHH,easy,f
cntrQ_90,69.1,64.01,10.18,false,WHAT_Qn,Medium,MEE,easy,f
cntrQ_91,48.03,44.19,17.46,true,WHAT_Qn,Medium,MEM,medium,f
cntrQ_92,34.41,37.06,36.42,true,WHAT_Qn,Medium,MEH,medium,f
cntrQ_93,19.83,23.96,27.2,false,WHAT_Qn,Medium,MME,medium,f
cntrQ_94,76.02,64.01,19.76,true,WHAT_Qn,Medium,MMM,medium,f
cntrQ_95,46.67,36.42,34.87,false,WHAT_Qn,Medium,MMH,medium,f
cntrQ_96,45.36,44.19,28.18,false,WHAT_Qn,Medium,MHE,medium,f
cntrQ_97,78.09,77.48,32.25,true,WHAT_Qn,Medium,MHM,medium,f
cntrQ_98,59.64,56.13,22.67,false,WHAT_Qn,Medium,MHH,medium,f
cntrQ_99,68.08,64.01,20.1,true,WHAT_Qn,Medium,MEE,medium,f
cntrQ_100,33.77,44.19,26.98,false,WHAT_Qn,Medium,MEM,hard,f
cntrQ_101,33.55,37.06,38.52,true,WHAT_Qn,Medium,MEH,hard,f
cntrQ_102,20.31,23.96,30.13,false,WHAT_Qn,Medium,MME,hard,f
cntrQ_103,69.29,64.01,26.74,false,WHAT_Qn,Medium,MMM,hard,f
cntrQ_104,29.72,36.42,25.36,false,WHAT_Qn,Medium,MMH,hard,f
cntrQ_105,34.39,44.19,20.77,false,WHAT_Qn,Medium,MHE,hard,f
cntrQ_106,74.9,77.48,19.35,true,WHAT_Qn,Medium,MHM,hard,f
cntrQ_107,53.52,56.13,18.62,true,WHAT_Qn,Medium,MHH,hard,f
cntrQ_108,68.31,64.01,28.72,true,WHAT_Qn,Medium,MEE,hard,f
cntrQ_109,12.47,56.7,20.94,true,WHAT_Ql,Medium,EMM,easy,f
cntrQ_110,5.98,24.51,16.21,false,WHAT_Ql,Medium,EMH,easy,f
cntrQ_111,15.76,80.91,18.87,true,WHAT_Ql,Medium,MME,easy,f
cntrQ_112,5.12,15.58,18.34,false,WHAT_Ql,Medium,MMM,easy,f
cntrQ_113,55.76,78.8,70.16,true,WHAT_Ql,Medium,MMH,easy,f
cntrQ_114,21.11,72.51,33.33,true,WHAT_Ql,Medium,HME,easy,f
cntrQ_115,22.35,65.24,43.69,false,WHAT_Ql,Medium,HMM,easy,f
cntrQ_116,16.49,62.11,22.68,false,WHAT_Ql,Medium,HMH,easy,f
cntrQ_117,16.34,46.04,35.69,true,WHAT_Ql,Medium,EME,easy,f
cntrQ_118,14.35,56.7,23.05,false,WHAT_Ql,Medium,EMM,medium,f
cntrQ_119,2.7,24.51,27.99,true,WHAT_Ql,Medium,EMH,medium,f
cntrQ_120,19.7,84.23,23.65,true,WHAT_Ql,Medium,MME,medium,f
cntrQ_121,4.33,15.58,27.02,true,WHAT_Ql,Medium,MMM,medium,f
cntrQ_122,29.42,78.8,41.76,false,WHAT_Ql,Medium,MMH,medium,f
cntrQ_123,16.28,72.51,18.06,false,WHAT_Ql,Medium,HME,medium,f
cntrQ_124,8.53,65.24,20.32,false,WHAT_Ql,Medium,HMM,medium,f
cntrQ_125,17.26,81.18,26.28,false,WHAT_Ql,Medium,HMH,medium,f
cntrQ_126,4.9,46.04,16.07,false,WHAT_Ql,Medium,EME,medium,f
cntrQ_127,24.94,56.7,28.23,true,WHAT_Ql,Medium,EMM,hard,f
cntrQ_128,10.42,24.51,33.01,false,WHAT_Ql,Medium,EMH,hard,f
cntrQ_129,29.66,84.23,35.26,true,WHAT_Ql,Medium,MME,hard,f
cntrQ_130,9.27,15.58,34.91,false,WHAT_Ql,Medium,MMM,hard,f
cntrQ_131,25.51,78.8,29.83,false,WHAT_Ql,Medium,MMH,hard,f
cntrQ_132,9.92,72.51,24.17,false,WHAT_Ql,Medium,HME,hard,f
cntrQ_133,7.52,65.24,18.08,false,WHAT_Ql,Medium,HMM,hard,f
cntrQ_134,13.14,81.18,17.01,false,WHAT_Ql,Medium,HMH,hard,f
cntrQ_135,8.44,46.04,13.62,false,WHAT_Ql,Medium,EME,hard,f
cntrQ_136,26.11,27.25,13.69,false,WHERE,Medium,EMM,easy,f
cntrQ_137,17.94,26.37,15.25,true,WHERE,Medium,EHM,easy,f
cntrQ_138,9.55,35.19,18.15,true,WHERE,Medium,MEM,easy,f
cntrQ_139,54.87,38.08,30.32,true,WHERE,Medium,MMM,easy,f
cntrQ_140,22.12,34.01,13.43,true,WHERE,Medium,MHM,easy,f
cntrQ_141,15.56,27.83,20.23,true,WHERE,Medium,HEM,easy,f
cntrQ_142,22.35,38.25,18.2,true,WHERE,Medium,HMM,easy,f
cntrQ_143,70.24,52.22,43.2,false,WHERE,Medium,HHM,easy,f
cntrQ_144,31.6,21.15,16.51,true,WHERE,Medium,EEM,easy,f
cntrQ_145,24.45,27.25,17.85,false,WHERE,Medium,EMM,medium,f
cntrQ_146,31.21,26.37,15.58,false,WHERE,Medium,EHM,medium,f
cntrQ_147,37.37,35.19,18.15,false,WHERE,Medium,MEM,medium,f
cntrQ_148,44.86,38.08,46.93,true,WHERE,Medium,MMM,medium,f
cntrQ_149,31.48,34.01,22.88,true,WHERE,Medium,MHM,medium,f
cntrQ_150,33.93,27.83,33.03,true,WHERE,Medium,HEM,medium,f
cntrQ_151,42.27,38.25,27.16,true,WHERE,Medium,HMM,medium,f
cntrQ_152,46.39,52.22,36.95,false,WHERE,Medium,HHM,medium,f
cntrQ_153,16.96,21.15,24.02,true,WHERE,Medium,EEM,medium,f
cntrQ_154,23.59,27.25,18.45,true,WHERE,Medium,EMM,hard,f
cntrQ_155,27.19,26.37,32.14,true,WHERE,Medium,EHM,hard,f
cntrQ_156,32.56,35.19,39.8,false,WHERE,Medium,MEM,hard,f
cntrQ_157,32.93,38.08,36.44,true,WHERE,Medium,MMM,hard,f
cntrQ_158,38.83,34.01,29.35,false,WHERE,Medium,MHM,hard,f
cntrQ_159,31.72,27.83,50.89,true,WHERE,Medium,HEM,hard,f
cntrQ_160,35.14,38.25,46.6,false,WHERE,Medium,HMM,hard,f
cntrQ_161,49.68,52.22,34.51,true,WHERE,Medium,HHM,hard,f
cntrQ_162,19.13,21.15,37.23,false,WHERE,Medium,EEM,hard,f
cntrQ_163,53.37,43.3,16.61,true,WHAT_Qn,Hard,HEM,easy,f
cntrQ_164,44.96,46.62,35.04,false,WHAT_Qn,Hard,HEH,easy,f
cntrQ_165,67.13,64.93,31.33,false,WHAT_Qn,Hard,HME,easy,f
cntrQ_166,49.77,43.31,37.23,false,WHAT_Qn,Hard,HMM,easy,f
cntrQ_167,26.94,23.06,18.81,true,WHAT_Qn,Hard,HMH,easy,f
cntrQ_168,63.95,64.92,11.28,false,WHAT_Qn,Hard,HHE,easy,f
cntrQ_169,42.35,27.05,18.42,false,WHAT_Qn,Hard,HHM,easy,f
cntrQ_170,53.61,56.78,46.07,false,WHAT_Qn,Hard,HHH,easy,f
cntrQ_171,70.53,76.69,19.89,true,WHAT_Qn,Hard,HEE,easy,f
cntrQ_172,44.42,43.3,24.33,true,WHAT_Qn,Hard,HEM,medium,f
cntrQ_173,44.2,46.62,25.92,false,WHAT_Qn,Hard,HEH,medium,f
cntrQ_174,66.14,64.93,33.33,false,WHAT_Qn,Hard,HME,medium,f
cntrQ_175,44.97,43.31,16.3,false,WHAT_Qn,Hard,HMM,medium,f
cntrQ_176,21.67,23.06,22.44,false,WHAT_Qn,Hard,HMH,medium,f
cntrQ_177,68.92,64.92,25.7,true,WHAT_Qn,Hard,HHE,medium,f
cntrQ_178,28.54,27.05,35.23,true,WHAT_Qn,Hard,HHM,medium,f
cntrQ_179,62.02,56.78,19.1,true,WHAT_Qn,Hard,HHH,medium,f
cntrQ_180,77.78,76.69,39.5,true,WHAT_Qn,Hard,HEE,medium,f
cntrQ_181,43.87,43.3,40.94,false,WHAT_Qn,Hard,HEM,hard,f
cntrQ_182,40.8,46.62,20.22,false,WHAT_Qn,Hard,HEH,hard,f
cntrQ_183,63.61,64.93,25.66,false,WHAT_Qn,Hard,HME,hard,f
cntrQ_184,36.24,43.31,23.07,false,WHAT_Qn,Hard,HMM,hard,f
cntrQ_185,25.53,23.06,25.41,true,WHAT_Qn,Hard,HMH,hard,f
cntrQ_186,62.47,64.92,17.55,true,WHAT_Qn,Hard,HHE,hard,f
cntrQ_187,27.04,27.05,28.72,true,WHAT_Qn,Hard,HHM,hard,f
cntrQ_188,54.4,56.78,29.84,false,WHAT_Qn,Hard,HHH,hard,f
cntrQ_189,73.31,76.69,22.34,true,WHAT_Qn,Hard,HEE,hard,f
cntrQ_190,9.35,33.47,53.63,true,WHAT_Ql,Hard,EHM,easy,f
cntrQ_191,10.48,21.44,43.35,false,WHAT_Ql,Hard,EHH,easy,f
cntrQ_192,7.96,58.62,10.84,true,WHAT_Ql,Hard,MHE,easy,f
cntrQ_193,10.99,44.15,19.54,false,WHAT_Ql,Hard,MHM,easy,f
cntrQ_194,16.1,65.7,34.29,false,WHAT_Ql,Hard,MHH,easy,f
cntrQ_195,10.95,19.81,43.12,false,WHAT_Ql,Hard,HHE,easy,f
cntrQ_196,12.87,28.33,36.81,false,WHAT_Ql,Hard,HHM,easy,f
cntrQ_197,7.08,21.24,27.68,false,WHAT_Ql,Hard,HHH,easy,f
cntrQ_198,27.36,71.6,29.62,true,WHAT_Ql,Hard,EHE,easy,f
cntrQ_199,9.56,33.47,28.89,false,WHAT_Ql,Hard,EHM,medium,f
cntrQ_200,9.32,21.44,39.86,true,WHAT_Ql,Hard,EHH,medium,f
cntrQ_201,13.05,58.62,26.1,true,WHAT_Ql,Hard,MHE,medium,f
cntrQ_202,20.06,44.15,33.33,false,WHAT_Ql,Hard,MHM,medium,f
cntrQ_203,33.97,65.7,46.25,true,WHAT_Ql,Hard,MHH,medium,f
cntrQ_204,9.09,19.81,41.25,false,WHAT_Ql,Hard,HHE,medium,f
cntrQ_205,13.03,28.33,31.06,true,WHAT_Ql,Hard,HHM,medium,f
cntrQ_206,3.86,21.24,22.1,true,WHAT_Ql,Hard,HHH,medium,f
cntrQ_207,34.77,71.6,39.71,true,WHAT_Ql,Hard,EHE,medium,f
cntrQ_208,6.23,33.47,19.54,true,WHAT_Ql,Hard,EHM,hard,f
cntrQ_209,4.19,21.44,17.94,true,WHAT_Ql,Hard,EHH,hard,f
cntrQ_210,21.68,58.62,32.3,false,WHAT_Ql,Hard,MHE,hard,f
cntrQ_211,4.18,44.15,15,true,WHAT_Ql,Hard,MHM,hard,f
cntrQ_212,14.35,65.7,19.13,false,WHAT_Ql,Hard,MHH,hard,f
cntrQ_213,6.75,19.81,24.24,false,WHAT_Ql,Hard,HHE,hard,f
cntrQ_214,3.78,28.33,18.33,false,WHAT_Ql,Hard,HHM,hard,f
cntrQ_215,1.93,21.24,15.45,true,WHAT_Ql,Hard,HHH,hard,f
cntrQ_216,9.46,71.6,13.58,true,WHAT_Ql,Hard,EHE,hard,f
cntrQ_217,48.85,39.08,12.4,true,WHERE,Hard,EMH,easy,f
cntrQ_218,22.17,28.05,8.07,false,WHERE,Hard,EHH,easy,f
cntrQ_219,35.51,24.71,26.84,false,WHERE,Hard,MEH,easy,f
cntrQ_220,52.18,31.26,6.35,true,WHERE,Hard,MMH,easy,f
cntrQ_221,41.8,44.37,50.1,false,WHERE,Hard,MHH,easy,f
cntrQ_222,42.4,37.7,23.71,true,WHERE,Hard,HEH,easy,f
cntrQ_223,21.91,24.89,24.17,false,WHERE,Hard,HMH,easy,f
cntrQ_224,31.14,25.28,18.89,false,WHERE,Hard,HHH,easy,f
cntrQ_225,49.78,35.45,27.77,true,WHERE,Hard,EEH,easy,f
cntrQ_226,39.89,39.08,24.27,true,WHERE,Hard,EMH,medium,f
cntrQ_227,25.72,28.05,24.53,false,WHERE,Hard,EHH,medium,f
cntrQ_228,25.06,24.71,23.68,false,WHERE,Hard,MEH,medium,f
cntrQ_229,31.24,31.26,20.52,true,WHERE,Hard,MMH,medium,f
cntrQ_230,31.76,44.37,13.79,true,WHERE,Hard,MHH,medium,f
cntrQ_231,37.33,37.7,28.57,false,WHERE,Hard,HEH,medium,f
cntrQ_232,22.9,24.89,34.76,true,WHERE,Hard,HMH,medium,f
cntrQ_233,25.64,25.28,36.74,true,WHERE,Hard,HHH,medium,f
cntrQ_234,39.52,35.45,30.11,true,WHERE,Hard,EEH,medium,f
cntrQ_235,38.9,39.08,47.49,true,WHERE,Hard,EMH,hard,f
cntrQ_236,28.77,28.05,34.16,true,WHERE,Hard,EHH,hard,f
cntrQ_237,19.06,24.71,26.66,false,WHERE,Hard,MEH,hard,f
cntrQ_238,31.24,31.26,34.97,true,WHERE,Hard,MMH,hard,f
cntrQ_239,30.98,44.37,17.24,true,WHERE,Hard,MHH,hard,f
cntrQ_240,34.78,37.7,31.71,false,WHERE,Hard,HEH,hard,f
cntrQ_241,25.09,24.89,16.22,false,WHERE,Hard,HMH,hard,f
cntrQ_242,30.11,25.28,38.58,false,WHERE,Hard,HHH,hard,f
cntrQ_243,35.05,35.45,21.92,false,WHERE,Hard,EEH,hard,f
